{
"__comment": "Made by (c) Yannik Pipek. Make sure to inform yourself about my therms of use before using any of my work",
"textures": {
    "particle": "items/diamond_shovel",
    "diamond shovel wood": "items/diamond shovel wood",
    "texture": "items/diamond shovel diamond"
},
"elements": [ 
{
    "__comment": "shovel hand hold",
    "from": [ 6.75, 0, 7.75 ],
    "to": [ 9.25, 0.25, 8.25 ],
    "faces": {
        "down":  { "uv": [ 9.25, 8.25, 6.75, 7.75 ], "texture": "#diamond shovel wood" },
        "up":    { "uv": [ 6.75, 7.75, 9.25, 8.25 ], "texture": "#diamond shovel wood" },
        "north": { "uv": [ 6.75, 15.75, 9.25, 16 ], "texture": "#diamond shovel wood" },
        "south": { "uv": [ 6.75, 15.75, 9.25, 16 ], "texture": "#diamond shovel wood" },
        "west":  { "uv": [ 7.75, 15.75, 8.25, 16 ], "texture": "#diamond shovel wood" },
        "east":  { "uv": [ 7.75, 15.75, 8.25, 16 ], "texture": "#diamond shovel wood" }
    }
},
{
    "__comment": "shovel head",
    "from": [ 6.5, 12, 7.75 ],
    "to": [ 7, 12.75, 8 ],
    "faces": {
        "down":  { "uv": [ 9.5, 8, 9, 7.75 ], "texture": "#texture" },
        "up":    { "uv": [ 6.5, 7.75, 7, 8 ], "texture": "#texture" },
        "north": { "uv": [ 9, 3.25, 9.5, 4 ], "texture": "#texture" },
        "south": { "uv": [ 6.5, 3.25, 7, 4 ], "texture": "#texture" },
        "west":  { "uv": [ 7.75, 3.25, 8, 4 ], "texture": "#texture" },
        "east":  { "uv": [ 8, 3.25, 8.25, 4 ], "texture": "#texture" }
    }
},
{
    "__comment": "shovel head",
    "from": [ 6.5, 12.5, 8 ],
    "to": [ 6.75, 13.75, 8.25 ],
    "faces": {
        "down":  { "uv": [ 9.5, 8.25, 9.25, 8 ], "texture": "#texture" },
        "up":    { "uv": [ 6.5, 8, 6.75, 8.25 ], "texture": "#texture" },
        "north": { "uv": [ 9.25, 2.25, 9.5, 3.5 ], "texture": "#texture" },
        "south": { "uv": [ 6.5, 2.25, 6.75, 3.5 ], "texture": "#texture" },
        "west":  { "uv": [ 8, 2.25, 8.25, 3.5 ], "texture": "#texture" },
        "east":  { "uv": [ 7.75, 2.25, 8, 3.5 ], "texture": "#texture" }
    }
},
{
    "__comment": "shovel head",
    "from": [ 6.5, 13.75, 8.25 ],
    "to": [ 6.75, 14.75, 8.5 ],
    "faces": {
        "down":  { "uv": [ 9.5, 8.5, 9.25, 8.25 ], "texture": "#texture" },
        "up":    { "uv": [ 6.5, 8.25, 6.75, 8.5 ], "texture": "#texture" },
        "north": { "uv": [ 9.25, 1.25, 9.5, 2.25 ], "texture": "#texture" },
        "south": { "uv": [ 6.5, 1.25, 6.75, 2.25 ], "texture": "#texture" },
        "west":  { "uv": [ 8.25, 1.25, 8.5, 2.25 ], "texture": "#texture" },
        "east":  { "uv": [ 7.5, 1.25, 7.75, 2.25 ], "texture": "#texture" }
    }
},
{
    "__comment": "shovel hand hold",
    "from": [ 7, 0.25, 7.75 ],
    "to": [ 9, 0.5, 8.25 ],
    "faces": {
        "down":  { "uv": [ 9, 8.25, 7, 7.75 ], "texture": "#diamond shovel wood" },
        "up":    { "uv": [ 7, 7.75, 9, 8.25 ], "texture": "#diamond shovel wood" },
        "north": { "uv": [ 7, 15.5, 9, 15.75 ], "texture": "#diamond shovel wood" },
        "south": { "uv": [ 7, 15.5, 9, 15.75 ], "texture": "#diamond shovel wood" },
        "west":  { "uv": [ 7.75, 15.5, 8.25, 15.75 ], "texture": "#diamond shovel wood" },
        "east":  { "uv": [ 7.75, 15.5, 8.25, 15.75 ], "texture": "#diamond shovel wood" }
    }
},
{
    "__comment": "shovel head",
    "from": [ 6.75, 12.75, 7.75 ],
    "to": [ 9.25, 13.25, 8 ],
    "faces": {
        "down":  { "uv": [ 9.25, 8, 6.75, 7.75 ], "texture": "#texture" },
        "up":    { "uv": [ 6.75, 7.75, 9.25, 8 ], "texture": "#texture" },
        "north": { "uv": [ 6.75, 2.75, 9.25, 3.25 ], "texture": "#texture" },
        "south": { "uv": [ 6.75, 2.75, 9.25, 3.25 ], "texture": "#texture" },
        "west":  { "uv": [ 7.75, 2.75, 8, 3.25 ], "texture": "#texture" },
        "east":  { "uv": [ 8, 2.75, 8.25, 3.25 ], "texture": "#texture" }
    }
},
{
    "__comment": "shovel head",
    "from": [ 6.75, 13, 8 ],
    "to": [ 7, 14.25, 8.25 ],
    "faces": {
        "down":  { "uv": [ 9.25, 8.25, 9, 8 ], "texture": "#texture" },
        "up":    { "uv": [ 6.75, 8, 7, 8.25 ], "texture": "#texture" },
        "north": { "uv": [ 9, 1.75, 9.25, 3 ], "texture": "#texture" },
        "south": { "uv": [ 6.75, 1.75, 7, 3 ], "texture": "#texture" },
        "west":  { "uv": [ 8, 1.75, 8.25, 3 ], "texture": "#texture" },
        "east":  { "uv": [ 7.75, 1.75, 8, 3 ], "texture": "#texture" }
    }
},
{
    "__comment": "shovel head",
    "from": [ 6.75, 14, 8.25 ],
    "to": [ 7, 15.25, 8.5 ],
    "faces": {
        "down":  { "uv": [ 9.25, 8.5, 9, 8.25 ], "texture": "#texture" },
        "up":    { "uv": [ 6.75, 8.25, 7, 8.5 ], "texture": "#texture" },
        "north": { "uv": [ 9, 0.75, 9.25, 2 ], "texture": "#texture" },
        "south": { "uv": [ 6.75, 0.75, 7, 2 ], "texture": "#texture" },
        "west":  { "uv": [ 8.25, 0.75, 8.5, 2 ], "texture": "#texture" },
        "east":  { "uv": [ 7.5, 0.75, 7.75, 2 ], "texture": "#texture" }
    }
},
{
    "__comment": "shovel head",
    "from": [ 7, 11.75, 7.5 ],
    "to": [ 9, 12.5, 7.75 ],
    "faces": {
        "down":  { "uv": [ 9, 7.75, 7, 7.5 ], "texture": "#texture" },
        "up":    { "uv": [ 7, 7.5, 9, 7.75 ], "texture": "#texture" },
        "north": { "uv": [ 7, 3.5, 9, 4.25 ], "texture": "#texture" },
        "south": { "uv": [ 7, 3.5, 9, 4.25 ], "texture": "#texture" },
        "west":  { "uv": [ 7.5, 3.5, 7.75, 4.25 ], "texture": "#texture" },
        "east":  { "uv": [ 8.25, 3.5, 8.5, 4.25 ], "texture": "#texture" }
    }
},
{
    "__comment": "shovel hand hold",
    "from": [ 7, 1, 7.75 ],
    "to": [ 7.25, 2, 8.25 ],
    "faces": {
        "down":  { "uv": [ 9, 8.25, 8.75, 7.75 ], "texture": "#diamond shovel wood" },
        "up":    { "uv": [ 7, 7.75, 7.25, 8.25 ], "texture": "#diamond shovel wood" },
        "north": { "uv": [ 8.75, 14, 9, 15 ], "texture": "#diamond shovel wood" },
        "south": { "uv": [ 7, 14, 7.25, 15 ], "texture": "#diamond shovel wood" },
        "west":  { "uv": [ 7.75, 14, 8.25, 15 ], "texture": "#diamond shovel wood" },
        "east":  { "uv": [ 7.75, 14, 8.25, 15 ], "texture": "#diamond shovel wood" }
    }
},
{
    "__comment": "shovel head",
    "from": [ 7, 12.25, 7.75 ],
    "to": [ 7.25, 12.75, 8 ],
    "faces": {
        "down":  { "uv": [ 9, 8, 8.75, 7.75 ], "texture": "#texture" },
        "up":    { "uv": [ 7, 7.75, 7.25, 8 ], "texture": "#texture" },
        "north": { "uv": [ 8.75, 3.25, 9, 3.75 ], "texture": "#texture" },
        "south": { "uv": [ 7, 3.25, 7.25, 3.75 ], "texture": "#texture" },
        "west":  { "uv": [ 7.75, 3.25, 8, 3.75 ], "texture": "#texture" },
        "east":  { "uv": [ 8, 3.25, 8.25, 3.75 ], "texture": "#texture" }
    }
},
{
    "__comment": "shovel head",
    "from": [ 7, 13.25, 7.75 ],
    "to": [ 7.25, 13.5, 8.25 ],
    "faces": {
        "down":  { "uv": [ 9, 8.25, 8.75, 7.75 ], "texture": "#texture" },
        "up":    { "uv": [ 7, 7.75, 7.25, 8.25 ], "texture": "#texture" },
        "north": { "uv": [ 8.75, 2.5, 9, 2.75 ], "texture": "#texture" },
        "south": { "uv": [ 7, 2.5, 7.25, 2.75 ], "texture": "#texture" },
        "west":  { "uv": [ 7.75, 2.5, 8.25, 2.75 ], "texture": "#texture" },
        "east":  { "uv": [ 7.75, 2.5, 8.25, 2.75 ], "texture": "#texture" }
    }
},
{
    "__comment": "shovel head",
    "from": [ 7, 13.5, 8 ],
    "to": [ 7.25, 14.5, 8.25 ],
    "faces": {
        "down":  { "uv": [ 9, 8.25, 8.75, 8 ], "texture": "#texture" },
        "up":    { "uv": [ 7, 8, 7.25, 8.25 ], "texture": "#texture" },
        "north": { "uv": [ 8.75, 1.5, 9, 2.5 ], "texture": "#texture" },
        "south": { "uv": [ 7, 1.5, 7.25, 2.5 ], "texture": "#texture" },
        "west":  { "uv": [ 8, 1.5, 8.25, 2.5 ], "texture": "#texture" },
        "east":  { "uv": [ 7.75, 1.5, 8, 2.5 ], "texture": "#texture" }
    }
},
{
    "__comment": "shovel head",
    "from": [ 7, 14.5, 8.25 ],
    "to": [ 7.25, 15.75, 8.5 ],
    "faces": {
        "down":  { "uv": [ 9, 8.5, 8.75, 8.25 ], "texture": "#texture" },
        "up":    { "uv": [ 7, 8.25, 7.25, 8.5 ], "texture": "#texture" },
        "north": { "uv": [ 8.75, 0.25, 9, 1.5 ], "texture": "#texture" },
        "south": { "uv": [ 7, 0.25, 7.25, 1.5 ], "texture": "#texture" },
        "west":  { "uv": [ 8.25, 0.25, 8.5, 1.5 ], "texture": "#texture" },
        "east":  { "uv": [ 7.5, 0.25, 7.75, 1.5 ], "texture": "#texture" }
    }
},
{
    "__comment": "shovel head",
    "from": [ 7.25, 12.5, 7.5 ],
    "to": [ 7.5, 12.75, 8 ],
    "faces": {
        "down":  { "uv": [ 8.75, 8, 8.5, 7.5 ], "texture": "#texture" },
        "up":    { "uv": [ 7.25, 7.5, 7.5, 8 ], "texture": "#texture" },
        "north": { "uv": [ 8.5, 3.25, 8.75, 3.5 ], "texture": "#texture" },
        "south": { "uv": [ 7.25, 3.25, 7.5, 3.5 ], "texture": "#texture" },
        "west":  { "uv": [ 7.5, 3.25, 8, 3.5 ], "texture": "#texture" },
        "east":  { "uv": [ 8, 3.25, 8.5, 3.5 ], "texture": "#texture" }
    }
},
{
    "__comment": "shovel hand hold",
    "from": [ 7.25, 1.75, 7.75 ],
    "to": [ 7.5, 2.5, 8.25 ],
    "faces": {
        "down":  { "uv": [ 8.75, 8.25, 8.5, 7.75 ], "texture": "#diamond shovel wood" },
        "up":    { "uv": [ 7.25, 7.75, 7.5, 8.25 ], "texture": "#diamond shovel wood" },
        "north": { "uv": [ 8.5, 13.5, 8.75, 14.25 ], "texture": "#diamond shovel wood" },
        "south": { "uv": [ 7.25, 13.5, 7.5, 14.25 ], "texture": "#diamond shovel wood" },
        "west":  { "uv": [ 7.75, 13.5, 8.25, 14.25 ], "texture": "#diamond shovel wood" },
        "east":  { "uv": [ 7.75, 13.5, 8.25, 14.25 ], "texture": "#diamond shovel wood" }
    }
},
{
    "__comment": "shovel head",
    "from": [ 7.25, 13.25, 7.75 ],
    "to": [ 8.75, 13.75, 8 ],
    "faces": {
        "down":  { "uv": [ 8.75, 8, 7.25, 7.75 ], "texture": "#texture" },
        "up":    { "uv": [ 7.25, 7.75, 8.75, 8 ], "texture": "#texture" },
        "north": { "uv": [ 7.25, 2.25, 8.75, 2.75 ], "texture": "#texture" },
        "south": { "uv": [ 7.25, 2.25, 8.75, 2.75 ], "texture": "#texture" },
        "west":  { "uv": [ 7.75, 2.25, 8, 2.75 ], "texture": "#texture" },
        "east":  { "uv": [ 8, 2.25, 8.25, 2.75 ], "texture": "#texture" }
    }
},
{
    "__comment": "shovel head",
    "from": [ 7.25, 13.75, 8 ],
    "to": [ 7.5, 14.75, 8.25 ],
    "faces": {
        "down":  { "uv": [ 8.75, 8.25, 8.5, 8 ], "texture": "#texture" },
        "up":    { "uv": [ 7.25, 8, 7.5, 8.25 ], "texture": "#texture" },
        "north": { "uv": [ 8.5, 1.25, 8.75, 2.25 ], "texture": "#texture" },
        "south": { "uv": [ 7.25, 1.25, 7.5, 2.25 ], "texture": "#texture" },
        "west":  { "uv": [ 8, 1.25, 8.25, 2.25 ], "texture": "#texture" },
        "east":  { "uv": [ 7.75, 1.25, 8, 2.25 ], "texture": "#texture" }
    }
},
{
    "__comment": "shovel head",
    "from": [ 7.25, 14.75, 8.25 ],
    "to": [ 7.5, 15.75, 8.5 ],
    "faces": {
        "down":  { "uv": [ 8.75, 8.5, 8.5, 8.25 ], "texture": "#texture" },
        "up":    { "uv": [ 7.25, 8.25, 7.5, 8.5 ], "texture": "#texture" },
        "north": { "uv": [ 8.5, 0.25, 8.75, 1.25 ], "texture": "#texture" },
        "south": { "uv": [ 7.25, 0.25, 7.5, 1.25 ], "texture": "#texture" },
        "west":  { "uv": [ 8.25, 0.25, 8.5, 1.25 ], "texture": "#texture" },
        "east":  { "uv": [ 7.5, 0.25, 7.75, 1.25 ], "texture": "#texture" }
    }
},
{
    "__comment": "shovel head",
    "from": [ 7.5, 12.5, 7.5 ],
    "to": [ 8.5, 13, 7.75 ],
    "faces": {
        "down":  { "uv": [ 8.5, 7.75, 7.5, 7.5 ], "texture": "#texture" },
        "up":    { "uv": [ 7.5, 7.5, 8.5, 7.75 ], "texture": "#texture" },
        "north": { "uv": [ 7.5, 3, 8.5, 3.5 ], "texture": "#texture" },
        "south": { "uv": [ 7.5, 3, 8.5, 3.5 ], "texture": "#texture" },
        "west":  { "uv": [ 7.5, 3, 7.75, 3.5 ], "texture": "#texture" },
        "east":  { "uv": [ 8.25, 3, 8.5, 3.5 ], "texture": "#texture" }
    }
},
{
    "__comment": "shovel head",
    "from": [ 7.5, 13.75, 7.75 ],
    "to": [ 8.5, 14, 8 ],
    "faces": {
        "down":  { "uv": [ 8.5, 8, 7.5, 7.75 ], "texture": "#texture" },
        "up":    { "uv": [ 7.5, 7.75, 8.5, 8 ], "texture": "#texture" },
        "north": { "uv": [ 7.5, 2, 8.5, 2.25 ], "texture": "#texture" },
        "south": { "uv": [ 7.5, 2, 8.5, 2.25 ], "texture": "#texture" },
        "west":  { "uv": [ 7.75, 2, 8, 2.25 ], "texture": "#texture" },
        "east":  { "uv": [ 8, 2, 8.25, 2.25 ], "texture": "#texture" }
    }
},
{
    "__comment": "shovel head",
    "from": [ 7.5, 14, 8 ],
    "to": [ 8.75, 15, 8.25 ],
    "faces": {
        "down":  { "uv": [ 8.5, 8.25, 7.25, 8 ], "texture": "#texture" },
        "up":    { "uv": [ 7.5, 8, 8.75, 8.25 ], "texture": "#texture" },
        "north": { "uv": [ 7.25, 1, 8.5, 2 ], "texture": "#texture" },
        "south": { "uv": [ 7.5, 1, 8.75, 2 ], "texture": "#texture" },
        "west":  { "uv": [ 8, 1, 8.25, 2 ], "texture": "#texture" },
        "east":  { "uv": [ 7.75, 1, 8, 2 ], "texture": "#texture" }
    }
},
{
    "__comment": "shovel head",
    "from": [ 7.5, 15, 8.25 ],
    "to": [ 7.75, 16, 8.5 ],
    "faces": {
        "down":  { "uv": [ 8.5, 8.5, 8.25, 8.25 ], "texture": "#texture" },
        "up":    { "uv": [ 7.5, 8.25, 7.75, 8.5 ], "texture": "#texture" },
        "north": { "uv": [ 8.25, 0, 8.5, 1 ], "texture": "#texture" },
        "south": { "uv": [ 7.5, 0, 7.75, 1 ], "texture": "#texture" },
        "west":  { "uv": [ 8.25, 0, 8.5, 1 ], "texture": "#texture" },
        "east":  { "uv": [ 7.5, 0, 7.75, 1 ], "texture": "#texture" }
    }
},
{
    "__comment": "shovel hand hold",
    "from": [ 7.75, 11.5, 7.25 ],
    "to": [ 8.25, 12.25, 7.5 ],
    "faces": {
        "down":  { "uv": [ 8.25, 7.5, 7.75, 7.25 ], "texture": "#diamond shovel wood" },
        "up":    { "uv": [ 7.75, 7.25, 8.25, 7.5 ], "texture": "#diamond shovel wood" },
        "north": { "uv": [ 7.75, 3.75, 8.25, 4.5 ], "texture": "#diamond shovel wood" },
        "south": { "uv": [ 7.75, 3.75, 8.25, 4.5 ], "texture": "#diamond shovel wood" },
        "west":  { "uv": [ 7.25, 3.75, 7.5, 4.5 ], "texture": "#diamond shovel wood" },
        "east":  { "uv": [ 8.5, 3.75, 8.75, 4.5 ], "texture": "#diamond shovel wood" }
    }
},
{
    "__comment": "shovel hand hold",
    "from": [ 7.75, 10.5, 7.5 ],
    "to": [ 8.25, 11, 8.25 ],
    "faces": {
        "down":  { "uv": [ 8.25, 8.25, 7.75, 7.5 ], "texture": "#diamond shovel wood" },
        "up":    { "uv": [ 7.75, 7.5, 8.25, 8.25 ], "texture": "#diamond shovel wood" },
        "north": { "uv": [ 7.75, 5, 8.25, 5.5 ], "texture": "#diamond shovel wood" },
        "south": { "uv": [ 7.75, 5, 8.25, 5.5 ], "texture": "#diamond shovel wood" },
        "west":  { "uv": [ 7.5, 5, 8.25, 5.5 ], "texture": "#diamond shovel wood" },
        "east":  { "uv": [ 7.75, 5, 8.5, 5.5 ], "texture": "#diamond shovel wood" }
    }
},
{
    "__comment": "shovel hand hold",
    "from": [ 7.75, 11, 7.5 ],
    "to": [ 8.25, 11.75, 8 ],
    "faces": {
        "down":  { "uv": [ 8.25, 8, 7.75, 7.5 ], "texture": "#diamond shovel wood" },
        "up":    { "uv": [ 7.75, 7.5, 8.25, 8 ], "texture": "#diamond shovel wood" },
        "north": { "uv": [ 7.75, 4.25, 8.25, 5 ], "texture": "#diamond shovel wood" },
        "south": { "uv": [ 7.75, 4.25, 8.25, 5 ], "texture": "#diamond shovel wood" },
        "west":  { "uv": [ 7.5, 4.25, 8, 5 ], "texture": "#diamond shovel wood" },
        "east":  { "uv": [ 8, 4.25, 8.5, 5 ], "texture": "#diamond shovel wood" }
    }
},
{
    "__comment": "shovel hand hold",
    "from": [ 7.75, 2.75, 7.75 ],
    "to": [ 8.25, 10.5, 8.25 ],
    "faces": {
        "down":  { "uv": [ 8.25, 8.25, 7.75, 7.75 ], "texture": "#diamond shovel wood" },
        "up":    { "uv": [ 7.75, 7.75, 8.25, 8.25 ], "texture": "#diamond shovel wood" },
        "north": { "uv": [ 7.75, 5.5, 8.25, 13.25 ], "texture": "#diamond shovel wood" },
        "south": { "uv": [ 7.75, 5.5, 8.25, 13.25 ], "texture": "#diamond shovel wood" },
        "west":  { "uv": [ 7.75, 5.5, 8.25, 13.25 ], "texture": "#diamond shovel wood" },
        "east":  { "uv": [ 7.75, 5.5, 8.25, 13.25 ], "texture": "#diamond shovel wood" }
    }
},
{
    "__comment": "shovel head",
    "from": [ 7.75, 12.25, 7.75 ],
    "to": [ 8.25, 12.75, 8 ],
    "faces": {
        "down":  { "uv": [ 8.25, 8, 7.75, 7.75 ], "texture": "#texture" },
        "up":    { "uv": [ 7.75, 7.75, 8.25, 8 ], "texture": "#texture" },
        "north": { "uv": [ 7.75, 3.25, 8.25, 3.75 ], "texture": "#texture" },
        "south": { "uv": [ 7.75, 3.25, 8.25, 3.75 ], "texture": "#texture" },
        "west":  { "uv": [ 7.75, 3.25, 8, 3.75 ], "texture": "#texture" },
        "east":  { "uv": [ 8, 3.25, 8.25, 3.75 ], "texture": "#texture" }
    }
},
{
    "__comment": "shovel head",
    "from": [ 7.75, 15, 8 ],
    "to": [ 8.25, 15.25, 8.25 ],
    "faces": {
        "down":  { "uv": [ 8.25, 8.25, 7.75, 8 ], "texture": "#texture" },
        "up":    { "uv": [ 7.75, 8, 8.25, 8.25 ], "texture": "#texture" },
        "north": { "uv": [ 7.75, 0.75, 8.25, 1 ], "texture": "#texture" },
        "south": { "uv": [ 7.75, 0.75, 8.25, 1 ], "texture": "#texture" },
        "west":  { "uv": [ 8, 0.75, 8.25, 1 ], "texture": "#texture" },
        "east":  { "uv": [ 7.75, 0.75, 8, 1 ], "texture": "#texture" }
    }
},
{
    "__comment": "shovel hand hold",
    "from": [ 8.25, 2.25, 7.75 ],
    "to": [ 8.5, 3.25, 8.25 ],
    "faces": {
        "down":  { "uv": [ 7.75, 8.25, 7.5, 7.75 ], "texture": "#diamond shovel wood" },
        "up":    { "uv": [ 8.25, 7.75, 8.5, 8.25 ], "texture": "#diamond shovel wood" },
        "north": { "uv": [ 7.5, 12.75, 7.75, 13.75 ], "texture": "#diamond shovel wood" },
        "south": { "uv": [ 8.25, 12.75, 8.5, 13.75 ], "texture": "#diamond shovel wood" },
        "west":  { "uv": [ 7.75, 12.75, 8.25, 13.75 ], "texture": "#diamond shovel wood" },
        "east":  { "uv": [ 7.75, 12.75, 8.25, 13.75 ], "texture": "#diamond shovel wood" }
    }
},
{
    "__comment": "shovel head",
    "from": [ 7.75, 15.25, 8.25 ],
    "to": [ 8.75, 16, 8.5 ],
    "faces": {
        "down":  { "uv": [ 8.25, 8.5, 7.25, 8.25 ], "texture": "#texture" },
        "up":    { "uv": [ 7.75, 8.25, 8.75, 8.5 ], "texture": "#texture" },
        "north": { "uv": [ 7.25, 0, 8.25, 0.75 ], "texture": "#texture" },
        "south": { "uv": [ 7.75, 0, 8.75, 0.75 ], "texture": "#texture" },
        "west":  { "uv": [ 8.25, 0, 8.5, 0.75 ], "texture": "#texture" },
        "east":  { "uv": [ 7.5, 0, 7.75, 0.75 ], "texture": "#texture" }
    }
},
{
    "__comment": "shovel head",
    "from": [ 8.25, 15, 8.25 ],
    "to": [ 9.25, 15.25, 8.5 ],
    "faces": {
        "down":  { "uv": [ 7.75, 8.5, 6.75, 8.25 ], "texture": "#texture" },
        "up":    { "uv": [ 8.25, 8.25, 9.25, 8.5 ], "texture": "#texture" },
        "north": { "uv": [ 6.75, 0.75, 7.75, 1 ], "texture": "#texture" },
        "south": { "uv": [ 8.25, 0.75, 9.25, 1 ], "texture": "#texture" },
        "west":  { "uv": [ 8.25, 0.75, 8.5, 1 ], "texture": "#texture" },
        "east":  { "uv": [ 7.5, 0.75, 7.75, 1 ], "texture": "#texture" }
    }
},
{
    "__comment": "shovel head",
    "from": [ 8.5, 12.5, 7.5 ],
    "to": [ 8.75, 12.75, 8 ],
    "faces": {
        "down":  { "uv": [ 7.5, 8, 7.25, 7.5 ], "texture": "#texture" },
        "up":    { "uv": [ 8.5, 7.5, 8.75, 8 ], "texture": "#texture" },
        "north": { "uv": [ 7.25, 3.25, 7.5, 3.5 ], "texture": "#texture" },
        "south": { "uv": [ 8.5, 3.25, 8.75, 3.5 ], "texture": "#texture" },
        "west":  { "uv": [ 7.5, 3.25, 8, 3.5 ], "texture": "#texture" },
        "east":  { "uv": [ 8, 3.25, 8.5, 3.5 ], "texture": "#texture" }
    }
},
{
    "__comment": "shovel head",
    "from": [ 8.5, 13.75, 8 ],
    "to": [ 9.25, 14, 8.25 ],
    "faces": {
        "down":  { "uv": [ 7.5, 8.25, 6.75, 8 ], "texture": "#texture" },
        "up":    { "uv": [ 8.5, 8, 9.25, 8.25 ], "texture": "#texture" },
        "north": { "uv": [ 6.75, 2, 7.5, 2.25 ], "texture": "#texture" },
        "south": { "uv": [ 8.5, 2, 9.25, 2.25 ], "texture": "#texture" },
        "west":  { "uv": [ 8, 2, 8.25, 2.25 ], "texture": "#texture" },
        "east":  { "uv": [ 7.75, 2, 8, 2.25 ], "texture": "#texture" }
    }
},
{
    "__comment": "shovel head",
    "from": [ 8.5, 14.75, 8.25 ],
    "to": [ 9.25, 15, 8.5 ],
    "faces": {
        "down":  { "uv": [ 7.5, 8.5, 6.75, 8.25 ], "texture": "#texture" },
        "up":    { "uv": [ 8.5, 8.25, 9.25, 8.5 ], "texture": "#texture" },
        "north": { "uv": [ 6.75, 1, 7.5, 1.25 ], "texture": "#texture" },
        "south": { "uv": [ 8.5, 1, 9.25, 1.25 ], "texture": "#texture" },
        "west":  { "uv": [ 8.25, 1, 8.5, 1.25 ], "texture": "#texture" },
        "east":  { "uv": [ 7.5, 1, 7.75, 1.25 ], "texture": "#texture" }
    }
},
{
    "__comment": "shovel head",
    "from": [ 8.75, 12.25, 7.75 ],
    "to": [ 9.5, 12.75, 8 ],
    "faces": {
        "down":  { "uv": [ 7.25, 8, 6.5, 7.75 ], "texture": "#texture" },
        "up":    { "uv": [ 8.75, 7.75, 9.5, 8 ], "texture": "#texture" },
        "north": { "uv": [ 6.5, 3.25, 7.25, 3.75 ], "texture": "#texture" },
        "south": { "uv": [ 8.75, 3.25, 9.5, 3.75 ], "texture": "#texture" },
        "west":  { "uv": [ 7.75, 3.25, 8, 3.75 ], "texture": "#texture" },
        "east":  { "uv": [ 8, 3.25, 8.25, 3.75 ], "texture": "#texture" }
    }
},
{
    "__comment": "shovel head",
    "from": [ 8.75, 13.25, 7.75 ],
    "to": [ 9, 13.5, 8.25 ],
    "faces": {
        "down":  { "uv": [ 7.25, 8.25, 7, 7.75 ], "texture": "#texture" },
        "up":    { "uv": [ 8.75, 7.75, 9, 8.25 ], "texture": "#texture" },
        "north": { "uv": [ 7, 2.5, 7.25, 2.75 ], "texture": "#texture" },
        "south": { "uv": [ 8.75, 2.5, 9, 2.75 ], "texture": "#texture" },
        "west":  { "uv": [ 7.75, 2.5, 8.25, 2.75 ], "texture": "#texture" },
        "east":  { "uv": [ 7.75, 2.5, 8.25, 2.75 ], "texture": "#texture" }
    }
},
{
    "__comment": "shovel head",
    "from": [ 8.75, 13.5, 8 ],
    "to": [ 9.5, 13.75, 8.25 ],
    "faces": {
        "down":  { "uv": [ 7.25, 8.25, 6.5, 8 ], "texture": "#texture" },
        "up":    { "uv": [ 8.75, 8, 9.5, 8.25 ], "texture": "#texture" },
        "north": { "uv": [ 6.5, 2.25, 7.25, 2.5 ], "texture": "#texture" },
        "south": { "uv": [ 8.75, 2.25, 9.5, 2.5 ], "texture": "#texture" },
        "west":  { "uv": [ 8, 2.25, 8.25, 2.5 ], "texture": "#texture" },
        "east":  { "uv": [ 7.75, 2.25, 8, 2.5 ], "texture": "#texture" }
    }
},
{
    "__comment": "shovel head",
    "from": [ 8.75, 14, 8 ],
    "to": [ 9, 14.5, 8.25 ],
    "faces": {
        "down":  { "uv": [ 7.25, 8.25, 7, 8 ], "texture": "#texture" },
        "up":    { "uv": [ 8.75, 8, 9, 8.25 ], "texture": "#texture" },
        "north": { "uv": [ 7, 1.5, 7.25, 2 ], "texture": "#texture" },
        "south": { "uv": [ 8.75, 1.5, 9, 2 ], "texture": "#texture" },
        "west":  { "uv": [ 8, 1.5, 8.25, 2 ], "texture": "#texture" },
        "east":  { "uv": [ 7.75, 1.5, 8, 2 ], "texture": "#texture" }
    }
},
{
    "__comment": "shovel head",
    "from": [ 8.75, 14.5, 8.25 ],
    "to": [ 9.5, 14.75, 8.5 ],
    "faces": {
        "down":  { "uv": [ 7.25, 8.5, 6.5, 8.25 ], "texture": "#texture" },
        "up":    { "uv": [ 8.75, 8.25, 9.5, 8.5 ], "texture": "#texture" },
        "north": { "uv": [ 6.5, 1.25, 7.25, 1.5 ], "texture": "#texture" },
        "south": { "uv": [ 8.75, 1.25, 9.5, 1.5 ], "texture": "#texture" },
        "west":  { "uv": [ 8.25, 1.25, 8.5, 1.5 ], "texture": "#texture" },
        "east":  { "uv": [ 7.5, 1.25, 7.75, 1.5 ], "texture": "#texture" }
    }
},
{
    "__comment": "shovel head",
    "from": [ 8.75, 15.25, 8.25 ],
    "to": [ 9, 15.75, 8.5 ],
    "faces": {
        "down":  { "uv": [ 7.25, 8.5, 7, 8.25 ], "texture": "#texture" },
        "up":    { "uv": [ 8.75, 8.25, 9, 8.5 ], "texture": "#texture" },
        "north": { "uv": [ 7, 0.25, 7.25, 0.75 ], "texture": "#texture" },
        "south": { "uv": [ 8.75, 0.25, 9, 0.75 ], "texture": "#texture" },
        "west":  { "uv": [ 8.25, 0.25, 8.5, 0.75 ], "texture": "#texture" },
        "east":  { "uv": [ 7.5, 0.25, 7.75, 0.75 ], "texture": "#texture" }
    }
},
{
    "__comment": "shovel hand hold",
    "from": [ 9, 0.25, 7.75 ],
    "to": [ 9.25, 1.25, 8.25 ],
    "faces": {
        "down":  { "uv": [ 7, 8.25, 6.75, 7.75 ], "texture": "#diamond shovel wood" },
        "up":    { "uv": [ 9, 7.75, 9.25, 8.25 ], "texture": "#diamond shovel wood" },
        "north": { "uv": [ 6.75, 14.75, 7, 15.75 ], "texture": "#diamond shovel wood" },
        "south": { "uv": [ 9, 14.75, 9.25, 15.75 ], "texture": "#diamond shovel wood" },
        "west":  { "uv": [ 7.75, 14.75, 8.25, 15.75 ], "texture": "#diamond shovel wood" },
        "east":  { "uv": [ 7.75, 14.75, 8.25, 15.75 ], "texture": "#diamond shovel wood" }
    }
},
{
    "__comment": "shovel head",
    "from": [ 9, 12, 7.75 ],
    "to": [ 9.5, 12.25, 8 ],
    "faces": {
        "down":  { "uv": [ 7, 8, 6.5, 7.75 ], "texture": "#texture" },
        "up":    { "uv": [ 9, 7.75, 9.5, 8 ], "texture": "#texture" },
        "north": { "uv": [ 6.5, 3.75, 7, 4 ], "texture": "#texture" },
        "south": { "uv": [ 9, 3.75, 9.5, 4 ], "texture": "#texture" },
        "west":  { "uv": [ 7.75, 3.75, 8, 4 ], "texture": "#texture" },
        "east":  { "uv": [ 8, 3.75, 8.25, 4 ], "texture": "#texture" }
    }
},
{
    "__comment": "shovel head",
    "from": [ 9, 13, 8 ],
    "to": [ 9.5, 13.5, 8.25 ],
    "faces": {
        "down":  { "uv": [ 7, 8.25, 6.5, 8 ], "texture": "#texture" },
        "up":    { "uv": [ 9, 8, 9.5, 8.25 ], "texture": "#texture" },
        "north": { "uv": [ 6.5, 2.5, 7, 3 ], "texture": "#texture" },
        "south": { "uv": [ 9, 2.5, 9.5, 3 ], "texture": "#texture" },
        "west":  { "uv": [ 8, 2.5, 8.25, 3 ], "texture": "#texture" },
        "east":  { "uv": [ 7.75, 2.5, 8, 3 ], "texture": "#texture" }
    }
},
{
    "__comment": "shovel head",
    "from": [ 9, 14, 8 ],
    "to": [ 9.25, 14.25, 8.5 ],
    "faces": {
        "down":  { "uv": [ 7, 8.5, 6.75, 8 ], "texture": "#texture" },
        "up":    { "uv": [ 9, 8, 9.25, 8.5 ], "texture": "#texture" },
        "north": { "uv": [ 6.75, 1.75, 7, 2 ], "texture": "#texture" },
        "south": { "uv": [ 9, 1.75, 9.25, 2 ], "texture": "#texture" },
        "west":  { "uv": [ 8, 1.75, 8.5, 2 ], "texture": "#texture" },
        "east":  { "uv": [ 7.5, 1.75, 8, 2 ], "texture": "#texture" }
    }
},
{
    "__comment": "shovel head",
    "from": [ 9, 14.25, 8.25 ],
    "to": [ 9.5, 14.5, 8.5 ],
    "faces": {
        "down":  { "uv": [ 7, 8.5, 6.5, 8.25 ], "texture": "#texture" },
        "up":    { "uv": [ 9, 8.25, 9.5, 8.5 ], "texture": "#texture" },
        "north": { "uv": [ 6.5, 1.5, 7, 1.75 ], "texture": "#texture" },
        "south": { "uv": [ 9, 1.5, 9.5, 1.75 ], "texture": "#texture" },
        "west":  { "uv": [ 8.25, 1.5, 8.5, 1.75 ], "texture": "#texture" },
        "east":  { "uv": [ 7.5, 1.5, 7.75, 1.75 ], "texture": "#texture" }
    }
},
{
    "__comment": "shovel head",
    "from": [ 9.25, 12.5, 8 ],
    "to": [ 9.5, 13, 8.25 ],
    "faces": {
        "down":  { "uv": [ 6.75, 8.25, 6.5, 8 ], "texture": "#texture" },
        "up":    { "uv": [ 9.25, 8, 9.5, 8.25 ], "texture": "#texture" },
        "north": { "uv": [ 6.5, 3, 6.75, 3.5 ], "texture": "#texture" },
        "south": { "uv": [ 9.25, 3, 9.5, 3.5 ], "texture": "#texture" },
        "west":  { "uv": [ 8, 3, 8.25, 3.5 ], "texture": "#texture" },
        "east":  { "uv": [ 7.75, 3, 8, 3.5 ], "texture": "#texture" }
    }
},
{
    "__comment": "shovel head",
    "from": [ 9.25, 13.5, 8.25 ],
    "to": [ 9.5, 14.25, 8.5 ],
    "faces": {
        "down":  { "uv": [ 6.75, 8.5, 6.5, 8.25 ], "texture": "#texture" },
        "up":    { "uv": [ 9.25, 8.25, 9.5, 8.5 ], "texture": "#texture" },
        "north": { "uv": [ 6.5, 1.75, 6.75, 2.5 ], "texture": "#texture" },
        "south": { "uv": [ 9.25, 1.75, 9.5, 2.5 ], "texture": "#texture" },
        "west":  { "uv": [ 8.25, 1.75, 8.5, 2.5 ], "texture": "#texture" },
        "east":  { "uv": [ 7.5, 1.75, 7.75, 2.5 ], "texture": "#texture" }
    }
},
{
    "__comment": "shovel hand hold*",
    "from": [ 7.75, 11.75, 7.75 ],
    "to": [ 8.25, 12.25, 8 ],
    "faces": {
        "down":  { "uv": [ 8.25, 8, 7.75, 7.75 ], "texture": "#diamond shovel wood" },
        "up":    { "uv": [ 7.75, 7.75, 8.25, 8 ], "texture": "#diamond shovel wood" },
        "north": { "uv": [ 7.75, 3.75, 8.25, 4.25 ], "texture": "#diamond shovel wood" },
        "south": { "uv": [ 7.75, 3.75, 8.25, 4.25 ], "texture": "#diamond shovel wood" },
        "west":  { "uv": [ 7.75, 3.75, 8, 4.25 ], "texture": "#diamond shovel wood" },
        "east":  { "uv": [ 8, 3.75, 8.25, 4.25 ], "texture": "#diamond shovel wood" }
    }
},
{
    "__comment": "shovel hand hold*",
    "from": [ 7.5, 2.25, 7.75 ],
    "to": [ 7.75, 3.25, 8.25 ],
    "faces": {
        "down":  { "uv": [ 8.5, 8.25, 8.25, 7.75 ], "texture": "#diamond shovel wood" },
        "up":    { "uv": [ 7.5, 7.75, 7.75, 8.25 ], "texture": "#diamond shovel wood" },
        "north": { "uv": [ 8.25, 12.75, 8.5, 13.75 ], "texture": "#diamond shovel wood" },
        "south": { "uv": [ 7.5, 12.75, 7.75, 13.75 ], "texture": "#diamond shovel wood" },
        "west":  { "uv": [ 7.75, 12.75, 8.25, 13.75 ], "texture": "#diamond shovel wood" },
        "east":  { "uv": [ 7.75, 12.75, 8.25, 13.75 ], "texture": "#diamond shovel wood" }
    }
},
{
    "__comment": "shovel hand hold*",
    "from": [ 8.5, 1.75, 7.75 ],
    "to": [ 8.75, 2.5, 8.25 ],
    "faces": {
        "down":  { "uv": [ 7.5, 8.25, 7.25, 7.75 ], "texture": "#diamond shovel wood" },
        "up":    { "uv": [ 8.5, 7.75, 8.75, 8.25 ], "texture": "#diamond shovel wood" },
        "north": { "uv": [ 7.25, 13.5, 7.5, 14.25 ], "texture": "#diamond shovel wood" },
        "south": { "uv": [ 8.5, 13.5, 8.75, 14.25 ], "texture": "#diamond shovel wood" },
        "west":  { "uv": [ 7.75, 13.5, 8.25, 14.25 ], "texture": "#diamond shovel wood" },
        "east":  { "uv": [ 7.75, 13.5, 8.25, 14.25 ], "texture": "#diamond shovel wood" }
    }
},
{
    "__comment": "shovel hand hold*",
    "from": [ 8.75, 1, 7.75 ],
    "to": [ 9, 2, 8.25 ],
    "faces": {
        "down":  { "uv": [ 7.25, 8.25, 7, 7.75 ], "texture": "#diamond shovel wood" },
        "up":    { "uv": [ 8.75, 7.75, 9, 8.25 ], "texture": "#diamond shovel wood" },
        "north": { "uv": [ 7, 14, 7.25, 15 ], "texture": "#diamond shovel wood" },
        "south": { "uv": [ 8.75, 14, 9, 15 ], "texture": "#diamond shovel wood" },
        "west":  { "uv": [ 7.75, 14, 8.25, 15 ], "texture": "#diamond shovel wood" },
        "east":  { "uv": [ 7.75, 14, 8.25, 15 ], "texture": "#diamond shovel wood" }
    }
},
{
    "__comment": "shovel hand hold*",
    "from": [ 6.75, 0.25, 7.75 ],
    "to": [ 7, 1.25, 8.25 ],
    "faces": {
        "down":  { "uv": [ 9.25, 8.25, 9, 7.75 ], "texture": "#diamond shovel wood" },
        "up":    { "uv": [ 6.75, 7.75, 7, 8.25 ], "texture": "#diamond shovel wood" },
        "north": { "uv": [ 9, 14.75, 9.25, 15.75 ], "texture": "#diamond shovel wood" },
        "south": { "uv": [ 6.75, 14.75, 7, 15.75 ], "texture": "#diamond shovel wood" },
        "west":  { "uv": [ 7.75, 14.75, 8.25, 15.75 ], "texture": "#diamond shovel wood" },
        "east":  { "uv": [ 7.75, 14.75, 8.25, 15.75 ], "texture": "#diamond shovel wood" }
    }
}
],
"display": {
    "thirdperson_righthand": {
        "rotation": [ 0, -90, 0 ],
        "translation": [ 0, 2.27, 1.51 ],
        "scale": [ 1.5, 1.5, 1.5 ]
    },
    "thirdperson_lefthand": {
        "rotation": [ 0, -90, 0 ],
        "translation": [ 0, 2.27, 1.51 ],
        "scale": [ 1.5, 1.5, 1.5 ]
    },
    "head": {
        "rotation": [ 78, 78, 77 ],
        "translation": [ -0.19, 19.65, -4.72 ],
        "scale": [ 2, 2, 2 ]
    },
    "ground": {
        "rotation": [ -90, 0, 0 ],
        "translation": [ 0, 0, -2.83 ],
        "scale": [ 1, 1, 1 ]
    },
    "fixed": {
        "rotation": [ 0, 180, 180 ],
        "translation": [ 0, -0.2, -0.9 ],
        "scale": [ 1.2, 1.2, 1.2 ]
    },
    "firstperson_righthand": {
        "rotation": [ -5, -100, 0 ],
        "translation": [ 0.5, 4.3, 0 ],
        "scale": [ 1, 1, 1 ]
    },
    "firstperson_lefthand": {
        "rotation": [ -5, -100, 0 ],
        "translation": [ 0.5, 4.3, 0 ],
        "scale": [ 1, 1, 1 ]
    },
    "gui": {
        "rotation": [ 6, 6, 136 ],
        "translation": [ -0.56, -0.38, 0 ],
        "scale": [ 1.2, 1.2, 1.2 ]
    }
}
}