{
"__comment": "Made by (c) Yannik Pipek. Make sure to inform yourself about my therms of use before using any of my work",
"textures": {
    "particle": "items/diamond_axe",
    "diamond pickaxe diamond": "items/diamond pickaxe diamond",
    "texture": "items/diamond pickaxe wood"
},
"elements": [ 
{
    "__comment": "Pick Blade",
    "from": [ 3.5, 14.125, 7.90625 ],
    "to": [ 3.875, 14.3125, 8.09375 ],
    "faces": {
        "down":  { "uv": [ 12.5, 8.09375, 12.125, 7.90625 ], "texture": "#diamond pickaxe diamond" },
        "up":    { "uv": [ 3.5, 7.90625, 3.875, 8.09375 ], "texture": "#diamond pickaxe diamond" },
        "north": { "uv": [ 12.125, 1.6875, 12.5, 1.875 ], "texture": "#diamond pickaxe diamond" },
        "south": { "uv": [ 3.5, 1.6875, 3.875, 1.875 ], "texture": "#diamond pickaxe diamond" },
        "west":  { "uv": [ 7.90625, 1.6875, 8.09375, 1.875 ], "texture": "#diamond pickaxe diamond" },
        "east":  { "uv": [ 7.90625, 1.6875, 8.09375, 1.875 ], "texture": "#diamond pickaxe diamond" }
    }
},
{
    "__comment": "Pick Blade",
    "from": [ 3.875, 14.3125, 7.8125 ],
    "to": [ 4.4375, 14.5, 8.1875 ],
    "faces": {
        "down":  { "uv": [ 12.125, 8.1875, 11.5625, 7.8125 ], "texture": "#diamond pickaxe diamond" },
        "up":    { "uv": [ 3.875, 7.8125, 4.4375, 8.1875 ], "texture": "#diamond pickaxe diamond" },
        "north": { "uv": [ 11.5625, 1.5, 12.125, 1.6875 ], "texture": "#diamond pickaxe diamond" },
        "south": { "uv": [ 3.875, 1.5, 4.4375, 1.6875 ], "texture": "#diamond pickaxe diamond" },
        "west":  { "uv": [ 7.8125, 1.5, 8.1875, 1.6875 ], "texture": "#diamond pickaxe diamond" },
        "east":  { "uv": [ 7.8125, 1.5, 8.1875, 1.6875 ], "texture": "#diamond pickaxe diamond" }
    }
},
{
    "__comment": "Pick Blade",
    "from": [ 4.4375, 14.5, 7.8125 ],
    "to": [ 5.75, 14.6875, 8.1875 ],
    "faces": {
        "down":  { "uv": [ 11.5625, 8.1875, 10.25, 7.8125 ], "texture": "#diamond pickaxe diamond" },
        "up":    { "uv": [ 4.4375, 7.8125, 5.75, 8.1875 ], "texture": "#diamond pickaxe diamond" },
        "north": { "uv": [ 10.25, 1.3125, 11.5625, 1.5 ], "texture": "#diamond pickaxe diamond" },
        "south": { "uv": [ 4.4375, 1.3125, 5.75, 1.5 ], "texture": "#diamond pickaxe diamond" },
        "west":  { "uv": [ 7.8125, 1.3125, 8.1875, 1.5 ], "texture": "#diamond pickaxe diamond" },
        "east":  { "uv": [ 7.8125, 1.3125, 8.1875, 1.5 ], "texture": "#diamond pickaxe diamond" }
    }
},
{
    "__comment": "Pick Blade",
    "from": [ 4.4375, 14.3125, 8 ],
    "to": [ 4.625, 14.5, 8.1875 ],
    "faces": {
        "down":  { "uv": [ 11.5625, 8.1875, 11.375, 8 ], "texture": "#diamond pickaxe diamond" },
        "up":    { "uv": [ 4.4375, 8, 4.625, 8.1875 ], "texture": "#diamond pickaxe diamond" },
        "north": { "uv": [ 11.375, 1.5, 11.5625, 1.6875 ], "texture": "#diamond pickaxe diamond" },
        "south": { "uv": [ 4.4375, 1.5, 4.625, 1.6875 ], "texture": "#diamond pickaxe diamond" },
        "west":  { "uv": [ 8, 1.5, 8.1875, 1.6875 ], "texture": "#diamond pickaxe diamond" },
        "east":  { "uv": [ 7.8125, 1.5, 8, 1.6875 ], "texture": "#diamond pickaxe diamond" }
    }
},
{
    "__comment": "Pick Blade",
    "from": [ 5, 14.6875, 7.8125 ],
    "to": [ 7.4375, 14.875, 8.1875 ],
    "faces": {
        "down":  { "uv": [ 11, 8.1875, 8.5625, 7.8125 ], "texture": "#diamond pickaxe diamond" },
        "up":    { "uv": [ 5, 7.8125, 7.4375, 8.1875 ], "texture": "#diamond pickaxe diamond" },
        "north": { "uv": [ 8.5625, 1.125, 11, 1.3125 ], "texture": "#diamond pickaxe diamond" },
        "south": { "uv": [ 5, 1.125, 7.4375, 1.3125 ], "texture": "#diamond pickaxe diamond" },
        "west":  { "uv": [ 7.8125, 1.125, 8.1875, 1.3125 ], "texture": "#diamond pickaxe diamond" },
        "east":  { "uv": [ 7.8125, 1.125, 8.1875, 1.3125 ], "texture": "#diamond pickaxe diamond" }
    }
},
{
    "__comment": "Pick Blade",
    "from": [ 5.75, 14.875, 7.8125 ],
    "to": [ 13.4375, 15.0625, 8.1875 ],
    "faces": {
        "down":  { "uv": [ 10.25, 8.1875, 2.5625, 7.8125 ], "texture": "#diamond pickaxe diamond" },
        "up":    { "uv": [ 5.75, 7.8125, 13.4375, 8.1875 ], "texture": "#diamond pickaxe diamond" },
        "north": { "uv": [ 2.5625, 0.9375, 10.25, 1.125 ], "texture": "#diamond pickaxe diamond" },
        "south": { "uv": [ 5.75, 0.9375, 13.4375, 1.125 ], "texture": "#diamond pickaxe diamond" },
        "west":  { "uv": [ 7.8125, 0.9375, 8.1875, 1.125 ], "texture": "#diamond pickaxe diamond" },
        "east":  { "uv": [ 7.8125, 0.9375, 8.1875, 1.125 ], "texture": "#diamond pickaxe diamond" }
    }
},
{
    "__comment": "Pick Blade",
    "from": [ 7.0625, 15.0625, 7.8125 ],
    "to": [ 13.4375, 15.25, 8 ],
    "faces": {
        "down":  { "uv": [ 8.9375, 8, 2.5625, 7.8125 ], "texture": "#diamond pickaxe diamond" },
        "up":    { "uv": [ 7.0625, 7.8125, 13.4375, 8 ], "texture": "#diamond pickaxe diamond" },
        "north": { "uv": [ 2.5625, 0.75, 8.9375, 0.9375 ], "texture": "#diamond pickaxe diamond" },
        "south": { "uv": [ 7.0625, 0.75, 13.4375, 0.9375 ], "texture": "#diamond pickaxe diamond" },
        "west":  { "uv": [ 7.8125, 0.75, 8, 0.9375 ], "texture": "#diamond pickaxe diamond" },
        "east":  { "uv": [ 8, 0.75, 8.1875, 0.9375 ], "texture": "#diamond pickaxe diamond" }
    }
},
{
    "__comment": "Pick Blade",
    "from": [ 7.4375, 15.0625, 8 ],
    "to": [ 13.4375, 15.25, 8.1875 ],
    "faces": {
        "down":  { "uv": [ 8.5625, 8.1875, 2.5625, 8 ], "texture": "#diamond pickaxe diamond" },
        "up":    { "uv": [ 7.4375, 8, 13.4375, 8.1875 ], "texture": "#diamond pickaxe diamond" },
        "north": { "uv": [ 2.5625, 0.75, 8.5625, 0.9375 ], "texture": "#diamond pickaxe diamond" },
        "south": { "uv": [ 7.4375, 0.75, 13.4375, 0.9375 ], "texture": "#diamond pickaxe diamond" },
        "west":  { "uv": [ 8, 0.75, 8.1875, 0.9375 ], "texture": "#diamond pickaxe diamond" },
        "east":  { "uv": [ 7.8125, 0.75, 8, 0.9375 ], "texture": "#diamond pickaxe diamond" }
    }
},
{
    "__comment": "Pick Blade",
    "from": [ 7.8125, 14.6875, 7.8125 ],
    "to": [ 10.625, 14.875, 8 ],
    "faces": {
        "down":  { "uv": [ 8.1875, 8, 5.375, 7.8125 ], "texture": "#diamond pickaxe diamond" },
        "up":    { "uv": [ 7.8125, 7.8125, 10.625, 8 ], "texture": "#diamond pickaxe diamond" },
        "north": { "uv": [ 5.375, 1.125, 8.1875, 1.3125 ], "texture": "#diamond pickaxe diamond" },
        "south": { "uv": [ 7.8125, 1.125, 10.625, 1.3125 ], "texture": "#diamond pickaxe diamond" },
        "west":  { "uv": [ 7.8125, 1.125, 8, 1.3125 ], "texture": "#diamond pickaxe diamond" },
        "east":  { "uv": [ 8, 1.125, 8.1875, 1.3125 ], "texture": "#diamond pickaxe diamond" }
    }
},
{
    "__comment": "Pick Blade",
    "from": [ 8.1875, 14.875, 7.625 ],
    "to": [ 9.3125, 15.0625, 7.8125 ],
    "faces": {
        "down":  { "uv": [ 7.8125, 7.8125, 6.6875, 7.625 ], "texture": "#diamond pickaxe diamond" },
        "up":    { "uv": [ 8.1875, 7.625, 9.3125, 7.8125 ], "texture": "#diamond pickaxe diamond" },
        "north": { "uv": [ 6.6875, 0.9375, 7.8125, 1.125 ], "texture": "#diamond pickaxe diamond" },
        "south": { "uv": [ 8.1875, 0.9375, 9.3125, 1.125 ], "texture": "#diamond pickaxe diamond" },
        "west":  { "uv": [ 7.625, 0.9375, 7.8125, 1.125 ], "texture": "#diamond pickaxe diamond" },
        "east":  { "uv": [ 8.1875, 0.9375, 8.375, 1.125 ], "texture": "#diamond pickaxe diamond" }
    }
},
{
    "__comment": "Pick Blade",
    "from": [ 8.1875, 14.875, 8.1875 ],
    "to": [ 12.125, 15.0625, 8.375 ],
    "faces": {
        "down":  { "uv": [ 7.8125, 8.375, 3.875, 8.1875 ], "texture": "#diamond pickaxe diamond" },
        "up":    { "uv": [ 8.1875, 8.1875, 12.125, 8.375 ], "texture": "#diamond pickaxe diamond" },
        "north": { "uv": [ 3.875, 0.9375, 7.8125, 1.125 ], "texture": "#diamond pickaxe diamond" },
        "south": { "uv": [ 8.1875, 0.9375, 12.125, 1.125 ], "texture": "#diamond pickaxe diamond" },
        "west":  { "uv": [ 8.1875, 0.9375, 8.375, 1.125 ], "texture": "#diamond pickaxe diamond" },
        "east":  { "uv": [ 7.625, 0.9375, 7.8125, 1.125 ], "texture": "#diamond pickaxe diamond" }
    }
},
{
    "__comment": "Pick Blade",
    "from": [ 8.375, 14.6875, 8 ],
    "to": [ 10.625, 14.875, 8.1875 ],
    "faces": {
        "down":  { "uv": [ 7.625, 8.1875, 5.375, 8 ], "texture": "#diamond pickaxe diamond" },
        "up":    { "uv": [ 8.375, 8, 10.625, 8.1875 ], "texture": "#diamond pickaxe diamond" },
        "north": { "uv": [ 5.375, 1.125, 7.625, 1.3125 ], "texture": "#diamond pickaxe diamond" },
        "south": { "uv": [ 8.375, 1.125, 10.625, 1.3125 ], "texture": "#diamond pickaxe diamond" },
        "west":  { "uv": [ 8, 1.125, 8.1875, 1.3125 ], "texture": "#diamond pickaxe diamond" },
        "east":  { "uv": [ 7.8125, 1.125, 8, 1.3125 ], "texture": "#diamond pickaxe diamond" }
    }
},
{
    "__comment": "Pick Blade",
    "from": [ 8.5625, 15.0625, 7.625 ],
    "to": [ 12.125, 15.25, 7.8125 ],
    "faces": {
        "down":  { "uv": [ 7.4375, 7.8125, 3.875, 7.625 ], "texture": "#diamond pickaxe diamond" },
        "up":    { "uv": [ 8.5625, 7.625, 12.125, 7.8125 ], "texture": "#diamond pickaxe diamond" },
        "north": { "uv": [ 3.875, 0.75, 7.4375, 0.9375 ], "texture": "#diamond pickaxe diamond" },
        "south": { "uv": [ 8.5625, 0.75, 12.125, 0.9375 ], "texture": "#diamond pickaxe diamond" },
        "west":  { "uv": [ 7.625, 0.75, 7.8125, 0.9375 ], "texture": "#diamond pickaxe diamond" },
        "east":  { "uv": [ 8.1875, 0.75, 8.375, 0.9375 ], "texture": "#diamond pickaxe diamond" }
    }
},
{
    "__comment": "Pick Blade",
    "from": [ 8.5625, 15.25, 7.8125 ],
    "to": [ 12.125, 15.4375, 8.1875 ],
    "faces": {
        "down":  { "uv": [ 7.4375, 8.1875, 3.875, 7.8125 ], "texture": "#diamond pickaxe diamond" },
        "up":    { "uv": [ 8.5625, 7.8125, 12.125, 8.1875 ], "texture": "#diamond pickaxe diamond" },
        "north": { "uv": [ 3.875, 0.5625, 7.4375, 0.75 ], "texture": "#diamond pickaxe diamond" },
        "south": { "uv": [ 8.5625, 0.5625, 12.125, 0.75 ], "texture": "#diamond pickaxe diamond" },
        "west":  { "uv": [ 7.8125, 0.5625, 8.1875, 0.75 ], "texture": "#diamond pickaxe diamond" },
        "east":  { "uv": [ 7.8125, 0.5625, 8.1875, 0.75 ], "texture": "#diamond pickaxe diamond" }
    }
},
{
    "__comment": "Pick Blade",
    "from": [ 8.5625, 15.0625, 8.1875 ],
    "to": [ 12.125, 15.25, 8.375 ],
    "faces": {
        "down":  { "uv": [ 7.4375, 8.375, 3.875, 8.1875 ], "texture": "#diamond pickaxe diamond" },
        "up":    { "uv": [ 8.5625, 8.1875, 12.125, 8.375 ], "texture": "#diamond pickaxe diamond" },
        "north": { "uv": [ 3.875, 0.75, 7.4375, 0.9375 ], "texture": "#diamond pickaxe diamond" },
        "south": { "uv": [ 8.5625, 0.75, 12.125, 0.9375 ], "texture": "#diamond pickaxe diamond" },
        "west":  { "uv": [ 8.1875, 0.75, 8.375, 0.9375 ], "texture": "#diamond pickaxe diamond" },
        "east":  { "uv": [ 7.625, 0.75, 7.8125, 0.9375 ], "texture": "#diamond pickaxe diamond" }
    }
},
{
    "__comment": "Pick Blade",
    "from": [ 9.125, 15.25, 8.1875 ],
    "to": [ 10.625, 15.4375, 8.375 ],
    "faces": {
        "down":  { "uv": [ 6.875, 8.375, 5.375, 8.1875 ], "texture": "#diamond pickaxe diamond" },
        "up":    { "uv": [ 9.125, 8.1875, 10.625, 8.375 ], "texture": "#diamond pickaxe diamond" },
        "north": { "uv": [ 5.375, 0.5625, 6.875, 0.75 ], "texture": "#diamond pickaxe diamond" },
        "south": { "uv": [ 9.125, 0.5625, 10.625, 0.75 ], "texture": "#diamond pickaxe diamond" },
        "west":  { "uv": [ 8.1875, 0.5625, 8.375, 0.75 ], "texture": "#diamond pickaxe diamond" },
        "east":  { "uv": [ 7.625, 0.5625, 7.8125, 0.75 ], "texture": "#diamond pickaxe diamond" }
    }
},
{
    "__comment": "Pick handle",
    "from": [ 9.3125, 0.1875, 7.625 ],
    "to": [ 10.25, 0.9375, 7.8125 ],
    "faces": {
        "down":  { "uv": [ 6.6875, 7.8125, 5.75, 7.625 ], "texture": "#texture" },
        "up":    { "uv": [ 9.3125, 7.625, 10.25, 7.8125 ], "texture": "#texture" },
        "north": { "uv": [ 5.75, 15.0625, 6.6875, 15.8125 ], "texture": "#texture" },
        "south": { "uv": [ 9.3125, 15.0625, 10.25, 15.8125 ], "texture": "#texture" },
        "west":  { "uv": [ 7.625, 15.0625, 7.8125, 15.8125 ], "texture": "#texture" },
        "east":  { "uv": [ 8.1875, 15.0625, 8.375, 15.8125 ], "texture": "#texture" }
    }
},
{
    "__comment": "Pick handle",
    "from": [ 9.3125, 6.9375, 7.625 ],
    "to": [ 10.25, 7.3125, 8.375 ],
    "faces": {
        "down":  { "uv": [ 6.6875, 8.375, 5.75, 7.625 ], "texture": "#texture" },
        "up":    { "uv": [ 9.3125, 7.625, 10.25, 8.375 ], "texture": "#texture" },
        "north": { "uv": [ 5.75, 8.6875, 6.6875, 9.0625 ], "texture": "#texture" },
        "south": { "uv": [ 9.3125, 8.6875, 10.25, 9.0625 ], "texture": "#texture" },
        "west":  { "uv": [ 7.625, 8.6875, 8.375, 9.0625 ], "texture": "#texture" },
        "east":  { "uv": [ 7.625, 8.6875, 8.375, 9.0625 ], "texture": "#texture" }
    }
},
{
    "__comment": "Pick handle",
    "from": [ 9.3125, 7.3125, 7.625 ],
    "to": [ 10.25, 7.6875, 7.8125 ],
    "faces": {
        "down":  { "uv": [ 6.6875, 7.8125, 5.75, 7.625 ], "texture": "#texture" },
        "up":    { "uv": [ 9.3125, 7.625, 10.25, 7.8125 ], "texture": "#texture" },
        "north": { "uv": [ 5.75, 8.3125, 6.6875, 8.6875 ], "texture": "#texture" },
        "south": { "uv": [ 9.3125, 8.3125, 10.25, 8.6875 ], "texture": "#texture" },
        "west":  { "uv": [ 7.625, 8.3125, 7.8125, 8.6875 ], "texture": "#texture" },
        "east":  { "uv": [ 8.1875, 8.3125, 8.375, 8.6875 ], "texture": "#texture" }
    }
},
{
    "__comment": "Pick handle",
    "from": [ 9.3125, 0.375, 7.8125 ],
    "to": [ 10.25, 0.9375, 8.375 ],
    "faces": {
        "down":  { "uv": [ 6.6875, 8.375, 5.75, 7.8125 ], "texture": "#texture" },
        "up":    { "uv": [ 9.3125, 7.8125, 10.25, 8.375 ], "texture": "#texture" },
        "north": { "uv": [ 5.75, 15.0625, 6.6875, 15.625 ], "texture": "#texture" },
        "south": { "uv": [ 9.3125, 15.0625, 10.25, 15.625 ], "texture": "#texture" },
        "west":  { "uv": [ 7.8125, 15.0625, 8.375, 15.625 ], "texture": "#texture" },
        "east":  { "uv": [ 7.625, 15.0625, 8.1875, 15.625 ], "texture": "#texture" }
    }
},
{
    "__comment": "Pick handle",
    "from": [ 9.3125, 0.9375, 7.8125 ],
    "to": [ 10.25, 6.75, 8.1875 ],
    "faces": {
        "down":  { "uv": [ 6.6875, 8.1875, 5.75, 7.8125 ], "texture": "#texture" },
        "up":    { "uv": [ 9.3125, 7.8125, 10.25, 8.1875 ], "texture": "#texture" },
        "north": { "uv": [ 5.75, 9.25, 6.6875, 15.0625 ], "texture": "#texture" },
        "south": { "uv": [ 9.3125, 9.25, 10.25, 15.0625 ], "texture": "#texture" },
        "west":  { "uv": [ 7.8125, 9.25, 8.1875, 15.0625 ], "texture": "#texture" },
        "east":  { "uv": [ 7.8125, 9.25, 8.1875, 15.0625 ], "texture": "#texture" }
    }
},
{
    "__comment": "Pick handle",
    "from": [ 9.3125, 7.5, 7.8125 ],
    "to": [ 10.25, 7.6875, 8.375 ],
    "faces": {
        "down":  { "uv": [ 6.6875, 8.375, 5.75, 7.8125 ], "texture": "#texture" },
        "up":    { "uv": [ 9.3125, 7.8125, 10.25, 8.375 ], "texture": "#texture" },
        "north": { "uv": [ 5.75, 8.3125, 6.6875, 8.5 ], "texture": "#texture" },
        "south": { "uv": [ 9.3125, 8.3125, 10.25, 8.5 ], "texture": "#texture" },
        "west":  { "uv": [ 7.8125, 8.3125, 8.375, 8.5 ], "texture": "#texture" },
        "east":  { "uv": [ 7.625, 8.3125, 8.1875, 8.5 ], "texture": "#texture" }
    }
},
{
    "__comment": "Pick handle",
    "from": [ 9.3125, 0.1875, 8.1875 ],
    "to": [ 10.25, 0.375, 8.375 ],
    "faces": {
        "down":  { "uv": [ 6.6875, 8.375, 5.75, 8.1875 ], "texture": "#texture" },
        "up":    { "uv": [ 9.3125, 8.1875, 10.25, 8.375 ], "texture": "#texture" },
        "north": { "uv": [ 5.75, 15.625, 6.6875, 15.8125 ], "texture": "#texture" },
        "south": { "uv": [ 9.3125, 15.625, 10.25, 15.8125 ], "texture": "#texture" },
        "west":  { "uv": [ 8.1875, 15.625, 8.375, 15.8125 ], "texture": "#texture" },
        "east":  { "uv": [ 7.625, 15.625, 7.8125, 15.8125 ], "texture": "#texture" }
    }
},
{
    "__comment": "Pick handle",
    "from": [ 9.3125, 7.3125, 8.1875 ],
    "to": [ 10.25, 7.5, 8.375 ],
    "faces": {
        "down":  { "uv": [ 6.6875, 8.375, 5.75, 8.1875 ], "texture": "#texture" },
        "up":    { "uv": [ 9.3125, 8.1875, 10.25, 8.375 ], "texture": "#texture" },
        "north": { "uv": [ 5.75, 8.5, 6.6875, 8.6875 ], "texture": "#texture" },
        "south": { "uv": [ 9.3125, 8.5, 10.25, 8.6875 ], "texture": "#texture" },
        "west":  { "uv": [ 8.1875, 8.5, 8.375, 8.6875 ], "texture": "#texture" },
        "east":  { "uv": [ 7.625, 8.5, 7.8125, 8.6875 ], "texture": "#texture" }
    }
},
{
    "__comment": "Pick Blade",
    "from": [ 9.3125, 14.6875, 8.1875 ],
    "to": [ 10.25, 14.875, 8.375 ],
    "faces": {
        "down":  { "uv": [ 6.6875, 8.375, 5.75, 8.1875 ], "texture": "#diamond pickaxe diamond" },
        "up":    { "uv": [ 9.3125, 8.1875, 10.25, 8.375 ], "texture": "#diamond pickaxe diamond" },
        "north": { "uv": [ 5.75, 1.125, 6.6875, 1.3125 ], "texture": "#diamond pickaxe diamond" },
        "south": { "uv": [ 9.3125, 1.125, 10.25, 1.3125 ], "texture": "#diamond pickaxe diamond" },
        "west":  { "uv": [ 8.1875, 1.125, 8.375, 1.3125 ], "texture": "#diamond pickaxe diamond" },
        "east":  { "uv": [ 7.625, 1.125, 7.8125, 1.3125 ], "texture": "#diamond pickaxe diamond" }
    }
},
{
    "__comment": "Pick handle",
    "from": [ 9.5, 6.9375, 7.4375 ],
    "to": [ 10.0625, 7.125, 7.625 ],
    "faces": {
        "down":  { "uv": [ 6.5, 7.625, 5.9375, 7.4375 ], "texture": "#texture" },
        "up":    { "uv": [ 9.5, 7.4375, 10.0625, 7.625 ], "texture": "#texture" },
        "north": { "uv": [ 5.9375, 8.875, 6.5, 9.0625 ], "texture": "#texture" },
        "south": { "uv": [ 9.5, 8.875, 10.0625, 9.0625 ], "texture": "#texture" },
        "west":  { "uv": [ 7.4375, 8.875, 7.625, 9.0625 ], "texture": "#texture" },
        "east":  { "uv": [ 8.375, 8.875, 8.5625, 9.0625 ], "texture": "#texture" }
    }
},
{
    "__comment": "Pick handle",
    "from": [ 9.5, 0.9375, 7.625 ],
    "to": [ 10.0625, 6.9375, 7.8125 ],
    "faces": {
        "down":  { "uv": [ 6.5, 7.8125, 5.9375, 7.625 ], "texture": "#texture" },
        "up":    { "uv": [ 9.5, 7.625, 10.0625, 7.8125 ], "texture": "#texture" },
        "north": { "uv": [ 5.9375, 9.0625, 6.5, 15.0625 ], "texture": "#texture" },
        "south": { "uv": [ 9.5, 9.0625, 10.0625, 15.0625 ], "texture": "#texture" },
        "west":  { "uv": [ 7.625, 9.0625, 7.8125, 15.0625 ], "texture": "#texture" },
        "east":  { "uv": [ 8.1875, 9.0625, 8.375, 15.0625 ], "texture": "#texture" }
    }
},
{
    "__comment": "Pick handle",
    "from": [ 9.5, 7.6875, 7.625 ],
    "to": [ 10.0625, 7.875, 8.375 ],
    "faces": {
        "down":  { "uv": [ 6.5, 8.375, 5.9375, 7.625 ], "texture": "#texture" },
        "up":    { "uv": [ 9.5, 7.625, 10.0625, 8.375 ], "texture": "#texture" },
        "north": { "uv": [ 5.9375, 8.125, 6.5, 8.3125 ], "texture": "#texture" },
        "south": { "uv": [ 9.5, 8.125, 10.0625, 8.3125 ], "texture": "#texture" },
        "west":  { "uv": [ 7.625, 8.125, 8.375, 8.3125 ], "texture": "#texture" },
        "east":  { "uv": [ 7.625, 8.125, 8.375, 8.3125 ], "texture": "#texture" }
    }
},
{
    "__comment": "Pick handle",
    "from": [ 9.5, 13.875, 7.625 ],
    "to": [ 9.875, 14.25, 8.1875 ],
    "faces": {
        "down":  { "uv": [ 6.5, 8.1875, 6.125, 7.625 ], "texture": "#texture" },
        "up":    { "uv": [ 9.5, 7.625, 9.875, 8.1875 ], "texture": "#texture" },
        "north": { "uv": [ 6.125, 1.75, 6.5, 2.125 ], "texture": "#texture" },
        "south": { "uv": [ 9.5, 1.75, 9.875, 2.125 ], "texture": "#texture" },
        "west":  { "uv": [ 7.625, 1.75, 8.1875, 2.125 ], "texture": "#texture" },
        "east":  { "uv": [ 7.8125, 1.75, 8.375, 2.125 ], "texture": "#texture" }
    }
},
{
    "__comment": "Pick Blade",
    "from": [ 9.5, 14.6875, 7.625 ],
    "to": [ 10.25, 15.0625, 7.8125 ],
    "faces": {
        "down":  { "uv": [ 6.5, 7.8125, 5.75, 7.625 ], "texture": "#diamond pickaxe diamond" },
        "up":    { "uv": [ 9.5, 7.625, 10.25, 7.8125 ], "texture": "#diamond pickaxe diamond" },
        "north": { "uv": [ 5.75, 0.9375, 6.5, 1.3125 ], "texture": "#diamond pickaxe diamond" },
        "south": { "uv": [ 9.5, 0.9375, 10.25, 1.3125 ], "texture": "#diamond pickaxe diamond" },
        "west":  { "uv": [ 7.625, 0.9375, 7.8125, 1.3125 ], "texture": "#diamond pickaxe diamond" },
        "east":  { "uv": [ 8.1875, 0.9375, 8.375, 1.3125 ], "texture": "#diamond pickaxe diamond" }
    }
},
{
    "__comment": "Pick Blade",
    "from": [ 9.5, 15.25, 7.625 ],
    "to": [ 10.25, 15.4375, 7.8125 ],
    "faces": {
        "down":  { "uv": [ 6.5, 7.8125, 5.75, 7.625 ], "texture": "#diamond pickaxe diamond" },
        "up":    { "uv": [ 9.5, 7.625, 10.25, 7.8125 ], "texture": "#diamond pickaxe diamond" },
        "north": { "uv": [ 5.75, 0.5625, 6.5, 0.75 ], "texture": "#diamond pickaxe diamond" },
        "south": { "uv": [ 9.5, 0.5625, 10.25, 0.75 ], "texture": "#diamond pickaxe diamond" },
        "west":  { "uv": [ 7.625, 0.5625, 7.8125, 0.75 ], "texture": "#diamond pickaxe diamond" },
        "east":  { "uv": [ 8.1875, 0.5625, 8.375, 0.75 ], "texture": "#diamond pickaxe diamond" }
    }
},
{
    "__comment": "Pick handle",
    "from": [ 9.5, 0, 7.8125 ],
    "to": [ 10.0625, 0.1875, 8.375 ],
    "faces": {
        "down":  { "uv": [ 6.5, 8.375, 5.9375, 7.8125 ], "texture": "#texture" },
        "up":    { "uv": [ 9.5, 7.8125, 10.0625, 8.375 ], "texture": "#texture" },
        "north": { "uv": [ 5.9375, 15.8125, 6.5, 16 ], "texture": "#texture" },
        "south": { "uv": [ 9.5, 15.8125, 10.0625, 16 ], "texture": "#texture" },
        "west":  { "uv": [ 7.8125, 15.8125, 8.375, 16 ], "texture": "#texture" },
        "east":  { "uv": [ 7.625, 15.8125, 8.1875, 16 ], "texture": "#texture" }
    }
},
{
    "__comment": "Pick handle",
    "from": [ 9.5, 0.1875, 7.8125 ],
    "to": [ 10.25, 0.375, 8.1875 ],
    "faces": {
        "down":  { "uv": [ 6.5, 8.1875, 5.75, 7.8125 ], "texture": "#texture" },
        "up":    { "uv": [ 9.5, 7.8125, 10.25, 8.1875 ], "texture": "#texture" },
        "north": { "uv": [ 5.75, 15.625, 6.5, 15.8125 ], "texture": "#texture" },
        "south": { "uv": [ 9.5, 15.625, 10.25, 15.8125 ], "texture": "#texture" },
        "west":  { "uv": [ 7.8125, 15.625, 8.1875, 15.8125 ], "texture": "#texture" },
        "east":  { "uv": [ 7.8125, 15.625, 8.1875, 15.8125 ], "texture": "#texture" }
    }
},
{
    "__comment": "Pick handle",
    "from": [ 9.5, 6.75, 7.8125 ],
    "to": [ 10.0625, 6.9375, 8.375 ],
    "faces": {
        "down":  { "uv": [ 6.5, 8.375, 5.9375, 7.8125 ], "texture": "#texture" },
        "up":    { "uv": [ 9.5, 7.8125, 10.0625, 8.375 ], "texture": "#texture" },
        "north": { "uv": [ 5.9375, 9.0625, 6.5, 9.25 ], "texture": "#texture" },
        "south": { "uv": [ 9.5, 9.0625, 10.0625, 9.25 ], "texture": "#texture" },
        "west":  { "uv": [ 7.8125, 9.0625, 8.375, 9.25 ], "texture": "#texture" },
        "east":  { "uv": [ 7.625, 9.0625, 8.1875, 9.25 ], "texture": "#texture" }
    }
},
{
    "__comment": "Pick handle",
    "from": [ 9.5, 7.3125, 7.8125 ],
    "to": [ 10.25, 7.5, 8.1875 ],
    "faces": {
        "down":  { "uv": [ 6.5, 8.1875, 5.75, 7.8125 ], "texture": "#texture" },
        "up":    { "uv": [ 9.5, 7.8125, 10.25, 8.1875 ], "texture": "#texture" },
        "north": { "uv": [ 5.75, 8.5, 6.5, 8.6875 ], "texture": "#texture" },
        "south": { "uv": [ 9.5, 8.5, 10.25, 8.6875 ], "texture": "#texture" },
        "west":  { "uv": [ 7.8125, 8.5, 8.1875, 8.6875 ], "texture": "#texture" },
        "east":  { "uv": [ 7.8125, 8.5, 8.1875, 8.6875 ], "texture": "#texture" }
    }
},
{
    "__comment": "Pick handle",
    "from": [ 9.5, 7.875, 7.8125 ],
    "to": [ 9.875, 12.375, 8.375 ],
    "faces": {
        "down":  { "uv": [ 6.5, 8.375, 6.125, 7.8125 ], "texture": "#texture" },
        "up":    { "uv": [ 9.5, 7.8125, 9.875, 8.375 ], "texture": "#texture" },
        "north": { "uv": [ 6.125, 3.625, 6.5, 8.125 ], "texture": "#texture" },
        "south": { "uv": [ 9.5, 3.625, 9.875, 8.125 ], "texture": "#texture" },
        "west":  { "uv": [ 7.8125, 3.625, 8.375, 8.125 ], "texture": "#texture" },
        "east":  { "uv": [ 7.625, 3.625, 8.1875, 8.125 ], "texture": "#texture" }
    }
},
{
    "__comment": "Pick handle",
    "from": [ 9.5, 12.375, 7.8125 ],
    "to": [ 10.0625, 13.875, 8.1875 ],
    "faces": {
        "down":  { "uv": [ 6.5, 8.1875, 5.9375, 7.8125 ], "texture": "#texture" },
        "up":    { "uv": [ 9.5, 7.8125, 10.0625, 8.1875 ], "texture": "#texture" },
        "north": { "uv": [ 5.9375, 2.125, 6.5, 3.625 ], "texture": "#texture" },
        "south": { "uv": [ 9.5, 2.125, 10.0625, 3.625 ], "texture": "#texture" },
        "west":  { "uv": [ 7.8125, 2.125, 8.1875, 3.625 ], "texture": "#texture" },
        "east":  { "uv": [ 7.8125, 2.125, 8.1875, 3.625 ], "texture": "#texture" }
    }
},
{
    "__comment": "Pick handle",
    "from": [ 9.5, 14.25, 7.8125 ],
    "to": [ 10.0625, 14.4375, 8.375 ],
    "faces": {
        "down":  { "uv": [ 6.5, 8.375, 5.9375, 7.8125 ], "texture": "#texture" },
        "up":    { "uv": [ 9.5, 7.8125, 10.0625, 8.375 ], "texture": "#texture" },
        "north": { "uv": [ 5.9375, 1.5625, 6.5, 1.75 ], "texture": "#texture" },
        "south": { "uv": [ 9.5, 1.5625, 10.0625, 1.75 ], "texture": "#texture" },
        "west":  { "uv": [ 7.8125, 1.5625, 8.375, 1.75 ], "texture": "#texture" },
        "east":  { "uv": [ 7.625, 1.5625, 8.1875, 1.75 ], "texture": "#texture" }
    }
},
{
    "__comment": "Pick handle",
    "from": [ 9.5, 0.9375, 8.1875 ],
    "to": [ 9.6875, 6.75, 8.375 ],
    "faces": {
        "down":  { "uv": [ 6.5, 8.375, 6.3125, 8.1875 ], "texture": "#texture" },
        "up":    { "uv": [ 9.5, 8.1875, 9.6875, 8.375 ], "texture": "#texture" },
        "north": { "uv": [ 6.3125, 9.25, 6.5, 15.0625 ], "texture": "#texture" },
        "south": { "uv": [ 9.5, 9.25, 9.6875, 15.0625 ], "texture": "#texture" },
        "west":  { "uv": [ 8.1875, 9.25, 8.375, 15.0625 ], "texture": "#texture" },
        "east":  { "uv": [ 7.625, 9.25, 7.8125, 15.0625 ], "texture": "#texture" }
    }
},
{
    "__comment": "Pick handle",
    "from": [ 9.5, 14.0625, 8.1875 ],
    "to": [ 10.0625, 14.25, 8.375 ],
    "faces": {
        "down":  { "uv": [ 6.5, 8.375, 5.9375, 8.1875 ], "texture": "#texture" },
        "up":    { "uv": [ 9.5, 8.1875, 10.0625, 8.375 ], "texture": "#texture" },
        "north": { "uv": [ 5.9375, 1.75, 6.5, 1.9375 ], "texture": "#texture" },
        "south": { "uv": [ 9.5, 1.75, 10.0625, 1.9375 ], "texture": "#texture" },
        "west":  { "uv": [ 8.1875, 1.75, 8.375, 1.9375 ], "texture": "#texture" },
        "east":  { "uv": [ 7.625, 1.75, 7.8125, 1.9375 ], "texture": "#texture" }
    }
},
{
    "__comment": "Pick handle",
    "from": [ 9.5, 0.375, 8.375 ],
    "to": [ 10.0625, 0.5625, 8.5625 ],
    "faces": {
        "down":  { "uv": [ 6.5, 8.5625, 5.9375, 8.375 ], "texture": "#texture" },
        "up":    { "uv": [ 9.5, 8.375, 10.0625, 8.5625 ], "texture": "#texture" },
        "north": { "uv": [ 5.9375, 15.4375, 6.5, 15.625 ], "texture": "#texture" },
        "south": { "uv": [ 9.5, 15.4375, 10.0625, 15.625 ], "texture": "#texture" },
        "west":  { "uv": [ 8.375, 15.4375, 8.5625, 15.625 ], "texture": "#texture" },
        "east":  { "uv": [ 7.4375, 15.4375, 7.625, 15.625 ], "texture": "#texture" }
    }
},
{
    "__comment": "Pick handle",
    "from": [ 9.5, 0.75, 8.375 ],
    "to": [ 10.0625, 0.9375, 8.5625 ],
    "faces": {
        "down":  { "uv": [ 6.5, 8.5625, 5.9375, 8.375 ], "texture": "#texture" },
        "up":    { "uv": [ 9.5, 8.375, 10.0625, 8.5625 ], "texture": "#texture" },
        "north": { "uv": [ 5.9375, 15.0625, 6.5, 15.25 ], "texture": "#texture" },
        "south": { "uv": [ 9.5, 15.0625, 10.0625, 15.25 ], "texture": "#texture" },
        "west":  { "uv": [ 8.375, 15.0625, 8.5625, 15.25 ], "texture": "#texture" },
        "east":  { "uv": [ 7.4375, 15.0625, 7.625, 15.25 ], "texture": "#texture" }
    }
},
{
    "__comment": "Pick handle",
    "from": [ 9.5, 6.9375, 8.375 ],
    "to": [ 10.25, 7.125, 8.5625 ],
    "faces": {
        "down":  { "uv": [ 6.5, 8.5625, 5.75, 8.375 ], "texture": "#texture" },
        "up":    { "uv": [ 9.5, 8.375, 10.25, 8.5625 ], "texture": "#texture" },
        "north": { "uv": [ 5.75, 8.875, 6.5, 9.0625 ], "texture": "#texture" },
        "south": { "uv": [ 9.5, 8.875, 10.25, 9.0625 ], "texture": "#texture" },
        "west":  { "uv": [ 8.375, 8.875, 8.5625, 9.0625 ], "texture": "#texture" },
        "east":  { "uv": [ 7.4375, 8.875, 7.625, 9.0625 ], "texture": "#texture" }
    }
},
{
    "__comment": "Pick handle",
    "from": [ 9.5, 7.5, 8.375 ],
    "to": [ 10.0625, 7.6875, 8.5625 ],
    "faces": {
        "down":  { "uv": [ 6.5, 8.5625, 5.9375, 8.375 ], "texture": "#texture" },
        "up":    { "uv": [ 9.5, 8.375, 10.0625, 8.5625 ], "texture": "#texture" },
        "north": { "uv": [ 5.9375, 8.3125, 6.5, 8.5 ], "texture": "#texture" },
        "south": { "uv": [ 9.5, 8.3125, 10.0625, 8.5 ], "texture": "#texture" },
        "west":  { "uv": [ 8.375, 8.3125, 8.5625, 8.5 ], "texture": "#texture" },
        "east":  { "uv": [ 7.4375, 8.3125, 7.625, 8.5 ], "texture": "#texture" }
    }
},
{
    "__comment": "Pick handle",
    "from": [ 9.6875, 0, 7.625 ],
    "to": [ 10.0625, 0.1875, 7.8125 ],
    "faces": {
        "down":  { "uv": [ 6.3125, 7.8125, 5.9375, 7.625 ], "texture": "#texture" },
        "up":    { "uv": [ 9.6875, 7.625, 10.0625, 7.8125 ], "texture": "#texture" },
        "north": { "uv": [ 5.9375, 15.8125, 6.3125, 16 ], "texture": "#texture" },
        "south": { "uv": [ 9.6875, 15.8125, 10.0625, 16 ], "texture": "#texture" },
        "west":  { "uv": [ 7.625, 15.8125, 7.8125, 16 ], "texture": "#texture" },
        "east":  { "uv": [ 8.1875, 15.8125, 8.375, 16 ], "texture": "#texture" }
    }
},
{
    "__comment": "Pick handle",
    "from": [ 9.6875, 7.875, 7.625 ],
    "to": [ 9.875, 13.875, 7.8125 ],
    "faces": {
        "down":  { "uv": [ 6.3125, 7.8125, 6.125, 7.625 ], "texture": "#texture" },
        "up":    { "uv": [ 9.6875, 7.625, 9.875, 7.8125 ], "texture": "#texture" },
        "north": { "uv": [ 6.125, 2.125, 6.3125, 8.125 ], "texture": "#texture" },
        "south": { "uv": [ 9.6875, 2.125, 9.875, 8.125 ], "texture": "#texture" },
        "west":  { "uv": [ 7.625, 2.125, 7.8125, 8.125 ], "texture": "#texture" },
        "east":  { "uv": [ 8.1875, 2.125, 8.375, 8.125 ], "texture": "#texture" }
    }
},
{
    "__comment": "Pick handle",
    "from": [ 9.6875, 14.25, 7.625 ],
    "to": [ 10.0625, 14.4375, 7.8125 ],
    "faces": {
        "down":  { "uv": [ 6.3125, 7.8125, 5.9375, 7.625 ], "texture": "#texture" },
        "up":    { "uv": [ 9.6875, 7.625, 10.0625, 7.8125 ], "texture": "#texture" },
        "north": { "uv": [ 5.9375, 1.5625, 6.3125, 1.75 ], "texture": "#texture" },
        "south": { "uv": [ 9.6875, 1.5625, 10.0625, 1.75 ], "texture": "#texture" },
        "west":  { "uv": [ 7.625, 1.5625, 7.8125, 1.75 ], "texture": "#texture" },
        "east":  { "uv": [ 8.1875, 1.5625, 8.375, 1.75 ], "texture": "#texture" }
    }
},
{
    "__comment": "Pick handle",
    "from": [ 9.6875, 0.9375, 8.1875 ],
    "to": [ 9.875, 5.25, 8.375 ],
    "faces": {
        "down":  { "uv": [ 6.3125, 8.375, 6.125, 8.1875 ], "texture": "#texture" },
        "up":    { "uv": [ 9.6875, 8.1875, 9.875, 8.375 ], "texture": "#texture" },
        "north": { "uv": [ 6.125, 10.75, 6.3125, 15.0625 ], "texture": "#texture" },
        "south": { "uv": [ 9.6875, 10.75, 9.875, 15.0625 ], "texture": "#texture" },
        "west":  { "uv": [ 8.1875, 10.75, 8.375, 15.0625 ], "texture": "#texture" },
        "east":  { "uv": [ 7.625, 10.75, 7.8125, 15.0625 ], "texture": "#texture" }
    }
},
{
    "__comment": "Pick handle",
    "from": [ 9.6875, 5.4375, 8.1875 ],
    "to": [ 10.25, 6.75, 8.375 ],
    "faces": {
        "down":  { "uv": [ 6.3125, 8.375, 5.75, 8.1875 ], "texture": "#texture" },
        "up":    { "uv": [ 9.6875, 8.1875, 10.25, 8.375 ], "texture": "#texture" },
        "north": { "uv": [ 5.75, 9.25, 6.3125, 10.5625 ], "texture": "#texture" },
        "south": { "uv": [ 9.6875, 9.25, 10.25, 10.5625 ], "texture": "#texture" },
        "west":  { "uv": [ 8.1875, 9.25, 8.375, 10.5625 ], "texture": "#texture" },
        "east":  { "uv": [ 7.625, 9.25, 7.8125, 10.5625 ], "texture": "#texture" }
    }
},
{
    "__comment": "Pick handle",
    "from": [ 9.6875, 12.375, 8.1875 ],
    "to": [ 9.875, 14.0625, 8.375 ],
    "faces": {
        "down":  { "uv": [ 6.3125, 8.375, 6.125, 8.1875 ], "texture": "#texture" },
        "up":    { "uv": [ 9.6875, 8.1875, 9.875, 8.375 ], "texture": "#texture" },
        "north": { "uv": [ 6.125, 1.9375, 6.3125, 3.625 ], "texture": "#texture" },
        "south": { "uv": [ 9.6875, 1.9375, 9.875, 3.625 ], "texture": "#texture" },
        "west":  { "uv": [ 8.1875, 1.9375, 8.375, 3.625 ], "texture": "#texture" },
        "east":  { "uv": [ 7.625, 1.9375, 7.8125, 3.625 ], "texture": "#texture" }
    }
},
{
    "__comment": "Pick handle",
    "from": [ 9.875, 7.875, 7.625 ],
    "to": [ 10.0625, 12.1875, 8.375 ],
    "faces": {
        "down":  { "uv": [ 6.125, 8.375, 5.9375, 7.625 ], "texture": "#texture" },
        "up":    { "uv": [ 9.875, 7.625, 10.0625, 8.375 ], "texture": "#texture" },
        "north": { "uv": [ 5.9375, 3.8125, 6.125, 8.125 ], "texture": "#texture" },
        "south": { "uv": [ 9.875, 3.8125, 10.0625, 8.125 ], "texture": "#texture" },
        "west":  { "uv": [ 7.625, 3.8125, 8.375, 8.125 ], "texture": "#texture" },
        "east":  { "uv": [ 7.625, 3.8125, 8.375, 8.125 ], "texture": "#texture" }
    }
},
{
    "__comment": "Pick handle",
    "from": [ 9.875, 12.1875, 7.625 ],
    "to": [ 10.0625, 12.375, 8.1875 ],
    "faces": {
        "down":  { "uv": [ 6.125, 8.1875, 5.9375, 7.625 ], "texture": "#texture" },
        "up":    { "uv": [ 9.875, 7.625, 10.0625, 8.1875 ], "texture": "#texture" },
        "north": { "uv": [ 5.9375, 3.625, 6.125, 3.8125 ], "texture": "#texture" },
        "south": { "uv": [ 9.875, 3.625, 10.0625, 3.8125 ], "texture": "#texture" },
        "west":  { "uv": [ 7.625, 3.625, 8.1875, 3.8125 ], "texture": "#texture" },
        "east":  { "uv": [ 7.8125, 3.625, 8.375, 3.8125 ], "texture": "#texture" }
    }
},
{
    "__comment": "Pick handle",
    "from": [ 9.875, 12.375, 7.625 ],
    "to": [ 10.0625, 12.9375, 7.8125 ],
    "faces": {
        "down":  { "uv": [ 6.125, 7.8125, 5.9375, 7.625 ], "texture": "#texture" },
        "up":    { "uv": [ 9.875, 7.625, 10.0625, 7.8125 ], "texture": "#texture" },
        "north": { "uv": [ 5.9375, 3.0625, 6.125, 3.625 ], "texture": "#texture" },
        "south": { "uv": [ 9.875, 3.0625, 10.0625, 3.625 ], "texture": "#texture" },
        "west":  { "uv": [ 7.625, 3.0625, 7.8125, 3.625 ], "texture": "#texture" },
        "east":  { "uv": [ 8.1875, 3.0625, 8.375, 3.625 ], "texture": "#texture" }
    }
},
{
    "__comment": "Pick handle",
    "from": [ 9.875, 14.0625, 7.625 ],
    "to": [ 10.0625, 14.25, 8.1875 ],
    "faces": {
        "down":  { "uv": [ 6.125, 8.1875, 5.9375, 7.625 ], "texture": "#texture" },
        "up":    { "uv": [ 9.875, 7.625, 10.0625, 8.1875 ], "texture": "#texture" },
        "north": { "uv": [ 5.9375, 1.75, 6.125, 1.9375 ], "texture": "#texture" },
        "south": { "uv": [ 9.875, 1.75, 10.0625, 1.9375 ], "texture": "#texture" },
        "west":  { "uv": [ 7.625, 1.75, 8.1875, 1.9375 ], "texture": "#texture" },
        "east":  { "uv": [ 7.8125, 1.75, 8.375, 1.9375 ], "texture": "#texture" }
    }
},
{
    "__comment": "Pick handle",
    "from": [ 9.625, 14.5, 7.9375 ],
    "to": [ 9.9375, 15, 8.25 ],
    "faces": {
        "down":  { "uv": [ 6.375, 8.25, 6.0625, 7.9375 ], "texture": "#texture" },
        "up":    { "uv": [ 9.625, 7.9375, 9.9375, 8.25 ], "texture": "#texture" },
        "north": { "uv": [ 6.0625, 1, 6.375, 1.5 ], "texture": "#texture" },
        "south": { "uv": [ 9.625, 1, 9.9375, 1.5 ], "texture": "#texture" },
        "west":  { "uv": [ 7.9375, 1, 8.25, 1.5 ], "texture": "#texture" },
        "east":  { "uv": [ 7.75, 1, 8.0625, 1.5 ], "texture": "#texture" }
    }
},
{
    "__comment": "Pick handle",
    "from": [ 9.875, 13.875, 7.8125 ],
    "to": [ 10.0625, 14.0625, 8.375 ],
    "faces": {
        "down":  { "uv": [ 6.125, 8.375, 5.9375, 7.8125 ], "texture": "#texture" },
        "up":    { "uv": [ 9.875, 7.8125, 10.0625, 8.375 ], "texture": "#texture" },
        "north": { "uv": [ 5.9375, 1.9375, 6.125, 2.125 ], "texture": "#texture" },
        "south": { "uv": [ 9.875, 1.9375, 10.0625, 2.125 ], "texture": "#texture" },
        "west":  { "uv": [ 7.8125, 1.9375, 8.375, 2.125 ], "texture": "#texture" },
        "east":  { "uv": [ 7.625, 1.9375, 8.1875, 2.125 ], "texture": "#texture" }
    }
},
{
    "__comment": "Pick handle",
    "from": [ 9.875, 0.9375, 8.1875 ],
    "to": [ 10.25, 2.25, 8.375 ],
    "faces": {
        "down":  { "uv": [ 6.125, 8.375, 5.75, 8.1875 ], "texture": "#texture" },
        "up":    { "uv": [ 9.875, 8.1875, 10.25, 8.375 ], "texture": "#texture" },
        "north": { "uv": [ 5.75, 13.75, 6.125, 15.0625 ], "texture": "#texture" },
        "south": { "uv": [ 9.875, 13.75, 10.25, 15.0625 ], "texture": "#texture" },
        "west":  { "uv": [ 8.1875, 13.75, 8.375, 15.0625 ], "texture": "#texture" },
        "east":  { "uv": [ 7.625, 13.75, 7.8125, 15.0625 ], "texture": "#texture" }
    }
},
{
    "__comment": "Pick handle",
    "from": [ 9.875, 2.4375, 8.1875 ],
    "to": [ 10.25, 5.0625, 8.375 ],
    "faces": {
        "down":  { "uv": [ 6.125, 8.375, 5.75, 8.1875 ], "texture": "#texture" },
        "up":    { "uv": [ 9.875, 8.1875, 10.25, 8.375 ], "texture": "#texture" },
        "north": { "uv": [ 5.75, 10.9375, 6.125, 13.5625 ], "texture": "#texture" },
        "south": { "uv": [ 9.875, 10.9375, 10.25, 13.5625 ], "texture": "#texture" },
        "west":  { "uv": [ 8.1875, 10.9375, 8.375, 13.5625 ], "texture": "#texture" },
        "east":  { "uv": [ 7.625, 10.9375, 7.8125, 13.5625 ], "texture": "#texture" }
    }
},
{
    "__comment": "Pick handle",
    "from": [ 9.875, 5.25, 8.1875 ],
    "to": [ 10.25, 5.4375, 8.375 ],
    "faces": {
        "down":  { "uv": [ 6.125, 8.375, 5.75, 8.1875 ], "texture": "#texture" },
        "up":    { "uv": [ 9.875, 8.1875, 10.25, 8.375 ], "texture": "#texture" },
        "north": { "uv": [ 5.75, 10.5625, 6.125, 10.75 ], "texture": "#texture" },
        "south": { "uv": [ 9.875, 10.5625, 10.25, 10.75 ], "texture": "#texture" },
        "west":  { "uv": [ 8.1875, 10.5625, 8.375, 10.75 ], "texture": "#texture" },
        "east":  { "uv": [ 7.625, 10.5625, 7.8125, 10.75 ], "texture": "#texture" }
    }
},
{
    "__comment": "Pick handle",
    "from": [ 9.875, 13.125, 8.1875 ],
    "to": [ 10.0625, 13.875, 8.375 ],
    "faces": {
        "down":  { "uv": [ 6.125, 8.375, 5.9375, 8.1875 ], "texture": "#texture" },
        "up":    { "uv": [ 9.875, 8.1875, 10.0625, 8.375 ], "texture": "#texture" },
        "north": { "uv": [ 5.9375, 2.125, 6.125, 2.875 ], "texture": "#texture" },
        "south": { "uv": [ 9.875, 2.125, 10.0625, 2.875 ], "texture": "#texture" },
        "west":  { "uv": [ 8.1875, 2.125, 8.375, 2.875 ], "texture": "#texture" },
        "east":  { "uv": [ 7.625, 2.125, 7.8125, 2.875 ], "texture": "#texture" }
    }
},
{
    "__comment": "Pick handle",
    "from": [ 10.0625, 0.9375, 7.625 ],
    "to": [ 10.25, 6.75, 7.8125 ],
    "faces": {
        "down":  { "uv": [ 5.9375, 7.8125, 5.75, 7.625 ], "texture": "#texture" },
        "up":    { "uv": [ 10.0625, 7.625, 10.25, 7.8125 ], "texture": "#texture" },
        "north": { "uv": [ 5.75, 9.25, 5.9375, 15.0625 ], "texture": "#texture" },
        "south": { "uv": [ 10.0625, 9.25, 10.25, 15.0625 ], "texture": "#texture" },
        "west":  { "uv": [ 7.625, 9.25, 7.8125, 15.0625 ], "texture": "#texture" },
        "east":  { "uv": [ 8.1875, 9.25, 8.375, 15.0625 ], "texture": "#texture" }
    }
},
{
    "__comment": "Pick handle",
    "from": [ 10.0625, 6.75, 7.8125 ],
    "to": [ 10.25, 6.9375, 8.1875 ],
    "faces": {
        "down":  { "uv": [ 5.9375, 8.1875, 5.75, 7.8125 ], "texture": "#texture" },
        "up":    { "uv": [ 10.0625, 7.8125, 10.25, 8.1875 ], "texture": "#texture" },
        "north": { "uv": [ 5.75, 9.0625, 5.9375, 9.25 ], "texture": "#texture" },
        "south": { "uv": [ 10.0625, 9.0625, 10.25, 9.25 ], "texture": "#texture" },
        "west":  { "uv": [ 7.8125, 9.0625, 8.1875, 9.25 ], "texture": "#texture" },
        "east":  { "uv": [ 7.8125, 9.0625, 8.1875, 9.25 ], "texture": "#texture" }
    }
},
{
    "__comment": "Pick handle",
    "from": [ 10.0625, 7.6875, 7.8125 ],
    "to": [ 10.25, 7.875, 8.1875 ],
    "faces": {
        "down":  { "uv": [ 5.9375, 8.1875, 5.75, 7.8125 ], "texture": "#texture" },
        "up":    { "uv": [ 10.0625, 7.8125, 10.25, 8.1875 ], "texture": "#texture" },
        "north": { "uv": [ 5.75, 8.125, 5.9375, 8.3125 ], "texture": "#texture" },
        "south": { "uv": [ 10.0625, 8.125, 10.25, 8.3125 ], "texture": "#texture" },
        "west":  { "uv": [ 7.8125, 8.125, 8.1875, 8.3125 ], "texture": "#texture" },
        "east":  { "uv": [ 7.8125, 8.125, 8.1875, 8.3125 ], "texture": "#texture" }
    }
},
{
    "__comment": "Pick handle",
    "from": [ 10.0625, 13.125, 7.8125 ],
    "to": [ 10.25, 13.875, 8 ],
    "faces": {
        "down":  { "uv": [ 5.9375, 8, 5.75, 7.8125 ], "texture": "#texture" },
        "up":    { "uv": [ 10.0625, 7.8125, 10.25, 8 ], "texture": "#texture" },
        "north": { "uv": [ 5.75, 2.125, 5.9375, 2.875 ], "texture": "#texture" },
        "south": { "uv": [ 10.0625, 2.125, 10.25, 2.875 ], "texture": "#texture" },
        "west":  { "uv": [ 7.8125, 2.125, 8, 2.875 ], "texture": "#texture" },
        "east":  { "uv": [ 8, 2.125, 8.1875, 2.875 ], "texture": "#texture" }
    }
},
{
    "__comment": "Pick handle",
    "from": [ 10.0625, 12.375, 8 ],
    "to": [ 10.25, 13.125, 8.1875 ],
    "faces": {
        "down":  { "uv": [ 5.9375, 8.1875, 5.75, 8 ], "texture": "#texture" },
        "up":    { "uv": [ 10.0625, 8, 10.25, 8.1875 ], "texture": "#texture" },
        "north": { "uv": [ 5.75, 2.875, 5.9375, 3.625 ], "texture": "#texture" },
        "south": { "uv": [ 10.0625, 2.875, 10.25, 3.625 ], "texture": "#texture" },
        "west":  { "uv": [ 8, 2.875, 8.1875, 3.625 ], "texture": "#texture" },
        "east":  { "uv": [ 7.8125, 2.875, 8, 3.625 ], "texture": "#texture" }
    }
},
{
    "__comment": "Pick handle",
    "from": [ 10.0625, 2.25, 8.1875 ],
    "to": [ 10.25, 2.4375, 8.375 ],
    "faces": {
        "down":  { "uv": [ 5.9375, 8.375, 5.75, 8.1875 ], "texture": "#texture" },
        "up":    { "uv": [ 10.0625, 8.1875, 10.25, 8.375 ], "texture": "#texture" },
        "north": { "uv": [ 5.75, 13.5625, 5.9375, 13.75 ], "texture": "#texture" },
        "south": { "uv": [ 10.0625, 13.5625, 10.25, 13.75 ], "texture": "#texture" },
        "west":  { "uv": [ 8.1875, 13.5625, 8.375, 13.75 ], "texture": "#texture" },
        "east":  { "uv": [ 7.625, 13.5625, 7.8125, 13.75 ], "texture": "#texture" }
    }
},
{
    "__comment": "Pick handle",
    "from": [ 10.0625, 5.0625, 8.1875 ],
    "to": [ 10.25, 5.25, 8.375 ],
    "faces": {
        "down":  { "uv": [ 5.9375, 8.375, 5.75, 8.1875 ], "texture": "#texture" },
        "up":    { "uv": [ 10.0625, 8.1875, 10.25, 8.375 ], "texture": "#texture" },
        "north": { "uv": [ 5.75, 10.75, 5.9375, 10.9375 ], "texture": "#texture" },
        "south": { "uv": [ 10.0625, 10.75, 10.25, 10.9375 ], "texture": "#texture" },
        "west":  { "uv": [ 8.1875, 10.75, 8.375, 10.9375 ], "texture": "#texture" },
        "east":  { "uv": [ 7.625, 10.75, 7.8125, 10.9375 ], "texture": "#texture" }
    }
},
{
    "__comment": "Pick balde",
    "from": [ 10.25, 14.875, 7.625 ],
    "to": [ 10.625, 15.0625, 7.8125 ],
    "faces": {
        "down":  { "uv": [ 5.75, 7.8125, 5.375, 7.625 ], "texture": "#diamond pickaxe diamond" },
        "up":    { "uv": [ 10.25, 7.625, 10.625, 7.8125 ], "texture": "#diamond pickaxe diamond" },
        "north": { "uv": [ 5.375, 0.9375, 5.75, 1.125 ], "texture": "#diamond pickaxe diamond" },
        "south": { "uv": [ 10.25, 0.9375, 10.625, 1.125 ], "texture": "#diamond pickaxe diamond" },
        "west":  { "uv": [ 7.625, 0.9375, 7.8125, 1.125 ], "texture": "#diamond pickaxe diamond" },
        "east":  { "uv": [ 8.1875, 0.9375, 8.375, 1.125 ], "texture": "#diamond pickaxe diamond" }
    }
},
{
    "__comment": "Pick Blade",
    "from": [ 10.8125, 14.875, 7.625 ],
    "to": [ 12.125, 15.0625, 7.8125 ],
    "faces": {
        "down":  { "uv": [ 5.1875, 7.8125, 3.875, 7.625 ], "texture": "#diamond pickaxe diamond" },
        "up":    { "uv": [ 10.8125, 7.625, 12.125, 7.8125 ], "texture": "#diamond pickaxe diamond" },
        "north": { "uv": [ 3.875, 0.9375, 5.1875, 1.125 ], "texture": "#diamond pickaxe diamond" },
        "south": { "uv": [ 10.8125, 0.9375, 12.125, 1.125 ], "texture": "#diamond pickaxe diamond" },
        "west":  { "uv": [ 7.625, 0.9375, 7.8125, 1.125 ], "texture": "#diamond pickaxe diamond" },
        "east":  { "uv": [ 8.1875, 0.9375, 8.375, 1.125 ], "texture": "#diamond pickaxe diamond" }
    }
},
{
    "__comment": "Pick Blade",
    "from": [ 10.8125, 14.6875, 7.8125 ],
    "to": [ 12.125, 14.875, 8.1875 ],
    "faces": {
        "down":  { "uv": [ 5.1875, 8.1875, 3.875, 7.8125 ], "texture": "#diamond pickaxe diamond" },
        "up":    { "uv": [ 10.8125, 7.8125, 12.125, 8.1875 ], "texture": "#diamond pickaxe diamond" },
        "north": { "uv": [ 3.875, 1.125, 5.1875, 1.3125 ], "texture": "#diamond pickaxe diamond" },
        "south": { "uv": [ 10.8125, 1.125, 12.125, 1.3125 ], "texture": "#diamond pickaxe diamond" },
        "west":  { "uv": [ 7.8125, 1.125, 8.1875, 1.3125 ], "texture": "#diamond pickaxe diamond" },
        "east":  { "uv": [ 7.8125, 1.125, 8.1875, 1.3125 ], "texture": "#diamond pickaxe diamond" }
    }
},
{
    "__comment": "Pick Blade",
    "from": [ 11, 15.25, 7.625 ],
    "to": [ 11.5625, 15.4375, 7.8125 ],
    "faces": {
        "down":  { "uv": [ 5, 7.8125, 4.4375, 7.625 ], "texture": "#diamond pickaxe diamond" },
        "up":    { "uv": [ 11, 7.625, 11.5625, 7.8125 ], "texture": "#diamond pickaxe diamond" },
        "north": { "uv": [ 4.4375, 0.5625, 5, 0.75 ], "texture": "#diamond pickaxe diamond" },
        "south": { "uv": [ 11, 0.5625, 11.5625, 0.75 ], "texture": "#diamond pickaxe diamond" },
        "west":  { "uv": [ 7.625, 0.5625, 7.8125, 0.75 ], "texture": "#diamond pickaxe diamond" },
        "east":  { "uv": [ 8.1875, 0.5625, 8.375, 0.75 ], "texture": "#diamond pickaxe diamond" }
    }
},
{
    "__comment": "Pick Blade",
    "from": [ 11, 15.25, 8.1875 ],
    "to": [ 11.5625, 15.4375, 8.375 ],
    "faces": {
        "down":  { "uv": [ 5, 8.375, 4.4375, 8.1875 ], "texture": "#diamond pickaxe diamond" },
        "up":    { "uv": [ 11, 8.1875, 11.5625, 8.375 ], "texture": "#diamond pickaxe diamond" },
        "north": { "uv": [ 4.4375, 0.5625, 5, 0.75 ], "texture": "#diamond pickaxe diamond" },
        "south": { "uv": [ 11, 0.5625, 11.5625, 0.75 ], "texture": "#diamond pickaxe diamond" },
        "west":  { "uv": [ 8.1875, 0.5625, 8.375, 0.75 ], "texture": "#diamond pickaxe diamond" },
        "east":  { "uv": [ 7.625, 0.5625, 7.8125, 0.75 ], "texture": "#diamond pickaxe diamond" }
    }
},
{
    "__comment": "Pick Blade",
    "from": [ 11.1875, 14.6875, 7.625 ],
    "to": [ 11.5625, 14.875, 7.8125 ],
    "faces": {
        "down":  { "uv": [ 4.8125, 7.8125, 4.4375, 7.625 ], "texture": "#diamond pickaxe diamond" },
        "up":    { "uv": [ 11.1875, 7.625, 11.5625, 7.8125 ], "texture": "#diamond pickaxe diamond" },
        "north": { "uv": [ 4.4375, 1.125, 4.8125, 1.3125 ], "texture": "#diamond pickaxe diamond" },
        "south": { "uv": [ 11.1875, 1.125, 11.5625, 1.3125 ], "texture": "#diamond pickaxe diamond" },
        "west":  { "uv": [ 7.625, 1.125, 7.8125, 1.3125 ], "texture": "#diamond pickaxe diamond" },
        "east":  { "uv": [ 8.1875, 1.125, 8.375, 1.3125 ], "texture": "#diamond pickaxe diamond" }
    }
},
{
    "__comment": "Pick Blade",
    "from": [ 11.1875, 14.6875, 8.1875 ],
    "to": [ 11.5625, 14.875, 8.375 ],
    "faces": {
        "down":  { "uv": [ 4.8125, 8.375, 4.4375, 8.1875 ], "texture": "#diamond pickaxe diamond" },
        "up":    { "uv": [ 11.1875, 8.1875, 11.5625, 8.375 ], "texture": "#diamond pickaxe diamond" },
        "north": { "uv": [ 4.4375, 1.125, 4.8125, 1.3125 ], "texture": "#diamond pickaxe diamond" },
        "south": { "uv": [ 11.1875, 1.125, 11.5625, 1.3125 ], "texture": "#diamond pickaxe diamond" },
        "west":  { "uv": [ 8.1875, 1.125, 8.375, 1.3125 ], "texture": "#diamond pickaxe diamond" },
        "east":  { "uv": [ 7.625, 1.125, 7.8125, 1.3125 ], "texture": "#diamond pickaxe diamond" }
    }
},
{
    "__comment": "Pick Blade",
    "from": [ 11.375, 14.5, 7.4375 ],
    "to": [ 11.75, 14.875, 7.625 ],
    "faces": {
        "down":  { "uv": [ 4.625, 7.625, 4.25, 7.4375 ], "texture": "#diamond pickaxe diamond" },
        "up":    { "uv": [ 11.375, 7.4375, 11.75, 7.625 ], "texture": "#diamond pickaxe diamond" },
        "north": { "uv": [ 4.25, 1.125, 4.625, 1.5 ], "texture": "#diamond pickaxe diamond" },
        "south": { "uv": [ 11.375, 1.125, 11.75, 1.5 ], "texture": "#diamond pickaxe diamond" },
        "west":  { "uv": [ 7.4375, 1.125, 7.625, 1.5 ], "texture": "#diamond pickaxe diamond" },
        "east":  { "uv": [ 8.375, 1.125, 8.5625, 1.5 ], "texture": "#diamond pickaxe diamond" }
    }
},
{
    "__comment": "Pick Blade",
    "from": [ 11.375, 15.4375, 7.4375 ],
    "to": [ 11.5625, 15.625, 7.8125 ],
    "faces": {
        "down":  { "uv": [ 4.625, 7.8125, 4.4375, 7.4375 ], "texture": "#diamond pickaxe diamond" },
        "up":    { "uv": [ 11.375, 7.4375, 11.5625, 7.8125 ], "texture": "#diamond pickaxe diamond" },
        "north": { "uv": [ 4.4375, 0.375, 4.625, 0.5625 ], "texture": "#diamond pickaxe diamond" },
        "south": { "uv": [ 11.375, 0.375, 11.5625, 0.5625 ], "texture": "#diamond pickaxe diamond" },
        "west":  { "uv": [ 7.4375, 0.375, 7.8125, 0.5625 ], "texture": "#diamond pickaxe diamond" },
        "east":  { "uv": [ 8.1875, 0.375, 8.5625, 0.5625 ], "texture": "#diamond pickaxe diamond" }
    }
},
{
    "__comment": "Pick Blade",
    "from": [ 11.375, 15.4375, 8.1875 ],
    "to": [ 11.5625, 15.625, 8.5625 ],
    "faces": {
        "down":  { "uv": [ 4.625, 8.5625, 4.4375, 8.1875 ], "texture": "#diamond pickaxe diamond" },
        "up":    { "uv": [ 11.375, 8.1875, 11.5625, 8.5625 ], "texture": "#diamond pickaxe diamond" },
        "north": { "uv": [ 4.4375, 0.375, 4.625, 0.5625 ], "texture": "#diamond pickaxe diamond" },
        "south": { "uv": [ 11.375, 0.375, 11.5625, 0.5625 ], "texture": "#diamond pickaxe diamond" },
        "west":  { "uv": [ 8.1875, 0.375, 8.5625, 0.5625 ], "texture": "#diamond pickaxe diamond" },
        "east":  { "uv": [ 7.4375, 0.375, 7.8125, 0.5625 ], "texture": "#diamond pickaxe diamond" }
    }
},
{
    "__comment": "Pick Blade",
    "from": [ 11.375, 14.5, 8.375 ],
    "to": [ 11.75, 14.875, 8.5625 ],
    "faces": {
        "down":  { "uv": [ 4.625, 8.5625, 4.25, 8.375 ], "texture": "#diamond pickaxe diamond" },
        "up":    { "uv": [ 11.375, 8.375, 11.75, 8.5625 ], "texture": "#diamond pickaxe diamond" },
        "north": { "uv": [ 4.25, 1.125, 4.625, 1.5 ], "texture": "#diamond pickaxe diamond" },
        "south": { "uv": [ 11.375, 1.125, 11.75, 1.5 ], "texture": "#diamond pickaxe diamond" },
        "west":  { "uv": [ 8.375, 1.125, 8.5625, 1.5 ], "texture": "#diamond pickaxe diamond" },
        "east":  { "uv": [ 7.4375, 1.125, 7.625, 1.5 ], "texture": "#diamond pickaxe diamond" }
    }
},
{
    "__comment": "Pick Blade",
    "from": [ 11.5625, 15.4375, 7.4375 ],
    "to": [ 11.9375, 15.8125, 7.625 ],
    "faces": {
        "down":  { "uv": [ 4.4375, 7.625, 4.0625, 7.4375 ], "texture": "#diamond pickaxe diamond" },
        "up":    { "uv": [ 11.5625, 7.4375, 11.9375, 7.625 ], "texture": "#diamond pickaxe diamond" },
        "north": { "uv": [ 4.0625, 0.1875, 4.4375, 0.5625 ], "texture": "#diamond pickaxe diamond" },
        "south": { "uv": [ 11.5625, 0.1875, 11.9375, 0.5625 ], "texture": "#diamond pickaxe diamond" },
        "west":  { "uv": [ 7.4375, 0.1875, 7.625, 0.5625 ], "texture": "#diamond pickaxe diamond" },
        "east":  { "uv": [ 8.375, 0.1875, 8.5625, 0.5625 ], "texture": "#diamond pickaxe diamond" }
    }
},
{
    "__comment": "Pick Blade",
    "from": [ 11.5625, 15.4375, 8.375 ],
    "to": [ 11.9375, 15.8125, 8.5625 ],
    "faces": {
        "down":  { "uv": [ 4.4375, 8.5625, 4.0625, 8.375 ], "texture": "#diamond pickaxe diamond" },
        "up":    { "uv": [ 11.5625, 8.375, 11.9375, 8.5625 ], "texture": "#diamond pickaxe diamond" },
        "north": { "uv": [ 4.0625, 0.1875, 4.4375, 0.5625 ], "texture": "#diamond pickaxe diamond" },
        "south": { "uv": [ 11.5625, 0.1875, 11.9375, 0.5625 ], "texture": "#diamond pickaxe diamond" },
        "west":  { "uv": [ 8.375, 0.1875, 8.5625, 0.5625 ], "texture": "#diamond pickaxe diamond" },
        "east":  { "uv": [ 7.4375, 0.1875, 7.625, 0.5625 ], "texture": "#diamond pickaxe diamond" }
    }
},
{
    "__comment": "Pick Blade",
    "from": [ 11.75, 14.3125, 7.25 ],
    "to": [ 12.125, 14.6875, 7.4375 ],
    "faces": {
        "down":  { "uv": [ 4.25, 7.4375, 3.875, 7.25 ], "texture": "#diamond pickaxe diamond" },
        "up":    { "uv": [ 11.75, 7.25, 12.125, 7.4375 ], "texture": "#diamond pickaxe diamond" },
        "north": { "uv": [ 3.875, 1.3125, 4.25, 1.6875 ], "texture": "#diamond pickaxe diamond" },
        "south": { "uv": [ 11.75, 1.3125, 12.125, 1.6875 ], "texture": "#diamond pickaxe diamond" },
        "west":  { "uv": [ 7.25, 1.3125, 7.4375, 1.6875 ], "texture": "#diamond pickaxe diamond" },
        "east":  { "uv": [ 8.5625, 1.3125, 8.75, 1.6875 ], "texture": "#diamond pickaxe diamond" }
    }
},
{
    "__comment": "Pick Blade",
    "from": [ 11.75, 15.625, 7.25 ],
    "to": [ 12.875, 15.8125, 7.4375 ],
    "faces": {
        "down":  { "uv": [ 4.25, 7.4375, 3.125, 7.25 ], "texture": "#diamond pickaxe diamond" },
        "up":    { "uv": [ 11.75, 7.25, 12.875, 7.4375 ], "texture": "#diamond pickaxe diamond" },
        "north": { "uv": [ 3.125, 0.1875, 4.25, 0.375 ], "texture": "#diamond pickaxe diamond" },
        "south": { "uv": [ 11.75, 0.1875, 12.875, 0.375 ], "texture": "#diamond pickaxe diamond" },
        "west":  { "uv": [ 7.25, 0.1875, 7.4375, 0.375 ], "texture": "#diamond pickaxe diamond" },
        "east":  { "uv": [ 8.5625, 0.1875, 8.75, 0.375 ], "texture": "#diamond pickaxe diamond" }
    }
},
{
    "__comment": "Pick Blade",
    "from": [ 11.75, 14.5, 7.4375 ],
    "to": [ 11.9375, 14.6875, 7.625 ],
    "faces": {
        "down":  { "uv": [ 4.25, 7.625, 4.0625, 7.4375 ], "texture": "#diamond pickaxe diamond" },
        "up":    { "uv": [ 11.75, 7.4375, 11.9375, 7.625 ], "texture": "#diamond pickaxe diamond" },
        "north": { "uv": [ 4.0625, 1.3125, 4.25, 1.5 ], "texture": "#diamond pickaxe diamond" },
        "south": { "uv": [ 11.75, 1.3125, 11.9375, 1.5 ], "texture": "#diamond pickaxe diamond" },
        "west":  { "uv": [ 7.4375, 1.3125, 7.625, 1.5 ], "texture": "#diamond pickaxe diamond" },
        "east":  { "uv": [ 8.375, 1.3125, 8.5625, 1.5 ], "texture": "#diamond pickaxe diamond" }
    }
},
{
    "__comment": "Pick Blade",
    "from": [ 11.75, 14.5, 8.375 ],
    "to": [ 11.9375, 14.6875, 8.75 ],
    "faces": {
        "down":  { "uv": [ 4.25, 8.75, 4.0625, 8.375 ], "texture": "#diamond pickaxe diamond" },
        "up":    { "uv": [ 11.75, 8.375, 11.9375, 8.75 ], "texture": "#diamond pickaxe diamond" },
        "north": { "uv": [ 4.0625, 1.3125, 4.25, 1.5 ], "texture": "#diamond pickaxe diamond" },
        "south": { "uv": [ 11.75, 1.3125, 11.9375, 1.5 ], "texture": "#diamond pickaxe diamond" },
        "west":  { "uv": [ 8.375, 1.3125, 8.75, 1.5 ], "texture": "#diamond pickaxe diamond" },
        "east":  { "uv": [ 7.25, 1.3125, 7.625, 1.5 ], "texture": "#diamond pickaxe diamond" }
    }
},
{
    "__comment": "Pick Blade",
    "from": [ 11.75, 14.3125, 8.5625 ],
    "to": [ 12.875, 14.5, 8.75 ],
    "faces": {
        "down":  { "uv": [ 4.25, 8.75, 3.125, 8.5625 ], "texture": "#diamond pickaxe diamond" },
        "up":    { "uv": [ 11.75, 8.5625, 12.875, 8.75 ], "texture": "#diamond pickaxe diamond" },
        "north": { "uv": [ 3.125, 1.5, 4.25, 1.6875 ], "texture": "#diamond pickaxe diamond" },
        "south": { "uv": [ 11.75, 1.5, 12.875, 1.6875 ], "texture": "#diamond pickaxe diamond" },
        "west":  { "uv": [ 8.5625, 1.5, 8.75, 1.6875 ], "texture": "#diamond pickaxe diamond" },
        "east":  { "uv": [ 7.25, 1.5, 7.4375, 1.6875 ], "texture": "#diamond pickaxe diamond" }
    }
},
{
    "__comment": "Pick Blade",
    "from": [ 11.75, 15.625, 8.5625 ],
    "to": [ 12.875, 15.8125, 8.75 ],
    "faces": {
        "down":  { "uv": [ 4.25, 8.75, 3.125, 8.5625 ], "texture": "#diamond pickaxe diamond" },
        "up":    { "uv": [ 11.75, 8.5625, 12.875, 8.75 ], "texture": "#diamond pickaxe diamond" },
        "north": { "uv": [ 3.125, 0.1875, 4.25, 0.375 ], "texture": "#diamond pickaxe diamond" },
        "south": { "uv": [ 11.75, 0.1875, 12.875, 0.375 ], "texture": "#diamond pickaxe diamond" },
        "west":  { "uv": [ 8.5625, 0.1875, 8.75, 0.375 ], "texture": "#diamond pickaxe diamond" },
        "east":  { "uv": [ 7.25, 0.1875, 7.4375, 0.375 ], "texture": "#diamond pickaxe diamond" }
    }
},
{
    "__comment": "Pick Blade",
    "from": [ 11.9375, 15.8125, 7.25 ],
    "to": [ 12.6875, 16, 7.4375 ],
    "faces": {
        "down":  { "uv": [ 4.0625, 7.4375, 3.3125, 7.25 ], "texture": "#diamond pickaxe diamond" },
        "up":    { "uv": [ 11.9375, 7.25, 12.6875, 7.4375 ], "texture": "#diamond pickaxe diamond" },
        "north": { "uv": [ 3.3125, 0, 4.0625, 0.1875 ], "texture": "#diamond pickaxe diamond" },
        "south": { "uv": [ 11.9375, 0, 12.6875, 0.1875 ], "texture": "#diamond pickaxe diamond" },
        "west":  { "uv": [ 7.25, 0, 7.4375, 0.1875 ], "texture": "#diamond pickaxe diamond" },
        "east":  { "uv": [ 8.5625, 0, 8.75, 0.1875 ], "texture": "#diamond pickaxe diamond" }
    }
},
{
    "__comment": "Pick Blade",
    "from": [ 11.9375, 14.5, 8.5625 ],
    "to": [ 12.125, 14.6875, 8.75 ],
    "faces": {
        "down":  { "uv": [ 4.0625, 8.75, 3.875, 8.5625 ], "texture": "#diamond pickaxe diamond" },
        "up":    { "uv": [ 11.9375, 8.5625, 12.125, 8.75 ], "texture": "#diamond pickaxe diamond" },
        "north": { "uv": [ 3.875, 1.3125, 4.0625, 1.5 ], "texture": "#diamond pickaxe diamond" },
        "south": { "uv": [ 11.9375, 1.3125, 12.125, 1.5 ], "texture": "#diamond pickaxe diamond" },
        "west":  { "uv": [ 8.5625, 1.3125, 8.75, 1.5 ], "texture": "#diamond pickaxe diamond" },
        "east":  { "uv": [ 7.25, 1.3125, 7.4375, 1.5 ], "texture": "#diamond pickaxe diamond" }
    }
},
{
    "__comment": "Pick Blade",
    "from": [ 11.9375, 15.8125, 8.5625 ],
    "to": [ 12.6875, 16, 8.75 ],
    "faces": {
        "down":  { "uv": [ 4.0625, 8.75, 3.3125, 8.5625 ], "texture": "#diamond pickaxe diamond" },
        "up":    { "uv": [ 11.9375, 8.5625, 12.6875, 8.75 ], "texture": "#diamond pickaxe diamond" },
        "north": { "uv": [ 3.3125, 0, 4.0625, 0.1875 ], "texture": "#diamond pickaxe diamond" },
        "south": { "uv": [ 11.9375, 0, 12.6875, 0.1875 ], "texture": "#diamond pickaxe diamond" },
        "west":  { "uv": [ 8.5625, 0, 8.75, 0.1875 ], "texture": "#diamond pickaxe diamond" },
        "east":  { "uv": [ 7.25, 0, 7.4375, 0.1875 ], "texture": "#diamond pickaxe diamond" }
    }
},
{
    "__comment": "Pick Blade",
    "from": [ 12.125, 14.3125, 7.0625 ],
    "to": [ 12.6875, 14.5, 7.4375 ],
    "faces": {
        "down":  { "uv": [ 3.875, 7.4375, 3.3125, 7.0625 ], "texture": "#diamond pickaxe diamond" },
        "up":    { "uv": [ 12.125, 7.0625, 12.6875, 7.4375 ], "texture": "#diamond pickaxe diamond" },
        "north": { "uv": [ 3.3125, 1.5, 3.875, 1.6875 ], "texture": "#diamond pickaxe diamond" },
        "south": { "uv": [ 12.125, 1.5, 12.6875, 1.6875 ], "texture": "#diamond pickaxe diamond" },
        "west":  { "uv": [ 7.0625, 1.5, 7.4375, 1.6875 ], "texture": "#diamond pickaxe diamond" },
        "east":  { "uv": [ 8.5625, 1.5, 8.9375, 1.6875 ], "texture": "#diamond pickaxe diamond" }
    }
},
{
    "__comment": "Pick Blade",
    "from": [ 12.125, 15.8125, 7.0625 ],
    "to": [ 12.6875, 16, 7.25 ],
    "faces": {
        "down":  { "uv": [ 3.875, 7.25, 3.3125, 7.0625 ], "texture": "#diamond pickaxe diamond" },
        "up":    { "uv": [ 12.125, 7.0625, 12.6875, 7.25 ], "texture": "#diamond pickaxe diamond" },
        "north": { "uv": [ 3.3125, 0, 3.875, 0.1875 ], "texture": "#diamond pickaxe diamond" },
        "south": { "uv": [ 12.125, 0, 12.6875, 0.1875 ], "texture": "#diamond pickaxe diamond" },
        "west":  { "uv": [ 7.0625, 0, 7.25, 0.1875 ], "texture": "#diamond pickaxe diamond" },
        "east":  { "uv": [ 8.75, 0, 8.9375, 0.1875 ], "texture": "#diamond pickaxe diamond" }
    }
},
{
    "__comment": "Pick Blade",
    "from": [ 12.125, 14.3125, 8.75 ],
    "to": [ 12.6875, 14.5, 8.9375 ],
    "faces": {
        "down":  { "uv": [ 3.875, 8.9375, 3.3125, 8.75 ], "texture": "#diamond pickaxe diamond" },
        "up":    { "uv": [ 12.125, 8.75, 12.6875, 8.9375 ], "texture": "#diamond pickaxe diamond" },
        "north": { "uv": [ 3.3125, 1.5, 3.875, 1.6875 ], "texture": "#diamond pickaxe diamond" },
        "south": { "uv": [ 12.125, 1.5, 12.6875, 1.6875 ], "texture": "#diamond pickaxe diamond" },
        "west":  { "uv": [ 8.75, 1.5, 8.9375, 1.6875 ], "texture": "#diamond pickaxe diamond" },
        "east":  { "uv": [ 7.0625, 1.5, 7.25, 1.6875 ], "texture": "#diamond pickaxe diamond" }
    }
},
{
    "__comment": "Pick Blade",
    "from": [ 12.125, 15.8125, 8.75 ],
    "to": [ 12.6875, 16, 8.9375 ],
    "faces": {
        "down":  { "uv": [ 3.875, 8.9375, 3.3125, 8.75 ], "texture": "#diamond pickaxe diamond" },
        "up":    { "uv": [ 12.125, 8.75, 12.6875, 8.9375 ], "texture": "#diamond pickaxe diamond" },
        "north": { "uv": [ 3.3125, 0, 3.875, 0.1875 ], "texture": "#diamond pickaxe diamond" },
        "south": { "uv": [ 12.125, 0, 12.6875, 0.1875 ], "texture": "#diamond pickaxe diamond" },
        "west":  { "uv": [ 8.75, 0, 8.9375, 0.1875 ], "texture": "#diamond pickaxe diamond" },
        "east":  { "uv": [ 7.0625, 0, 7.25, 0.1875 ], "texture": "#diamond pickaxe diamond" }
    }
},
{
    "__comment": "Pick Blade",
    "from": [ 12.3125, 14.6875, 7.625 ],
    "to": [ 12.6875, 14.875, 7.8125 ],
    "faces": {
        "down":  { "uv": [ 3.6875, 7.8125, 3.3125, 7.625 ], "texture": "#diamond pickaxe diamond" },
        "up":    { "uv": [ 12.3125, 7.625, 12.6875, 7.8125 ], "texture": "#diamond pickaxe diamond" },
        "north": { "uv": [ 3.3125, 1.125, 3.6875, 1.3125 ], "texture": "#diamond pickaxe diamond" },
        "south": { "uv": [ 12.3125, 1.125, 12.6875, 1.3125 ], "texture": "#diamond pickaxe diamond" },
        "west":  { "uv": [ 7.625, 1.125, 7.8125, 1.3125 ], "texture": "#diamond pickaxe diamond" },
        "east":  { "uv": [ 8.1875, 1.125, 8.375, 1.3125 ], "texture": "#diamond pickaxe diamond" }
    }
},
{
    "__comment": "Pick Blade",
    "from": [ 12.3125, 14.6875, 8.1875 ],
    "to": [ 12.6875, 14.875, 8.375 ],
    "faces": {
        "down":  { "uv": [ 3.6875, 8.375, 3.3125, 8.1875 ], "texture": "#diamond pickaxe diamond" },
        "up":    { "uv": [ 12.3125, 8.1875, 12.6875, 8.375 ], "texture": "#diamond pickaxe diamond" },
        "north": { "uv": [ 3.3125, 1.125, 3.6875, 1.3125 ], "texture": "#diamond pickaxe diamond" },
        "south": { "uv": [ 12.3125, 1.125, 12.6875, 1.3125 ], "texture": "#diamond pickaxe diamond" },
        "west":  { "uv": [ 8.1875, 1.125, 8.375, 1.3125 ], "texture": "#diamond pickaxe diamond" },
        "east":  { "uv": [ 7.625, 1.125, 7.8125, 1.3125 ], "texture": "#diamond pickaxe diamond" }
    }
},
{
    "__comment": "Pick Blade",
    "from": [ 12.5, 15.25, 7.625 ],
    "to": [ 12.6875, 15.4375, 7.8125 ],
    "faces": {
        "down":  { "uv": [ 3.5, 7.8125, 3.3125, 7.625 ], "texture": "#diamond pickaxe diamond" },
        "up":    { "uv": [ 12.5, 7.625, 12.6875, 7.8125 ], "texture": "#diamond pickaxe diamond" },
        "north": { "uv": [ 3.3125, 0.5625, 3.5, 0.75 ], "texture": "#diamond pickaxe diamond" },
        "south": { "uv": [ 12.5, 0.5625, 12.6875, 0.75 ], "texture": "#diamond pickaxe diamond" },
        "west":  { "uv": [ 7.625, 0.5625, 7.8125, 0.75 ], "texture": "#diamond pickaxe diamond" },
        "east":  { "uv": [ 8.1875, 0.5625, 8.375, 0.75 ], "texture": "#diamond pickaxe diamond" }
    }
},
{
    "__comment": "Pick Blade",
    "from": [ 12.5, 15.25, 8.1875 ],
    "to": [ 12.6875, 15.4375, 8.375 ],
    "faces": {
        "down":  { "uv": [ 3.5, 8.375, 3.3125, 8.1875 ], "texture": "#diamond pickaxe diamond" },
        "up":    { "uv": [ 12.5, 8.1875, 12.6875, 8.375 ], "texture": "#diamond pickaxe diamond" },
        "north": { "uv": [ 3.3125, 0.5625, 3.5, 0.75 ], "texture": "#diamond pickaxe diamond" },
        "south": { "uv": [ 12.5, 0.5625, 12.6875, 0.75 ], "texture": "#diamond pickaxe diamond" },
        "west":  { "uv": [ 8.1875, 0.5625, 8.375, 0.75 ], "texture": "#diamond pickaxe diamond" },
        "east":  { "uv": [ 7.625, 0.5625, 7.8125, 0.75 ], "texture": "#diamond pickaxe diamond" }
    }
},
{
    "__comment": "Pick Blade",
    "from": [ 12.6875, 14.3125, 7.25 ],
    "to": [ 12.875, 14.6875, 7.4375 ],
    "faces": {
        "down":  { "uv": [ 3.3125, 7.4375, 3.125, 7.25 ], "texture": "#diamond pickaxe diamond" },
        "up":    { "uv": [ 12.6875, 7.25, 12.875, 7.4375 ], "texture": "#diamond pickaxe diamond" },
        "north": { "uv": [ 3.125, 1.3125, 3.3125, 1.6875 ], "texture": "#diamond pickaxe diamond" },
        "south": { "uv": [ 12.6875, 1.3125, 12.875, 1.6875 ], "texture": "#diamond pickaxe diamond" },
        "west":  { "uv": [ 7.25, 1.3125, 7.4375, 1.6875 ], "texture": "#diamond pickaxe diamond" },
        "east":  { "uv": [ 8.5625, 1.3125, 8.75, 1.6875 ], "texture": "#diamond pickaxe diamond" }
    }
},
{
    "__comment": "Pick Blade",
    "from": [ 12.6875, 14.5, 7.4375 ],
    "to": [ 12.875, 14.875, 7.625 ],
    "faces": {
        "down":  { "uv": [ 3.3125, 7.625, 3.125, 7.4375 ], "texture": "#diamond pickaxe diamond" },
        "up":    { "uv": [ 12.6875, 7.4375, 12.875, 7.625 ], "texture": "#diamond pickaxe diamond" },
        "north": { "uv": [ 3.125, 1.125, 3.3125, 1.5 ], "texture": "#diamond pickaxe diamond" },
        "south": { "uv": [ 12.6875, 1.125, 12.875, 1.5 ], "texture": "#diamond pickaxe diamond" },
        "west":  { "uv": [ 7.4375, 1.125, 7.625, 1.5 ], "texture": "#diamond pickaxe diamond" },
        "east":  { "uv": [ 8.375, 1.125, 8.5625, 1.5 ], "texture": "#diamond pickaxe diamond" }
    }
},
{
    "__comment": "Pick Blade",
    "from": [ 12.6875, 15.4375, 7.4375 ],
    "to": [ 12.875, 15.8125, 7.625 ],
    "faces": {
        "down":  { "uv": [ 3.3125, 7.625, 3.125, 7.4375 ], "texture": "#diamond pickaxe diamond" },
        "up":    { "uv": [ 12.6875, 7.4375, 12.875, 7.625 ], "texture": "#diamond pickaxe diamond" },
        "north": { "uv": [ 3.125, 0.1875, 3.3125, 0.5625 ], "texture": "#diamond pickaxe diamond" },
        "south": { "uv": [ 12.6875, 0.1875, 12.875, 0.5625 ], "texture": "#diamond pickaxe diamond" },
        "west":  { "uv": [ 7.4375, 0.1875, 7.625, 0.5625 ], "texture": "#diamond pickaxe diamond" },
        "east":  { "uv": [ 8.375, 0.1875, 8.5625, 0.5625 ], "texture": "#diamond pickaxe diamond" }
    }
},
{
    "__comment": "Pick Blade",
    "from": [ 12.6875, 15.25, 7.8125 ],
    "to": [ 13.25, 15.4375, 8.1875 ],
    "faces": {
        "down":  { "uv": [ 3.3125, 8.1875, 2.75, 7.8125 ], "texture": "#diamond pickaxe diamond" },
        "up":    { "uv": [ 12.6875, 7.8125, 13.25, 8.1875 ], "texture": "#diamond pickaxe diamond" },
        "north": { "uv": [ 2.75, 0.5625, 3.3125, 0.75 ], "texture": "#diamond pickaxe diamond" },
        "south": { "uv": [ 12.6875, 0.5625, 13.25, 0.75 ], "texture": "#diamond pickaxe diamond" },
        "west":  { "uv": [ 7.8125, 0.5625, 8.1875, 0.75 ], "texture": "#diamond pickaxe diamond" },
        "east":  { "uv": [ 7.8125, 0.5625, 8.1875, 0.75 ], "texture": "#diamond pickaxe diamond" }
    }
},
{
    "__comment": "Pick Blade",
    "from": [ 12.6875, 14.5, 8.375 ],
    "to": [ 12.875, 14.6875, 8.75 ],
    "faces": {
        "down":  { "uv": [ 3.3125, 8.75, 3.125, 8.375 ], "texture": "#diamond pickaxe diamond" },
        "up":    { "uv": [ 12.6875, 8.375, 12.875, 8.75 ], "texture": "#diamond pickaxe diamond" },
        "north": { "uv": [ 3.125, 1.3125, 3.3125, 1.5 ], "texture": "#diamond pickaxe diamond" },
        "south": { "uv": [ 12.6875, 1.3125, 12.875, 1.5 ], "texture": "#diamond pickaxe diamond" },
        "west":  { "uv": [ 8.375, 1.3125, 8.75, 1.5 ], "texture": "#diamond pickaxe diamond" },
        "east":  { "uv": [ 7.25, 1.3125, 7.625, 1.5 ], "texture": "#diamond pickaxe diamond" }
    }
},
{
    "__comment": "Pick Blade",
    "from": [ 12.6875, 14.6875, 8.375 ],
    "to": [ 12.875, 14.875, 8.5625 ],
    "faces": {
        "down":  { "uv": [ 3.3125, 8.5625, 3.125, 8.375 ], "texture": "#diamond pickaxe diamond" },
        "up":    { "uv": [ 12.6875, 8.375, 12.875, 8.5625 ], "texture": "#diamond pickaxe diamond" },
        "north": { "uv": [ 3.125, 1.125, 3.3125, 1.3125 ], "texture": "#diamond pickaxe diamond" },
        "south": { "uv": [ 12.6875, 1.125, 12.875, 1.3125 ], "texture": "#diamond pickaxe diamond" },
        "west":  { "uv": [ 8.375, 1.125, 8.5625, 1.3125 ], "texture": "#diamond pickaxe diamond" },
        "east":  { "uv": [ 7.4375, 1.125, 7.625, 1.3125 ], "texture": "#diamond pickaxe diamond" }
    }
},
{
    "__comment": "Pick Blade",
    "from": [ 12.6875, 15.4375, 8.375 ],
    "to": [ 12.875, 15.8125, 8.5625 ],
    "faces": {
        "down":  { "uv": [ 3.3125, 8.5625, 3.125, 8.375 ], "texture": "#diamond pickaxe diamond" },
        "up":    { "uv": [ 12.6875, 8.375, 12.875, 8.5625 ], "texture": "#diamond pickaxe diamond" },
        "north": { "uv": [ 3.125, 0.1875, 3.3125, 0.5625 ], "texture": "#diamond pickaxe diamond" },
        "south": { "uv": [ 12.6875, 0.1875, 12.875, 0.5625 ], "texture": "#diamond pickaxe diamond" },
        "west":  { "uv": [ 8.375, 0.1875, 8.5625, 0.5625 ], "texture": "#diamond pickaxe diamond" },
        "east":  { "uv": [ 7.4375, 0.1875, 7.625, 0.5625 ], "texture": "#diamond pickaxe diamond" }
    }
},
{
    "__comment": "Pick Blade",
    "from": [ 12.875, 14.875, 7.625 ],
    "to": [ 13.25, 15.25, 7.8125 ],
    "faces": {
        "down":  { "uv": [ 3.125, 7.8125, 2.75, 7.625 ], "texture": "#diamond pickaxe diamond" },
        "up":    { "uv": [ 12.875, 7.625, 13.25, 7.8125 ], "texture": "#diamond pickaxe diamond" },
        "north": { "uv": [ 2.75, 0.75, 3.125, 1.125 ], "texture": "#diamond pickaxe diamond" },
        "south": { "uv": [ 12.875, 0.75, 13.25, 1.125 ], "texture": "#diamond pickaxe diamond" },
        "west":  { "uv": [ 7.625, 0.75, 7.8125, 1.125 ], "texture": "#diamond pickaxe diamond" },
        "east":  { "uv": [ 8.1875, 0.75, 8.375, 1.125 ], "texture": "#diamond pickaxe diamond" }
    }
},
{
    "__comment": "Pick Blade",
    "from": [ 12.875, 14.6875, 7.8125 ],
    "to": [ 13.25, 14.875, 8.1875 ],
    "faces": {
        "down":  { "uv": [ 3.125, 8.1875, 2.75, 7.8125 ], "texture": "#diamond pickaxe diamond" },
        "up":    { "uv": [ 12.875, 7.8125, 13.25, 8.1875 ], "texture": "#diamond pickaxe diamond" },
        "north": { "uv": [ 2.75, 1.125, 3.125, 1.3125 ], "texture": "#diamond pickaxe diamond" },
        "south": { "uv": [ 12.875, 1.125, 13.25, 1.3125 ], "texture": "#diamond pickaxe diamond" },
        "west":  { "uv": [ 7.8125, 1.125, 8.1875, 1.3125 ], "texture": "#diamond pickaxe diamond" },
        "east":  { "uv": [ 7.8125, 1.125, 8.1875, 1.3125 ], "texture": "#diamond pickaxe diamond" }
    }
},
{
    "__comment": "Pick Blade",
    "from": [ 12.875, 14.875, 8.1875 ],
    "to": [ 13.25, 15.4375, 8.375 ],
    "faces": {
        "down":  { "uv": [ 3.125, 8.375, 2.75, 8.1875 ], "texture": "#diamond pickaxe diamond" },
        "up":    { "uv": [ 12.875, 8.1875, 13.25, 8.375 ], "texture": "#diamond pickaxe diamond" },
        "north": { "uv": [ 2.75, 0.5625, 3.125, 1.125 ], "texture": "#diamond pickaxe diamond" },
        "south": { "uv": [ 12.875, 0.5625, 13.25, 1.125 ], "texture": "#diamond pickaxe diamond" },
        "west":  { "uv": [ 8.1875, 0.5625, 8.375, 1.125 ], "texture": "#diamond pickaxe diamond" },
        "east":  { "uv": [ 7.625, 0.5625, 7.8125, 1.125 ], "texture": "#diamond pickaxe diamond" }
    }
},
{
    "__comment": "Pick Blade",
    "from": [ 13.25, 15.25, 8 ],
    "to": [ 13.4375, 15.4375, 8.1875 ],
    "faces": {
        "down":  { "uv": [ 2.75, 8.1875, 2.5625, 8 ], "texture": "#diamond pickaxe diamond" },
        "up":    { "uv": [ 13.25, 8, 13.4375, 8.1875 ], "texture": "#diamond pickaxe diamond" },
        "north": { "uv": [ 2.5625, 0.5625, 2.75, 0.75 ], "texture": "#diamond pickaxe diamond" },
        "south": { "uv": [ 13.25, 0.5625, 13.4375, 0.75 ], "texture": "#diamond pickaxe diamond" },
        "west":  { "uv": [ 8, 0.5625, 8.1875, 0.75 ], "texture": "#diamond pickaxe diamond" },
        "east":  { "uv": [ 7.8125, 0.5625, 8, 0.75 ], "texture": "#diamond pickaxe diamond" }
    }
},
{
    "__comment": "Pick handle*",
    "from": [ 9.5, 14.4375, 7.625 ],
    "to": [ 10.0625, 14.6875, 8.375 ],
    "faces": {
        "down":  { "uv": [ 6.5, 8.375, 5.9375, 7.625 ], "texture": "#texture" },
        "up":    { "uv": [ 9.5, 7.625, 10.0625, 8.375 ], "texture": "#texture" },
        "north": { "uv": [ 5.9375, 1.3125, 6.5, 1.5625 ], "texture": "#texture" },
        "south": { "uv": [ 9.5, 1.3125, 10.0625, 1.5625 ], "texture": "#texture" },
        "west":  { "uv": [ 7.625, 1.3125, 8.375, 1.5625 ], "texture": "#texture" },
        "east":  { "uv": [ 7.625, 1.3125, 8.375, 1.5625 ], "texture": "#texture" }
    }
}
],
"display": {
    "thirdperson_righthand": {
        "rotation": [ 0, -90, 0 ],
        "translation": [ 0, 5.29, -1.13 ],
        "scale": [ 1.5, 1.5, 1.5 ]
    },
    "thirdperson_lefthand": {
        "rotation": [ 0, 90, 0 ],
        "translation": [ 0, 5.29, -1.13 ],
        "scale": [ 1.5, 1.5, 1.5 ]
    },
    "head": {
        "rotation": [ -98, 23, 65 ],
        "translation": [ 9.83, -5.67, -2.46 ],
        "scale": [ 2, 2, 2 ]
    },
    "ground": {
        "rotation": [ -90, 0, 90 ],
        "translation": [ 0, 0, -2.6 ],
        "scale": [ 1, 1, 1 ]
    },
    "fixed": {
        "rotation": [ 0, 180, 0 ],
        "translation": [ 0, -0.2, -1.12 ],
        "scale": [ 1.2, 1.2, 1.2 ]
    },
    "firstperson_righthand": {
        "rotation": [ -5, -90, 0 ],
        "translation": [ 0.5, 4.3, 0 ],
        "scale": [ 1, 1, 1 ]
    },
    "firstperson_lefthand": {
        "rotation": [ -5, 90, 0 ],
        "translation": [ 0.5, 4.3, 0 ],
        "scale": [ 1, 1, 1 ]
    },
    "gui": {
        "rotation": [ 6, 6, -45 ],
        "translation": [ -1.89, -1.13, 0 ],
        "scale": [ 1.2, 1.2, 1.2 ]
    }
}
}