{
"__comment": "Made by (c) Yannik Pipek. Make sure to inform yourself about my therms of use before using any of my work",
"textures": {
    "particle": "items/diamond_sword",
    "texture": "items/diamond sword blade",
    "diamond sword wood": "items/diamond sword wood"
},
"elements": [ 
{
    "__comment": "Killer_Frost_Ice_",
    "from": [ 6.25, 5.25, 7.75 ],
    "to": [ 6.5, 5.5, 8.25 ],
    "faces": {
        "down":  { "uv": [ 9.75, 8.25, 9.5, 7.75 ], "texture": "#texture" },
        "up":    { "uv": [ 6.25, 7.75, 6.5, 8.25 ], "texture": "#texture" },
        "north": { "uv": [ 9.5, 10.5, 9.75, 10.75 ], "texture": "#texture" },
        "south": { "uv": [ 6.25, 10.5, 6.5, 10.75 ], "texture": "#texture" },
        "west":  { "uv": [ 7.75, 10.5, 8.25, 10.75 ], "texture": "#texture" },
        "east":  { "uv": [ 7.75, 10.5, 8.25, 10.75 ], "texture": "#texture" }
    }
},
{
    "__comment": "Killer_Frost_Ice_",
    "from": [ 6.5, 4.75, 7.75 ],
    "to": [ 9.5, 5.25, 8.25 ],
    "faces": {
        "down":  { "uv": [ 9.5, 8.25, 6.5, 7.75 ], "texture": "#texture" },
        "up":    { "uv": [ 6.5, 7.75, 9.5, 8.25 ], "texture": "#texture" },
        "north": { "uv": [ 6.5, 10.75, 9.5, 11.25 ], "texture": "#texture" },
        "south": { "uv": [ 6.5, 10.75, 9.5, 11.25 ], "texture": "#texture" },
        "west":  { "uv": [ 7.75, 10.75, 8.25, 11.25 ], "texture": "#texture" },
        "east":  { "uv": [ 7.75, 10.75, 8.25, 11.25 ], "texture": "#texture" }
    }
},
{
    "__comment": "Killer_Frost_Ice_",
    "from": [ 6.75, 4.5, 7.5 ],
    "to": [ 7.25, 4.75, 8.5 ],
    "faces": {
        "down":  { "uv": [ 9.25, 8.5, 8.75, 7.5 ], "texture": "#texture" },
        "up":    { "uv": [ 6.75, 7.5, 7.25, 8.5 ], "texture": "#texture" },
        "north": { "uv": [ 8.75, 11.25, 9.25, 11.5 ], "texture": "#texture" },
        "south": { "uv": [ 6.75, 11.25, 7.25, 11.5 ], "texture": "#texture" },
        "west":  { "uv": [ 7.5, 11.25, 8.5, 11.5 ], "texture": "#texture" },
        "east":  { "uv": [ 7.5, 11.25, 8.5, 11.5 ], "texture": "#texture" }
    }
},
{
    "__comment": "Killer_Frost_Ice_",
    "from": [ 6.75, 4.75, 7.5 ],
    "to": [ 7, 5, 7.75 ],
    "faces": {
        "down":  { "uv": [ 9.25, 7.75, 9, 7.5 ], "texture": "#texture" },
        "up":    { "uv": [ 6.75, 7.5, 7, 7.75 ], "texture": "#texture" },
        "north": { "uv": [ 9, 11, 9.25, 11.25 ], "texture": "#texture" },
        "south": { "uv": [ 6.75, 11, 7, 11.25 ], "texture": "#texture" },
        "west":  { "uv": [ 7.5, 11, 7.75, 11.25 ], "texture": "#texture" },
        "east":  { "uv": [ 8.25, 11, 8.5, 11.25 ], "texture": "#texture" }
    }
},
{
    "__comment": "Killer_Frost_Ice_",
    "from": [ 6.75, 5.25, 7.75 ],
    "to": [ 7, 5.75, 8.25 ],
    "faces": {
        "down":  { "uv": [ 9.25, 8.25, 9, 7.75 ], "texture": "#texture" },
        "up":    { "uv": [ 6.75, 7.75, 7, 8.25 ], "texture": "#texture" },
        "north": { "uv": [ 9, 10.25, 9.25, 10.75 ], "texture": "#texture" },
        "south": { "uv": [ 6.75, 10.25, 7, 10.75 ], "texture": "#texture" },
        "west":  { "uv": [ 7.75, 10.25, 8.25, 10.75 ], "texture": "#texture" },
        "east":  { "uv": [ 7.75, 10.25, 8.25, 10.75 ], "texture": "#texture" }
    }
},
{
    "__comment": "Killer_Frost_Ice_",
    "from": [ 6.75, 4.75, 8.25 ],
    "to": [ 7, 5, 8.5 ],
    "faces": {
        "down":  { "uv": [ 9.25, 8.5, 9, 8.25 ], "texture": "#texture" },
        "up":    { "uv": [ 6.75, 8.25, 7, 8.5 ], "texture": "#texture" },
        "north": { "uv": [ 9, 11, 9.25, 11.25 ], "texture": "#texture" },
        "south": { "uv": [ 6.75, 11, 7, 11.25 ], "texture": "#texture" },
        "west":  { "uv": [ 8.25, 11, 8.5, 11.25 ], "texture": "#texture" },
        "east":  { "uv": [ 7.5, 11, 7.75, 11.25 ], "texture": "#texture" }
    }
},
{
    "__comment": "Killer_Frost_Ice_",
    "from": [ 7, 4.25, 7.75 ],
    "to": [ 9, 4.5, 8.25 ],
    "faces": {
        "down":  { "uv": [ 9, 8.25, 7, 7.75 ], "texture": "#texture" },
        "up":    { "uv": [ 7, 7.75, 9, 8.25 ], "texture": "#texture" },
        "north": { "uv": [ 7, 11.5, 9, 11.75 ], "texture": "#texture" },
        "south": { "uv": [ 7, 11.5, 9, 11.75 ], "texture": "#texture" },
        "west":  { "uv": [ 7.75, 11.5, 8.25, 11.75 ], "texture": "#texture" },
        "east":  { "uv": [ 7.75, 11.5, 8.25, 11.75 ], "texture": "#texture" }
    }
},
{
    "__comment": "Killer_Frost_Ice_",
    "from": [ 7, 5.25, 7.75 ],
    "to": [ 9.25, 5.5, 8.25 ],
    "faces": {
        "down":  { "uv": [ 9, 8.25, 6.75, 7.75 ], "texture": "#texture" },
        "up":    { "uv": [ 7, 7.75, 9.25, 8.25 ], "texture": "#texture" },
        "north": { "uv": [ 6.75, 10.5, 9, 10.75 ], "texture": "#texture" },
        "south": { "uv": [ 7, 10.5, 9.25, 10.75 ], "texture": "#texture" },
        "west":  { "uv": [ 7.75, 10.5, 8.25, 10.75 ], "texture": "#texture" },
        "east":  { "uv": [ 7.75, 10.5, 8.25, 10.75 ], "texture": "#texture" }
    }
},
{
    "__comment": "Killer_Frost_Ice_",
    "from": [ 7.25, 4.5, 7.5 ],
    "to": [ 9.25, 4.75, 8.25 ],
    "faces": {
        "down":  { "uv": [ 8.75, 8.25, 6.75, 7.5 ], "texture": "#texture" },
        "up":    { "uv": [ 7.25, 7.5, 9.25, 8.25 ], "texture": "#texture" },
        "north": { "uv": [ 6.75, 11.25, 8.75, 11.5 ], "texture": "#texture" },
        "south": { "uv": [ 7.25, 11.25, 9.25, 11.5 ], "texture": "#texture" },
        "west":  { "uv": [ 7.5, 11.25, 8.25, 11.5 ], "texture": "#texture" },
        "east":  { "uv": [ 7.75, 11.25, 8.5, 11.5 ], "texture": "#texture" }
    }
},
{
    "__comment": "Killer_Frost_Ice_",
    "from": [ 7.25, 4.75, 7.5 ],
    "to": [ 8.75, 5, 7.75 ],
    "faces": {
        "down":  { "uv": [ 8.75, 7.75, 7.25, 7.5 ], "texture": "#texture" },
        "up":    { "uv": [ 7.25, 7.5, 8.75, 7.75 ], "texture": "#texture" },
        "north": { "uv": [ 7.25, 11, 8.75, 11.25 ], "texture": "#texture" },
        "south": { "uv": [ 7.25, 11, 8.75, 11.25 ], "texture": "#texture" },
        "west":  { "uv": [ 7.5, 11, 7.75, 11.25 ], "texture": "#texture" },
        "east":  { "uv": [ 8.25, 11, 8.5, 11.25 ], "texture": "#texture" }
    }
},
{
    "__comment": "Killer_Frost_Ice_",
    "from": [ 7.25, 5.5, 7.75 ],
    "to": [ 8.75, 5.75, 8 ],
    "faces": {
        "down":  { "uv": [ 8.75, 8, 7.25, 7.75 ], "texture": "#texture" },
        "up":    { "uv": [ 7.25, 7.75, 8.75, 8 ], "texture": "#texture" },
        "north": { "uv": [ 7.25, 10.25, 8.75, 10.5 ], "texture": "#texture" },
        "south": { "uv": [ 7.25, 10.25, 8.75, 10.5 ], "texture": "#texture" },
        "west":  { "uv": [ 7.75, 10.25, 8, 10.5 ], "texture": "#texture" },
        "east":  { "uv": [ 8, 10.25, 8.25, 10.5 ], "texture": "#texture" }
    }
},
{
    "__comment": "Killer_Frost_Ice_",
    "from": [ 7.25, 6.5, 7.75 ],
    "to": [ 8.75, 7, 8.25 ],
    "faces": {
        "down":  { "uv": [ 8.75, 8.25, 7.25, 7.75 ], "texture": "#texture" },
        "up":    { "uv": [ 7.25, 7.75, 8.75, 8.25 ], "texture": "#texture" },
        "north": { "uv": [ 7.25, 9, 8.75, 9.5 ], "texture": "#texture" },
        "south": { "uv": [ 7.25, 9, 8.75, 9.5 ], "texture": "#texture" },
        "west":  { "uv": [ 7.75, 9, 8.25, 9.5 ], "texture": "#texture" },
        "east":  { "uv": [ 7.75, 9, 8.25, 9.5 ], "texture": "#texture" }
    }
},
{
    "__comment": "Killer_Frost_Ice_",
    "from": [ 7.25, 7, 7.75 ],
    "to": [ 8.75, 7.5, 8 ],
    "faces": {
        "down":  { "uv": [ 8.75, 8, 7.25, 7.75 ], "texture": "#texture" },
        "up":    { "uv": [ 7.25, 7.75, 8.75, 8 ], "texture": "#texture" },
        "north": { "uv": [ 7.25, 8.5, 8.75, 9 ], "texture": "#texture" },
        "south": { "uv": [ 7.25, 8.5, 8.75, 9 ], "texture": "#texture" },
        "west":  { "uv": [ 7.75, 8.5, 8, 9 ], "texture": "#texture" },
        "east":  { "uv": [ 8, 8.5, 8.25, 9 ], "texture": "#texture" }
    }
},
{
    "__comment": "Killer_Frost_Ice_",
    "from": [ 7.25, 7.75, 7.75 ],
    "to": [ 8.75, 8.5, 8 ],
    "faces": {
        "down":  { "uv": [ 8.75, 8, 7.25, 7.75 ], "texture": "#texture" },
        "up":    { "uv": [ 7.25, 7.75, 8.75, 8 ], "texture": "#texture" },
        "north": { "uv": [ 7.25, 7.5, 8.75, 8.25 ], "texture": "#texture" },
        "south": { "uv": [ 7.25, 7.5, 8.75, 8.25 ], "texture": "#texture" },
        "west":  { "uv": [ 7.75, 7.5, 8, 8.25 ], "texture": "#texture" },
        "east":  { "uv": [ 8, 7.5, 8.25, 8.25 ], "texture": "#texture" }
    }
},
{
    "__comment": "Killer_Frost_Ice_",
    "from": [ 7.25, 4.75, 8.25 ],
    "to": [ 8.5, 5, 8.5 ],
    "faces": {
        "down":  { "uv": [ 8.75, 8.5, 7.5, 8.25 ], "texture": "#texture" },
        "up":    { "uv": [ 7.25, 8.25, 8.5, 8.5 ], "texture": "#texture" },
        "north": { "uv": [ 7.5, 11, 8.75, 11.25 ], "texture": "#texture" },
        "south": { "uv": [ 7.25, 11, 8.5, 11.25 ], "texture": "#texture" },
        "west":  { "uv": [ 8.25, 11, 8.5, 11.25 ], "texture": "#texture" },
        "east":  { "uv": [ 7.5, 11, 7.75, 11.25 ], "texture": "#texture" }
    }
},
{
    "__comment": "Killer_Frost_Ice_",
    "from": [ 7.5, 4.25, 7.5 ],
    "to": [ 8.5, 4.5, 7.75 ],
    "faces": {
        "down":  { "uv": [ 8.5, 7.75, 7.5, 7.5 ], "texture": "#texture" },
        "up":    { "uv": [ 7.5, 7.5, 8.5, 7.75 ], "texture": "#texture" },
        "north": { "uv": [ 7.5, 11.5, 8.5, 11.75 ], "texture": "#texture" },
        "south": { "uv": [ 7.5, 11.5, 8.5, 11.75 ], "texture": "#texture" },
        "west":  { "uv": [ 7.5, 11.5, 7.75, 11.75 ], "texture": "#texture" },
        "east":  { "uv": [ 8.25, 11.5, 8.5, 11.75 ], "texture": "#texture" }
    }
},
{
    "__comment": "Killer_Frost_Ice_",
    "from": [ 7.5, 5, 7.5 ],
    "to": [ 8.75, 5.25, 7.75 ],
    "faces": {
        "down":  { "uv": [ 8.5, 7.75, 7.25, 7.5 ], "texture": "#texture" },
        "up":    { "uv": [ 7.5, 7.5, 8.75, 7.75 ], "texture": "#texture" },
        "north": { "uv": [ 7.25, 10.75, 8.5, 11 ], "texture": "#texture" },
        "south": { "uv": [ 7.5, 10.75, 8.75, 11 ], "texture": "#texture" },
        "west":  { "uv": [ 7.5, 10.75, 7.75, 11 ], "texture": "#texture" },
        "east":  { "uv": [ 8.25, 10.75, 8.5, 11 ], "texture": "#texture" }
    }
},
{
    "__comment": "Crystal Bottom",
    "from": [ 7.5, 0.75, 7.75 ],
    "to": [ 7.75, 1.75, 8.25 ],
    "faces": {
        "down":  { "uv": [ 8.5, 8.25, 8.25, 7.75 ], "texture": "#texture" },
        "up":    { "uv": [ 7.5, 7.75, 7.75, 8.25 ], "texture": "#texture" },
        "north": { "uv": [ 8.25, 14.25, 8.5, 15.25 ], "texture": "#texture" },
        "south": { "uv": [ 7.5, 14.25, 7.75, 15.25 ], "texture": "#texture" },
        "west":  { "uv": [ 7.75, 14.25, 8.25, 15.25 ], "texture": "#texture" },
        "east":  { "uv": [ 7.75, 14.25, 8.25, 15.25 ], "texture": "#texture" }
    }
},
{
    "__comment": "Killer_Frost_Ice_",
    "from": [ 7.5, 4, 7.75 ],
    "to": [ 8.5, 4.25, 8.25 ],
    "faces": {
        "down":  { "uv": [ 8.5, 8.25, 7.5, 7.75 ], "texture": "#texture" },
        "up":    { "uv": [ 7.5, 7.75, 8.5, 8.25 ], "texture": "#texture" },
        "north": { "uv": [ 7.5, 11.75, 8.5, 12 ], "texture": "#texture" },
        "south": { "uv": [ 7.5, 11.75, 8.5, 12 ], "texture": "#texture" },
        "west":  { "uv": [ 7.75, 11.75, 8.25, 12 ], "texture": "#texture" },
        "east":  { "uv": [ 7.75, 11.75, 8.25, 12 ], "texture": "#texture" }
    }
},
{
    "__comment": "Killer_Frost_Ice_",
    "from": [ 7.5, 5.75, 7.75 ],
    "to": [ 8.5, 6.5, 8.25 ],
    "faces": {
        "down":  { "uv": [ 8.5, 8.25, 7.5, 7.75 ], "texture": "#texture" },
        "up":    { "uv": [ 7.5, 7.75, 8.5, 8.25 ], "texture": "#texture" },
        "north": { "uv": [ 7.5, 9.5, 8.5, 10.25 ], "texture": "#texture" },
        "south": { "uv": [ 7.5, 9.5, 8.5, 10.25 ], "texture": "#texture" },
        "west":  { "uv": [ 7.75, 9.5, 8.25, 10.25 ], "texture": "#texture" },
        "east":  { "uv": [ 7.75, 9.5, 8.25, 10.25 ], "texture": "#texture" }
    }
},
{
    "__comment": "Killer_Frost_Ice_",
    "from": [ 7.5, 7.5, 7.75 ],
    "to": [ 8.5, 7.75, 8.25 ],
    "faces": {
        "down":  { "uv": [ 8.5, 8.25, 7.5, 7.75 ], "texture": "#texture" },
        "up":    { "uv": [ 7.5, 7.75, 8.5, 8.25 ], "texture": "#texture" },
        "north": { "uv": [ 7.5, 8.25, 8.5, 8.5 ], "texture": "#texture" },
        "south": { "uv": [ 7.5, 8.25, 8.5, 8.5 ], "texture": "#texture" },
        "west":  { "uv": [ 7.75, 8.25, 8.25, 8.5 ], "texture": "#texture" },
        "east":  { "uv": [ 7.75, 8.25, 8.25, 8.5 ], "texture": "#texture" }
    }
},
{
    "__comment": "Killer_Frost_Ice_",
    "from": [ 7.5, 8.5, 7.75 ],
    "to": [ 8.5, 10.75, 8.25 ],
    "faces": {
        "down":  { "uv": [ 8.5, 8.25, 7.5, 7.75 ], "texture": "#texture" },
        "up":    { "uv": [ 7.5, 7.75, 8.5, 8.25 ], "texture": "#texture" },
        "north": { "uv": [ 7.5, 5.25, 8.5, 7.5 ], "texture": "#texture" },
        "south": { "uv": [ 7.5, 5.25, 8.5, 7.5 ], "texture": "#texture" },
        "west":  { "uv": [ 7.75, 5.25, 8.25, 7.5 ], "texture": "#texture" },
        "east":  { "uv": [ 7.75, 5.25, 8.25, 7.5 ], "texture": "#texture" }
    }
},
{
    "__comment": "Killer_Frost_Ice_",
    "from": [ 7.5, 10.75, 7.75 ],
    "to": [ 8.5, 13.75, 8 ],
    "faces": {
        "down":  { "uv": [ 8.5, 8, 7.5, 7.75 ], "texture": "#texture" },
        "up":    { "uv": [ 7.5, 7.75, 8.5, 8 ], "texture": "#texture" },
        "north": { "uv": [ 7.5, 2.25, 8.5, 5.25 ], "texture": "#texture" },
        "south": { "uv": [ 7.5, 2.25, 8.5, 5.25 ], "texture": "#texture" },
        "west":  { "uv": [ 7.75, 2.25, 8, 5.25 ], "texture": "#texture" },
        "east":  { "uv": [ 8, 2.25, 8.25, 5.25 ], "texture": "#texture" }
    }
},
{
    "__comment": "Killer_Frost_Ice_",
    "from": [ 7.5, 5.5, 8 ],
    "to": [ 8.25, 5.75, 8.5 ],
    "faces": {
        "down":  { "uv": [ 8.5, 8.5, 7.75, 8 ], "texture": "#texture" },
        "up":    { "uv": [ 7.5, 8, 8.25, 8.5 ], "texture": "#texture" },
        "north": { "uv": [ 7.75, 10.25, 8.5, 10.5 ], "texture": "#texture" },
        "south": { "uv": [ 7.5, 10.25, 8.25, 10.5 ], "texture": "#texture" },
        "west":  { "uv": [ 8, 10.25, 8.5, 10.5 ], "texture": "#texture" },
        "east":  { "uv": [ 7.5, 10.25, 8, 10.5 ], "texture": "#texture" }
    }
},
{
    "__comment": "Killer_Frost_Ice_",
    "from": [ 7.5, 7, 8 ],
    "to": [ 8.5, 7.5, 8.25 ],
    "faces": {
        "down":  { "uv": [ 8.5, 8.25, 7.5, 8 ], "texture": "#texture" },
        "up":    { "uv": [ 7.5, 8, 8.5, 8.25 ], "texture": "#texture" },
        "north": { "uv": [ 7.5, 8.5, 8.5, 9 ], "texture": "#texture" },
        "south": { "uv": [ 7.5, 8.5, 8.5, 9 ], "texture": "#texture" },
        "west":  { "uv": [ 8, 8.5, 8.25, 9 ], "texture": "#texture" },
        "east":  { "uv": [ 7.75, 8.5, 8, 9 ], "texture": "#texture" }
    }
},
{
    "__comment": "Killer_Frost_Ice_",
    "from": [ 7.5, 7.75, 8 ],
    "to": [ 8.5, 8.5, 8.25 ],
    "faces": {
        "down":  { "uv": [ 8.5, 8.25, 7.5, 8 ], "texture": "#texture" },
        "up":    { "uv": [ 7.5, 8, 8.5, 8.25 ], "texture": "#texture" },
        "north": { "uv": [ 7.5, 7.5, 8.5, 8.25 ], "texture": "#texture" },
        "south": { "uv": [ 7.5, 7.5, 8.5, 8.25 ], "texture": "#texture" },
        "west":  { "uv": [ 8, 7.5, 8.25, 8.25 ], "texture": "#texture" },
        "east":  { "uv": [ 7.75, 7.5, 8, 8.25 ], "texture": "#texture" }
    }
},
{
    "__comment": "Killer_Frost_Ice_",
    "from": [ 7.5, 12.75, 8 ],
    "to": [ 8.5, 13, 8.25 ],
    "faces": {
        "down":  { "uv": [ 8.5, 8.25, 7.5, 8 ], "texture": "#texture" },
        "up":    { "uv": [ 7.5, 8, 8.5, 8.25 ], "texture": "#texture" },
        "north": { "uv": [ 7.5, 3, 8.5, 3.25 ], "texture": "#texture" },
        "south": { "uv": [ 7.5, 3, 8.5, 3.25 ], "texture": "#texture" },
        "west":  { "uv": [ 8, 3, 8.25, 3.25 ], "texture": "#texture" },
        "east":  { "uv": [ 7.75, 3, 8, 3.25 ], "texture": "#texture" }
    }
},
{
    "__comment": "Killer_Frost_Ice_",
    "from": [ 7.5, 4.25, 8.25 ],
    "to": [ 8.5, 4.75, 8.5 ],
    "faces": {
        "down":  { "uv": [ 8.5, 8.5, 7.5, 8.25 ], "texture": "#texture" },
        "up":    { "uv": [ 7.5, 8.25, 8.5, 8.5 ], "texture": "#texture" },
        "north": { "uv": [ 7.5, 11.25, 8.5, 11.75 ], "texture": "#texture" },
        "south": { "uv": [ 7.5, 11.25, 8.5, 11.75 ], "texture": "#texture" },
        "west":  { "uv": [ 8.25, 11.25, 8.5, 11.75 ], "texture": "#texture" },
        "east":  { "uv": [ 7.5, 11.25, 7.75, 11.75 ], "texture": "#texture" }
    }
},
{
    "__comment": "Killer_Frost_Ice_",
    "from": [ 7.5, 5, 8.25 ],
    "to": [ 8.5, 5.25, 8.5 ],
    "faces": {
        "down":  { "uv": [ 8.5, 8.5, 7.5, 8.25 ], "texture": "#texture" },
        "up":    { "uv": [ 7.5, 8.25, 8.5, 8.5 ], "texture": "#texture" },
        "north": { "uv": [ 7.5, 10.75, 8.5, 11 ], "texture": "#texture" },
        "south": { "uv": [ 7.5, 10.75, 8.5, 11 ], "texture": "#texture" },
        "west":  { "uv": [ 8.25, 10.75, 8.5, 11 ], "texture": "#texture" },
        "east":  { "uv": [ 7.5, 10.75, 7.75, 11 ], "texture": "#texture" }
    }
},
{
    "__comment": "connection to hand hold",
    "from": [ 7.75, 3.75, 7.5 ],
    "to": [ 8.25, 4, 7.75 ],
    "faces": {
        "down":  { "uv": [ 8.25, 7.75, 7.75, 7.5 ], "texture": "#texture" },
        "up":    { "uv": [ 7.75, 7.5, 8.25, 7.75 ], "texture": "#texture" },
        "north": { "uv": [ 7.75, 12, 8.25, 12.25 ], "texture": "#texture" },
        "south": { "uv": [ 7.75, 12, 8.25, 12.25 ], "texture": "#texture" },
        "west":  { "uv": [ 7.5, 12, 7.75, 12.25 ], "texture": "#texture" },
        "east":  { "uv": [ 8.25, 12, 8.5, 12.25 ], "texture": "#texture" }
    }
},
{
    "__comment": "Killer_Frost_Ice_",
    "from": [ 7.75, 4, 7.5 ],
    "to": [ 8.25, 4.25, 7.75 ],
    "faces": {
        "down":  { "uv": [ 8.25, 7.75, 7.75, 7.5 ], "texture": "#texture" },
        "up":    { "uv": [ 7.75, 7.5, 8.25, 7.75 ], "texture": "#texture" },
        "north": { "uv": [ 7.75, 11.75, 8.25, 12 ], "texture": "#texture" },
        "south": { "uv": [ 7.75, 11.75, 8.25, 12 ], "texture": "#texture" },
        "west":  { "uv": [ 7.5, 11.75, 7.75, 12 ], "texture": "#texture" },
        "east":  { "uv": [ 8.25, 11.75, 8.5, 12 ], "texture": "#texture" }
    }
},
{
    "__comment": "Killer_Frost_Ice_",
    "from": [ 7.75, 5.25, 7.5 ],
    "to": [ 8.25, 6, 7.75 ],
    "faces": {
        "down":  { "uv": [ 8.25, 7.75, 7.75, 7.5 ], "texture": "#texture" },
        "up":    { "uv": [ 7.75, 7.5, 8.25, 7.75 ], "texture": "#texture" },
        "north": { "uv": [ 7.75, 10, 8.25, 10.75 ], "texture": "#texture" },
        "south": { "uv": [ 7.75, 10, 8.25, 10.75 ], "texture": "#texture" },
        "west":  { "uv": [ 7.5, 10, 7.75, 10.75 ], "texture": "#texture" },
        "east":  { "uv": [ 8.25, 10, 8.5, 10.75 ], "texture": "#texture" }
    }
},
{
    "__comment": "Crystal Bottom",
    "from": [ 7.75, 0, 7.75 ],
    "to": [ 8.25, 0.75, 8.25 ],
    "faces": {
        "down":  { "uv": [ 8.25, 8.25, 7.75, 7.75 ], "texture": "#texture" },
        "up":    { "uv": [ 7.75, 7.75, 8.25, 8.25 ], "texture": "#texture" },
        "north": { "uv": [ 7.75, 15.25, 8.25, 16 ], "texture": "#texture" },
        "south": { "uv": [ 7.75, 15.25, 8.25, 16 ], "texture": "#texture" },
        "west":  { "uv": [ 7.75, 15.25, 8.25, 16 ], "texture": "#texture" },
        "east":  { "uv": [ 7.75, 15.25, 8.25, 16 ], "texture": "#texture" }
    }
},
{
    "__comment": "Hand Hold",
    "from": [ 7.75, 1.5, 7.75 ],
    "to": [ 8, 4.5, 8 ],
    "faces": {
        "down":  { "uv": [ 8.25, 8, 8, 7.75 ], "texture": "#diamond sword wood" },
        "up":    { "uv": [ 7.75, 7.75, 8, 8 ], "texture": "#diamond sword wood" },
        "north": { "uv": [ 8, 11.5, 8.25, 14.5 ], "texture": "#diamond sword wood" },
        "south": { "uv": [ 7.75, 11.5, 8, 14.5 ], "texture": "#diamond sword wood" },
        "west":  { "uv": [ 7.75, 11.5, 8, 14.5 ], "texture": "#diamond sword wood" },
        "east":  { "uv": [ 8, 11.5, 8.25, 14.5 ], "texture": "#diamond sword wood" }
    }
},
{
    "__comment": "Killer_Frost_Ice_",
    "from": [ 7.75, 13.75, 7.75 ],
    "to": [ 8.25, 15, 8.25 ],
    "faces": {
        "down":  { "uv": [ 8.25, 8.25, 7.75, 7.75 ], "texture": "#texture" },
        "up":    { "uv": [ 7.75, 7.75, 8.25, 8.25 ], "texture": "#texture" },
        "north": { "uv": [ 7.75, 1, 8.25, 2.25 ], "texture": "#texture" },
        "south": { "uv": [ 7.75, 1, 8.25, 2.25 ], "texture": "#texture" },
        "west":  { "uv": [ 7.75, 1, 8.25, 2.25 ], "texture": "#texture" },
        "east":  { "uv": [ 7.75, 1, 8.25, 2.25 ], "texture": "#texture" }
    }
},
{
    "__comment": "Killer_Frost_Ice_",
    "from": [ 7.75, 15, 7.75 ],
    "to": [ 8.25, 15.25, 8 ],
    "faces": {
        "down":  { "uv": [ 8.25, 8, 7.75, 7.75 ], "texture": "#texture" },
        "up":    { "uv": [ 7.75, 7.75, 8.25, 8 ], "texture": "#texture" },
        "north": { "uv": [ 7.75, 0.75, 8.25, 1 ], "texture": "#texture" },
        "south": { "uv": [ 7.75, 0.75, 8.25, 1 ], "texture": "#texture" },
        "west":  { "uv": [ 7.75, 0.75, 8, 1 ], "texture": "#texture" },
        "east":  { "uv": [ 8, 0.75, 8.25, 1 ], "texture": "#texture" }
    }
},
{
    "__comment": "Killer_Frost_Ice_",
    "from": [ 7.75, 10.75, 8 ],
    "to": [ 8.25, 12.75, 8.25 ],
    "faces": {
        "down":  { "uv": [ 8.25, 8.25, 7.75, 8 ], "texture": "#texture" },
        "up":    { "uv": [ 7.75, 8, 8.25, 8.25 ], "texture": "#texture" },
        "north": { "uv": [ 7.75, 3.25, 8.25, 5.25 ], "texture": "#texture" },
        "south": { "uv": [ 7.75, 3.25, 8.25, 5.25 ], "texture": "#texture" },
        "west":  { "uv": [ 8, 3.25, 8.25, 5.25 ], "texture": "#texture" },
        "east":  { "uv": [ 7.75, 3.25, 8, 5.25 ], "texture": "#texture" }
    }
},
{
    "__comment": "Killer_Frost_Ice_",
    "from": [ 7.75, 13, 8 ],
    "to": [ 8.25, 13.75, 8.25 ],
    "faces": {
        "down":  { "uv": [ 8.25, 8.25, 7.75, 8 ], "texture": "#texture" },
        "up":    { "uv": [ 7.75, 8, 8.25, 8.25 ], "texture": "#texture" },
        "north": { "uv": [ 7.75, 2.25, 8.25, 3 ], "texture": "#texture" },
        "south": { "uv": [ 7.75, 2.25, 8.25, 3 ], "texture": "#texture" },
        "west":  { "uv": [ 8, 2.25, 8.25, 3 ], "texture": "#texture" },
        "east":  { "uv": [ 7.75, 2.25, 8, 3 ], "texture": "#texture" }
    }
},
{
    "__comment": "Killer_Frost_Ice_",
    "from": [ 7.75, 4, 8.25 ],
    "to": [ 8.25, 4.25, 8.5 ],
    "faces": {
        "down":  { "uv": [ 8.25, 8.5, 7.75, 8.25 ], "texture": "#texture" },
        "up":    { "uv": [ 7.75, 8.25, 8.25, 8.5 ], "texture": "#texture" },
        "north": { "uv": [ 7.75, 11.75, 8.25, 12 ], "texture": "#texture" },
        "south": { "uv": [ 7.75, 11.75, 8.25, 12 ], "texture": "#texture" },
        "west":  { "uv": [ 8.25, 11.75, 8.5, 12 ], "texture": "#texture" },
        "east":  { "uv": [ 7.5, 11.75, 7.75, 12 ], "texture": "#texture" }
    }
},
{
    "__comment": "Crossguard",
    "from": [ 7.75, 5.25, 8.25 ],
    "to": [ 8.25, 5.5, 8.5 ],
    "faces": {
        "down":  { "uv": [ 8.25, 8.5, 7.75, 8.25 ], "texture": "#texture" },
        "up":    { "uv": [ 7.75, 8.25, 8.25, 8.5 ], "texture": "#texture" },
        "north": { "uv": [ 7.75, 10.5, 8.25, 10.75 ], "texture": "#texture" },
        "south": { "uv": [ 7.75, 10.5, 8.25, 10.75 ], "texture": "#texture" },
        "west":  { "uv": [ 8.25, 10.5, 8.5, 10.75 ], "texture": "#texture" },
        "east":  { "uv": [ 7.5, 10.5, 7.75, 10.75 ], "texture": "#texture" }
    }
},
{
    "__comment": "Killer_Frost_Ice_",
    "from": [ 7.75, 5.75, 8.25 ],
    "to": [ 8, 6.25, 8.5 ],
    "faces": {
        "down":  { "uv": [ 8.25, 8.5, 8, 8.25 ], "texture": "#texture" },
        "up":    { "uv": [ 7.75, 8.25, 8, 8.5 ], "texture": "#texture" },
        "north": { "uv": [ 8, 9.75, 8.25, 10.25 ], "texture": "#texture" },
        "south": { "uv": [ 7.75, 9.75, 8, 10.25 ], "texture": "#texture" },
        "west":  { "uv": [ 8.25, 9.75, 8.5, 10.25 ], "texture": "#texture" },
        "east":  { "uv": [ 7.5, 9.75, 7.75, 10.25 ], "texture": "#texture" }
    }
},
{
    "__comment": "Killer_Frost_Ice_",
    "from": [ 8, 6, 7.5 ],
    "to": [ 8.25, 6.25, 7.75 ],
    "faces": {
        "down":  { "uv": [ 8, 7.75, 7.75, 7.5 ], "texture": "#texture" },
        "up":    { "uv": [ 8, 7.5, 8.25, 7.75 ], "texture": "#texture" },
        "north": { "uv": [ 7.75, 9.75, 8, 10 ], "texture": "#texture" },
        "south": { "uv": [ 8, 9.75, 8.25, 10 ], "texture": "#texture" },
        "west":  { "uv": [ 7.5, 9.75, 7.75, 10 ], "texture": "#texture" },
        "east":  { "uv": [ 8.25, 9.75, 8.5, 10 ], "texture": "#texture" }
    }
},
{
    "__comment": "Killer_Frost_Ice_",
    "from": [ 8, 15.25, 7.75 ],
    "to": [ 8.25, 15.5, 8 ],
    "faces": {
        "down":  { "uv": [ 8, 8, 7.75, 7.75 ], "texture": "#texture" },
        "up":    { "uv": [ 8, 7.75, 8.25, 8 ], "texture": "#texture" },
        "north": { "uv": [ 7.75, 0.5, 8, 0.75 ], "texture": "#texture" },
        "south": { "uv": [ 8, 0.5, 8.25, 0.75 ], "texture": "#texture" },
        "west":  { "uv": [ 7.75, 0.5, 8, 0.75 ], "texture": "#texture" },
        "east":  { "uv": [ 8, 0.5, 8.25, 0.75 ], "texture": "#texture" }
    }
},
{
    "__comment": "Killer_Frost_Ice_",
    "from": [ 8, 5.75, 8.25 ],
    "to": [ 8.25, 6, 8.5 ],
    "faces": {
        "down":  { "uv": [ 8, 8.5, 7.75, 8.25 ], "texture": "#texture" },
        "up":    { "uv": [ 8, 8.25, 8.25, 8.5 ], "texture": "#texture" },
        "north": { "uv": [ 7.75, 10, 8, 10.25 ], "texture": "#texture" },
        "south": { "uv": [ 8, 10, 8.25, 10.25 ], "texture": "#texture" },
        "west":  { "uv": [ 8.25, 10, 8.5, 10.25 ], "texture": "#texture" },
        "east":  { "uv": [ 7.5, 10, 7.75, 10.25 ], "texture": "#texture" }
    }
},
{
    "__comment": "Killer_Frost_Ice_",
    "from": [ 8.25, 5.25, 7.5 ],
    "to": [ 8.5, 5.75, 7.75 ],
    "faces": {
        "down":  { "uv": [ 7.75, 7.75, 7.5, 7.5 ], "texture": "#texture" },
        "up":    { "uv": [ 8.25, 7.5, 8.5, 7.75 ], "texture": "#texture" },
        "north": { "uv": [ 7.5, 10.25, 7.75, 10.75 ], "texture": "#texture" },
        "south": { "uv": [ 8.25, 10.25, 8.5, 10.75 ], "texture": "#texture" },
        "west":  { "uv": [ 7.5, 10.25, 7.75, 10.75 ], "texture": "#texture" },
        "east":  { "uv": [ 8.25, 10.25, 8.5, 10.75 ], "texture": "#texture" }
    }
},
{
    "__comment": "Killer_Frost_Ice_",
    "from": [ 8.25, 5.5, 8 ],
    "to": [ 8.5, 5.75, 8.25 ],
    "faces": {
        "down":  { "uv": [ 7.75, 8.25, 7.5, 8 ], "texture": "#texture" },
        "up":    { "uv": [ 8.25, 8, 8.5, 8.25 ], "texture": "#texture" },
        "north": { "uv": [ 7.5, 10.25, 7.75, 10.5 ], "texture": "#texture" },
        "south": { "uv": [ 8.25, 10.25, 8.5, 10.5 ], "texture": "#texture" },
        "west":  { "uv": [ 8, 10.25, 8.25, 10.5 ], "texture": "#texture" },
        "east":  { "uv": [ 7.75, 10.25, 8, 10.5 ], "texture": "#texture" }
    }
},
{
    "__comment": "Killer_Frost_Ice_",
    "from": [ 8.25, 12.5, 8 ],
    "to": [ 8.5, 12.75, 8.25 ],
    "faces": {
        "down":  { "uv": [ 7.75, 8.25, 7.5, 8 ], "texture": "#texture" },
        "up":    { "uv": [ 8.25, 8, 8.5, 8.25 ], "texture": "#texture" },
        "north": { "uv": [ 7.5, 3.25, 7.75, 3.5 ], "texture": "#texture" },
        "south": { "uv": [ 8.25, 3.25, 8.5, 3.5 ], "texture": "#texture" },
        "west":  { "uv": [ 8, 3.25, 8.25, 3.5 ], "texture": "#texture" },
        "east":  { "uv": [ 7.75, 3.25, 8, 3.5 ], "texture": "#texture" }
    }
},
{
    "__comment": "Killer_Frost_Ice_",
    "from": [ 8.5, 7.5, 7.75 ],
    "to": [ 8.75, 7.75, 8 ],
    "faces": {
        "down":  { "uv": [ 7.5, 8, 7.25, 7.75 ], "texture": "#texture" },
        "up":    { "uv": [ 8.5, 7.75, 8.75, 8 ], "texture": "#texture" },
        "north": { "uv": [ 7.25, 8.25, 7.5, 8.5 ], "texture": "#texture" },
        "south": { "uv": [ 8.5, 8.25, 8.75, 8.5 ], "texture": "#texture" },
        "west":  { "uv": [ 7.75, 8.25, 8, 8.5 ], "texture": "#texture" },
        "east":  { "uv": [ 8, 8.25, 8.25, 8.5 ], "texture": "#texture" }
    }
},
{
    "__comment": "Killer_Frost_Ice_",
    "from": [ 8.5, 4.5, 8.25 ],
    "to": [ 9.25, 4.75, 8.5 ],
    "faces": {
        "down":  { "uv": [ 7.5, 8.5, 6.75, 8.25 ], "texture": "#texture" },
        "up":    { "uv": [ 8.5, 8.25, 9.25, 8.5 ], "texture": "#texture" },
        "north": { "uv": [ 6.75, 11.25, 7.5, 11.5 ], "texture": "#texture" },
        "south": { "uv": [ 8.5, 11.25, 9.25, 11.5 ], "texture": "#texture" },
        "west":  { "uv": [ 8.25, 11.25, 8.5, 11.5 ], "texture": "#texture" },
        "east":  { "uv": [ 7.5, 11.25, 7.75, 11.5 ], "texture": "#texture" }
    }
},
{
    "__comment": "Killer_Frost_Ice_",
    "from": [ 9, 4.75, 7.5 ],
    "to": [ 9.25, 5, 7.75 ],
    "faces": {
        "down":  { "uv": [ 7, 7.75, 6.75, 7.5 ], "texture": "#texture" },
        "up":    { "uv": [ 9, 7.5, 9.25, 7.75 ], "texture": "#texture" },
        "north": { "uv": [ 6.75, 11, 7, 11.25 ], "texture": "#texture" },
        "south": { "uv": [ 9, 11, 9.25, 11.25 ], "texture": "#texture" },
        "west":  { "uv": [ 7.5, 11, 7.75, 11.25 ], "texture": "#texture" },
        "east":  { "uv": [ 8.25, 11, 8.5, 11.25 ], "texture": "#texture" }
    }
},
{
    "__comment": "Killer_Frost_Ice_",
    "from": [ 9, 5.5, 7.75 ],
    "to": [ 9.25, 5.75, 8.25 ],
    "faces": {
        "down":  { "uv": [ 7, 8.25, 6.75, 7.75 ], "texture": "#texture" },
        "up":    { "uv": [ 9, 7.75, 9.25, 8.25 ], "texture": "#texture" },
        "north": { "uv": [ 6.75, 10.25, 7, 10.5 ], "texture": "#texture" },
        "south": { "uv": [ 9, 10.25, 9.25, 10.5 ], "texture": "#texture" },
        "west":  { "uv": [ 7.75, 10.25, 8.25, 10.5 ], "texture": "#texture" },
        "east":  { "uv": [ 7.75, 10.25, 8.25, 10.5 ], "texture": "#texture" }
    }
},
{
    "__comment": "Killer_Frost_Ice_",
    "from": [ 9, 4.75, 8.25 ],
    "to": [ 9.25, 5, 8.5 ],
    "faces": {
        "down":  { "uv": [ 7, 8.5, 6.75, 8.25 ], "texture": "#texture" },
        "up":    { "uv": [ 9, 8.25, 9.25, 8.5 ], "texture": "#texture" },
        "north": { "uv": [ 6.75, 11, 7, 11.25 ], "texture": "#texture" },
        "south": { "uv": [ 9, 11, 9.25, 11.25 ], "texture": "#texture" },
        "west":  { "uv": [ 8.25, 11, 8.5, 11.25 ], "texture": "#texture" },
        "east":  { "uv": [ 7.5, 11, 7.75, 11.25 ], "texture": "#texture" }
    }
},
{
    "__comment": "Killer_Frost_Ice_",
    "from": [ 9.5, 5.25, 7.75 ],
    "to": [ 9.75, 5.5, 8.25 ],
    "faces": {
        "down":  { "uv": [ 6.5, 8.25, 6.25, 7.75 ], "texture": "#texture" },
        "up":    { "uv": [ 9.5, 7.75, 9.75, 8.25 ], "texture": "#texture" },
        "north": { "uv": [ 6.25, 10.5, 6.5, 10.75 ], "texture": "#texture" },
        "south": { "uv": [ 9.5, 10.5, 9.75, 10.75 ], "texture": "#texture" },
        "west":  { "uv": [ 7.75, 10.5, 8.25, 10.75 ], "texture": "#texture" },
        "east":  { "uv": [ 7.75, 10.5, 8.25, 10.75 ], "texture": "#texture" }
    }
},
{
    "__comment": "connection to hand hold*",
    "from": [ 7.75, 3.75, 8.25 ],
    "to": [ 8.25, 4, 8.5 ],
    "faces": {
        "down":  { "uv": [ 8.25, 8.5, 7.75, 8.25 ], "texture": "#texture" },
        "up":    { "uv": [ 7.75, 8.25, 8.25, 8.5 ], "texture": "#texture" },
        "north": { "uv": [ 7.75, 12, 8.25, 12.25 ], "texture": "#texture" },
        "south": { "uv": [ 7.75, 12, 8.25, 12.25 ], "texture": "#texture" },
        "west":  { "uv": [ 8.25, 12, 8.5, 12.25 ], "texture": "#texture" },
        "east":  { "uv": [ 7.5, 12, 7.75, 12.25 ], "texture": "#texture" }
    }
},
{
    "__comment": "Hand Hold*",
    "from": [ 8, 1, 7.75 ],
    "to": [ 8.25, 5, 8 ],
    "faces": {
        "down":  { "uv": [ 8, 8, 7.75, 7.75 ], "texture": "#diamond sword wood" },
        "up":    { "uv": [ 8, 7.75, 8.25, 8 ], "texture": "#diamond sword wood" },
        "north": { "uv": [ 7.75, 11, 8, 15 ], "texture": "#diamond sword wood" },
        "south": { "uv": [ 8, 11, 8.25, 15 ], "texture": "#diamond sword wood" },
        "west":  { "uv": [ 7.75, 11, 8, 15 ], "texture": "#diamond sword wood" },
        "east":  { "uv": [ 8, 11, 8.25, 15 ], "texture": "#diamond sword wood" }
    }
},
{
    "__comment": "Hand Hold*",
    "from": [ 8, 1.25, 8 ],
    "to": [ 8.25, 4.75, 8.25 ],
    "faces": {
        "down":  { "uv": [ 8, 8.25, 7.75, 8 ], "texture": "#diamond sword wood" },
        "up":    { "uv": [ 8, 8, 8.25, 8.25 ], "texture": "#diamond sword wood" },
        "north": { "uv": [ 7.75, 11.25, 8, 14.75 ], "texture": "#diamond sword wood" },
        "south": { "uv": [ 8, 11.25, 8.25, 14.75 ], "texture": "#diamond sword wood" },
        "west":  { "uv": [ 8, 11.25, 8.25, 14.75 ], "texture": "#diamond sword wood" },
        "east":  { "uv": [ 7.75, 11.25, 8, 14.75 ], "texture": "#diamond sword wood" }
    }
},
{
    "__comment": "Hand Hold*",
    "from": [ 7.75, 1, 8 ],
    "to": [ 8, 5.25, 8.25 ],
    "faces": {
        "down":  { "uv": [ 8.25, 8.25, 8, 8 ], "texture": "#diamond sword wood" },
        "up":    { "uv": [ 7.75, 8, 8, 8.25 ], "texture": "#diamond sword wood" },
        "north": { "uv": [ 8, 10.75, 8.25, 15 ], "texture": "#diamond sword wood" },
        "south": { "uv": [ 7.75, 10.75, 8, 15 ], "texture": "#diamond sword wood" },
        "west":  { "uv": [ 8, 10.75, 8.25, 15 ], "texture": "#diamond sword wood" },
        "east":  { "uv": [ 7.75, 10.75, 8, 15 ], "texture": "#diamond sword wood" }
    }
},
{
    "__comment": "Crystal Bottom*",
    "from": [ 8.25, 0.75, 7.75 ],
    "to": [ 8.5, 1.75, 8.25 ],
    "faces": {
        "down":  { "uv": [ 7.75, 8.25, 7.5, 7.75 ], "texture": "#texture" },
        "up":    { "uv": [ 8.25, 7.75, 8.5, 8.25 ], "texture": "#texture" },
        "north": { "uv": [ 7.5, 14.25, 7.75, 15.25 ], "texture": "#texture" },
        "south": { "uv": [ 8.25, 14.25, 8.5, 15.25 ], "texture": "#texture" },
        "west":  { "uv": [ 7.75, 14.25, 8.25, 15.25 ], "texture": "#texture" },
        "east":  { "uv": [ 7.75, 14.25, 8.25, 15.25 ], "texture": "#texture" }
    }
},
{
    "__comment": "Crystal Bottom*",
    "from": [ 7.75, 0.75, 7.5 ],
    "to": [ 8.25, 1.75, 8.5 ],
    "faces": {
        "down":  { "uv": [ 8.25, 8.5, 7.75, 7.5 ], "texture": "#texture" },
        "up":    { "uv": [ 7.75, 7.5, 8.25, 8.5 ], "texture": "#texture" },
        "north": { "uv": [ 7.75, 14.25, 8.25, 15.25 ], "texture": "#texture" },
        "south": { "uv": [ 7.75, 14.25, 8.25, 15.25 ], "texture": "#texture" },
        "west":  { "uv": [ 7.5, 14.25, 8.5, 15.25 ], "texture": "#texture" },
        "east":  { "uv": [ 7.5, 14.25, 8.5, 15.25 ], "texture": "#texture" }
    }
}
],
"display": {
    "thirdperson_righthand": {
        "rotation": [ 0, 90, 0 ],
        "translation": [ 0, 5.67, 1.51 ],
        "scale": [ 1.5, 1.5, 1.5 ]
    },
    "thirdperson_lefthand": {
        "rotation": [ 0, 90, 0 ],
        "translation": [ 0, 6.43, 1.5 ],
        "scale": [ 1.5, 1.5, 1.5 ]
    },
    "head": {
        "rotation": [ 48, 14, 21 ],
        "translation": [ -2.46, -2.27, -8.88 ],
        "scale": [ 2, 2, 2 ]
    },
    "ground": {
        "rotation": [ 90, 0, 0 ],
        "translation": [ 0, 0, 3.3 ],
        "scale": [ 1, 1, 1 ]
    },
    "fixed": {
        "rotation": [ 0, 0, 0 ],
        "translation": [ 0, 0.2, -0.55 ],
        "scale": [ 1.2, 1.2, 1.2 ]
    },
    "firstperson_righthand": {
        "rotation": [ 0, 85, -5 ],
        "translation": [ 0.5, 5, 0 ],
        "scale": [ 1, 1, 1 ]
    },
    "firstperson_lefthand": {
        "rotation": [ 0, 85, -5 ],
        "translation": [ 0, 5, 0 ],
        "scale": [ 1, 1, 1 ]
    },
    "gui": {
        "rotation": [ 8, 8, -45 ],
        "translation": [ 0, 0, 0 ],
        "scale": [ 1.35, 1.35, 1.35 ]
    }
}
}