{
"__comment": "Made by (c) Yannik Pipek. Make sure to inform yourself about my therms of use before using any of my work",
"textures": {
    "particle": "blocks/flower_pot",
    "flowerpot": "blocks/flower_pot",
    "dirt": "blocks/dirt"
},
"elements": [ 
{
    "__comment": "Side 4",
    "from": [ 5, 0, 5 ],
    "to": [ 6, 6, 11 ],
    "faces": {
        "down":  { "uv": [ 5, 5, 6, 11 ], "texture": "#flowerpot", "cullface": "down" },
        "up":    { "uv": [ 5, 5, 6, 11 ], "texture": "#flowerpot" },
        "north": { "uv": [ 10, 10, 11, 16 ], "texture": "#flowerpot" },
        "south": { "uv": [ 5, 10, 6, 16 ], "texture": "#flowerpot" },
        "west":  { "uv": [ 5, 10, 11, 16 ], "texture": "#flowerpot" },
        "east":  { "uv": [ 5, 10, 11, 16 ], "texture": "#flowerpot" }
    }
},
{
    "__comment": "Side 3",
    "from": [ 10, 0, 5 ],
    "to": [ 11, 6, 11 ],
    "faces": {
        "down":  { "uv": [ 10, 5, 11, 11 ], "texture": "#flowerpot", "cullface": "down" },
        "up":    { "uv": [ 10, 5, 11, 11 ], "texture": "#flowerpot" },
        "north": { "uv": [ 5, 10, 6, 16 ], "texture": "#flowerpot" },
        "south": { "uv": [ 10, 10, 11, 16 ], "texture": "#flowerpot" },
        "west":  { "uv": [ 5, 10, 11, 16 ], "texture": "#flowerpot" },
        "east":  { "uv": [ 5, 10, 11, 16 ], "texture": "#flowerpot" }
    }
},
{
    "__comment": "Side 2",
    "from": [ 6, 0, 5 ],
    "to": [ 10, 6, 6 ],
    "faces": {
        "down":  { "uv": [ 6, 10, 10, 11 ], "texture": "#flowerpot", "cullface": "down" },
        "up":    { "uv": [ 6, 5, 10, 6 ], "texture": "#flowerpot" },
        "north": { "uv": [ 6, 10, 10, 16 ], "texture": "#flowerpot" },
        "south": { "uv": [ 6, 10, 10, 16 ], "texture": "#flowerpot" }
    }
},
{
    "__comment": "Side 1",
    "from": [ 6, 0, 10 ],
    "to": [ 10, 6, 11 ],
    "faces": {
        "down":  { "uv": [ 6, 5, 10, 6 ], "texture": "#flowerpot", "cullface": "down" },
        "up":    { "uv": [ 6, 10, 10, 11 ], "texture": "#flowerpot" },
        "north": { "uv": [ 6, 10, 10, 16 ], "texture": "#flowerpot" },
        "south": { "uv": [ 6, 10, 10, 16 ], "texture": "#flowerpot" }
    }
},
{
    "__comment": "Dirt",
    "from": [ 6, 0.25, 6 ],
    "to": [ 10, 4, 10 ],
    "faces": {
        "down":  { "uv": [ 6, 6, 10, 10 ], "texture": "#flowerpot", "cullface": "down" },
        "up":    { "uv": [ 6, 6, 10, 10 ], "texture": "#dirt" }
    }
},
{
    "__comment": "Bottom",
    "from": [ 6, 0, 6 ],
    "to": [ 10, 0.5, 10 ],
    "faces": {
        "down":  { "uv": [ 10, 15.5, 6, 11.5 ], "texture": "#flowerpot", "cullface": "down" },
        "up":    { "uv": [ 6, 11.5, 10, 15.5 ], "texture": "#flowerpot" },
        "north": { "uv": [ 6, 15.25, 10, 15.75 ], "texture": "#flowerpot" },
        "south": { "uv": [ 6, 15.25, 10, 15.75 ], "texture": "#flowerpot" }
    }
}
],
"display": {
    "thirdperson_righthand": {
        "rotation": [ 0, 0, 0 ],
        "translation": [ 0, 7.94, 1.7 ],
        "scale": [ 1, 1, 1 ]
    },
    "thirdperson_lefthand": {
        "rotation": [ 0, 0, 0 ],
        "translation": [ 0, 7.94, 1.7 ],
        "scale": [ 1, 1, 1 ]
    },
    "head": {
        "rotation": [ 0, 0, 0 ],
        "translation": [ 0, 14, 0 ],
        "scale": [ 1, 1, 1 ]
    },
    "ground": {
        "rotation": [ 0, 0, 0 ],
        "translation": [ 0, 1.5, 0 ],
        "scale": [ 0.3, 0.3, 0.3 ]
    },
    "fixed": {
        "rotation": [ -18, 0, 0 ],
        "translation": [ 0, 4.54, -5.1 ],
        "scale": [ 1, 1, 1 ]
    },
    "firstperson_righthand": {
        "rotation": [ 0, 10, 0 ],
        "translation": [ 0, 5.1, 1 ],
        "scale": [ 0.6, 0.6, 0.6 ]
    },
    "firstperson_lefthand": {
        "rotation": [ 0, 10, 0 ],
        "translation": [ 0, 1.2, 1 ],
        "scale": [ 0.3, 0.3, 0.3 ]
    },
    "gui": {
        "rotation": [ 18, 18, 0 ],
        "translation": [ 0, 4.91, 0 ],
        "scale": [ 1.2, 1.2, 1.2 ]
    }
}
}