{
"__comment": "Made by (c) Yannik Pipek. Make sure to inform yourself about my therms of use before using any of my work",
"textures": {
    "particle": "items/gold_sword",
    "texture": "items/gold sword blade",
    "gold sword wood": "items/gold sword wood"
},
"elements": [ 
{
    "__comment": "crossguard middle",
    "from": [ 6.5, 5, 7.75 ],
    "to": [ 9.5, 5.25, 8.25 ],
    "faces": {
        "down":  { "uv": [ 9.5, 8.25, 6.5, 7.75 ], "texture": "#texture" },
        "up":    { "uv": [ 6.5, 7.75, 9.5, 8.25 ], "texture": "#texture" },
        "north": { "uv": [ 6.5, 10.75, 9.5, 11 ], "texture": "#texture" },
        "south": { "uv": [ 6.5, 10.75, 9.5, 11 ], "texture": "#texture" },
        "west":  { "uv": [ 7.75, 10.75, 8.25, 11 ], "texture": "#texture" },
        "east":  { "uv": [ 7.75, 10.75, 8.25, 11 ], "texture": "#texture" }
    }
},
{
    "__comment": "crossguard",
    "from": [ 6.75, 4.75, 7.75 ],
    "to": [ 9.25, 5, 8.25 ],
    "faces": {
        "down":  { "uv": [ 9.25, 8.25, 6.75, 7.75 ], "texture": "#texture" },
        "up":    { "uv": [ 6.75, 7.75, 9.25, 8.25 ], "texture": "#texture" },
        "north": { "uv": [ 6.75, 11, 9.25, 11.25 ], "texture": "#texture" },
        "south": { "uv": [ 6.75, 11, 9.25, 11.25 ], "texture": "#texture" },
        "west":  { "uv": [ 7.75, 11, 8.25, 11.25 ], "texture": "#texture" },
        "east":  { "uv": [ 7.75, 11, 8.25, 11.25 ], "texture": "#texture" }
    }
},
{
    "__comment": "crossguard",
    "from": [ 6.75, 5.25, 7.75 ],
    "to": [ 9.25, 5.5, 8.25 ],
    "faces": {
        "down":  { "uv": [ 9.25, 8.25, 6.75, 7.75 ], "texture": "#texture" },
        "up":    { "uv": [ 6.75, 7.75, 9.25, 8.25 ], "texture": "#texture" },
        "north": { "uv": [ 6.75, 10.5, 9.25, 10.75 ], "texture": "#texture" },
        "south": { "uv": [ 6.75, 10.5, 9.25, 10.75 ], "texture": "#texture" },
        "west":  { "uv": [ 7.75, 10.5, 8.25, 10.75 ], "texture": "#texture" },
        "east":  { "uv": [ 7.75, 10.5, 8.25, 10.75 ], "texture": "#texture" }
    }
},
{
    "__comment": "crossguard",
    "from": [ 7, 4.75, 7.5 ],
    "to": [ 9, 5, 7.75 ],
    "faces": {
        "down":  { "uv": [ 9, 7.75, 7, 7.5 ], "texture": "#texture" },
        "up":    { "uv": [ 7, 7.5, 9, 7.75 ], "texture": "#texture" },
        "north": { "uv": [ 7, 11, 9, 11.25 ], "texture": "#texture" },
        "south": { "uv": [ 7, 11, 9, 11.25 ], "texture": "#texture" },
        "west":  { "uv": [ 7.5, 11, 7.75, 11.25 ], "texture": "#texture" },
        "east":  { "uv": [ 8.25, 11, 8.5, 11.25 ], "texture": "#texture" }
    }
},
{
    "__comment": "crossguard top",
    "from": [ 7, 5.5, 7.75 ],
    "to": [ 9, 5.75, 8.25 ],
    "faces": {
        "down":  { "uv": [ 9, 8.25, 7, 7.75 ], "texture": "#texture" },
        "up":    { "uv": [ 7, 7.75, 9, 8.25 ], "texture": "#texture" },
        "north": { "uv": [ 7, 10.25, 9, 10.5 ], "texture": "#texture" },
        "south": { "uv": [ 7, 10.25, 9, 10.5 ], "texture": "#texture" },
        "west":  { "uv": [ 7.75, 10.25, 8.25, 10.5 ], "texture": "#texture" },
        "east":  { "uv": [ 7.75, 10.25, 8.25, 10.5 ], "texture": "#texture" }
    }
},
{
    "__comment": "crossguard",
    "from": [ 7, 4.75, 8.25 ],
    "to": [ 9, 5, 8.5 ],
    "faces": {
        "down":  { "uv": [ 9, 8.5, 7, 8.25 ], "texture": "#texture" },
        "up":    { "uv": [ 7, 8.25, 9, 8.5 ], "texture": "#texture" },
        "north": { "uv": [ 7, 11, 9, 11.25 ], "texture": "#texture" },
        "south": { "uv": [ 7, 11, 9, 11.25 ], "texture": "#texture" },
        "west":  { "uv": [ 8.25, 11, 8.5, 11.25 ], "texture": "#texture" },
        "east":  { "uv": [ 7.5, 11, 7.75, 11.25 ], "texture": "#texture" }
    }
},
{
    "__comment": "crossguard",
    "from": [ 7.25, 4.5, 7.5 ],
    "to": [ 7.75, 4.75, 8.5 ],
    "faces": {
        "down":  { "uv": [ 8.75, 8.5, 8.25, 7.5 ], "texture": "#texture" },
        "up":    { "uv": [ 7.25, 7.5, 7.75, 8.5 ], "texture": "#texture" },
        "north": { "uv": [ 8.25, 11.25, 8.75, 11.5 ], "texture": "#texture" },
        "south": { "uv": [ 7.25, 11.25, 7.75, 11.5 ], "texture": "#texture" },
        "west":  { "uv": [ 7.5, 11.25, 8.5, 11.5 ], "texture": "#texture" },
        "east":  { "uv": [ 7.5, 11.25, 8.5, 11.5 ], "texture": "#texture" }
    }
},
{
    "__comment": "Blade Bottom",
    "from": [ 7.5, 5.75, 7.75 ],
    "to": [ 8.5, 6, 8.25 ],
    "faces": {
        "down":  { "uv": [ 8.5, 8.25, 7.5, 7.75 ], "texture": "#texture" },
        "up":    { "uv": [ 7.5, 7.75, 8.5, 8.25 ], "texture": "#texture" },
        "north": { "uv": [ 7.5, 10, 8.5, 10.25 ], "texture": "#texture" },
        "south": { "uv": [ 7.5, 10, 8.5, 10.25 ], "texture": "#texture" },
        "west":  { "uv": [ 7.75, 10, 8.25, 10.25 ], "texture": "#texture" },
        "east":  { "uv": [ 7.75, 10, 8.25, 10.25 ], "texture": "#texture" }
    }
},
{
    "__comment": "crossguard bottom",
    "from": [ 7.5, 4.25, 7.75 ],
    "to": [ 7.75, 4.5, 8.25 ],
    "faces": {
        "down":  { "uv": [ 8.5, 8.25, 8.25, 7.75 ], "texture": "#texture" },
        "up":    { "uv": [ 7.5, 7.75, 7.75, 8.25 ], "texture": "#texture" },
        "north": { "uv": [ 8.25, 11.5, 8.5, 11.75 ], "texture": "#texture" },
        "south": { "uv": [ 7.5, 11.5, 7.75, 11.75 ], "texture": "#texture" },
        "west":  { "uv": [ 7.75, 11.5, 8.25, 11.75 ], "texture": "#texture" },
        "east":  { "uv": [ 7.75, 11.5, 8.25, 11.75 ], "texture": "#texture" }
    }
},
{
    "__comment": "Blade Middle",
    "from": [ 7.5, 6, 7.75 ],
    "to": [ 8.25, 10.25, 8.25 ],
    "faces": {
        "down":  { "uv": [ 8.5, 8.25, 7.75, 7.75 ], "texture": "#texture" },
        "up":    { "uv": [ 7.5, 7.75, 8.25, 8.25 ], "texture": "#texture" },
        "north": { "uv": [ 7.75, 5.75, 8.5, 10 ], "texture": "#texture" },
        "south": { "uv": [ 7.5, 5.75, 8.25, 10 ], "texture": "#texture" },
        "west":  { "uv": [ 7.75, 5.75, 8.25, 10 ], "texture": "#texture" },
        "east":  { "uv": [ 7.75, 5.75, 8.25, 10 ], "texture": "#texture" }
    }
},
{
    "__comment": "crossguard",
    "from": [ 7.75, 5, 7.5 ],
    "to": [ 8.25, 5.25, 7.75 ],
    "faces": {
        "down":  { "uv": [ 8.25, 7.75, 7.75, 7.5 ], "texture": "#texture" },
        "up":    { "uv": [ 7.75, 7.5, 8.25, 7.75 ], "texture": "#texture" },
        "north": { "uv": [ 7.75, 10.75, 8.25, 11 ], "texture": "#texture" },
        "south": { "uv": [ 7.75, 10.75, 8.25, 11 ], "texture": "#texture" },
        "west":  { "uv": [ 7.5, 10.75, 7.75, 11 ], "texture": "#texture" },
        "east":  { "uv": [ 8.25, 10.75, 8.5, 11 ], "texture": "#texture" }
    }
},
{
    "__comment": "Ball/ Sworld end",
    "from": [ 7.75, 1.5, 7.75 ],
    "to": [ 8.25, 2, 8.25 ],
    "faces": {
        "down":  { "uv": [ 8.25, 8.25, 7.75, 7.75 ], "texture": "#texture" },
        "up":    { "uv": [ 7.75, 7.75, 8.25, 8.25 ], "texture": "#texture" },
        "north": { "uv": [ 7.75, 14, 8.25, 14.5 ], "texture": "#texture" },
        "south": { "uv": [ 7.75, 14, 8.25, 14.5 ], "texture": "#texture" },
        "west":  { "uv": [ 7.75, 14, 8.25, 14.5 ], "texture": "#texture" },
        "east":  { "uv": [ 7.75, 14, 8.25, 14.5 ], "texture": "#texture" }
    }
},
{
    "__comment": "Hand Hold",
    "from": [ 7.75, 2, 7.75 ],
    "to": [ 8.25, 4.5, 8.25 ],
    "faces": {
        "down":  { "uv": [ 8.25, 8.25, 7.75, 7.75 ], "texture": "#gold sword wood" },
        "up":    { "uv": [ 7.75, 7.75, 8.25, 8.25 ], "texture": "#gold sword wood" },
        "north": { "uv": [ 7.75, 11.5, 8.25, 14 ], "texture": "#gold sword wood" },
        "south": { "uv": [ 7.75, 11.5, 8.25, 14 ], "texture": "#gold sword wood" },
        "west":  { "uv": [ 7.75, 11.5, 8.25, 14 ], "texture": "#gold sword wood" },
        "east":  { "uv": [ 7.75, 11.5, 8.25, 14 ], "texture": "#gold sword wood" }
    }
},
{
    "__comment": "crossguard",
    "from": [ 7.75, 4.5, 7.75 ],
    "to": [ 8.75, 4.75, 8.25 ],
    "faces": {
        "down":  { "uv": [ 8.25, 8.25, 7.25, 7.75 ], "texture": "#texture" },
        "up":    { "uv": [ 7.75, 7.75, 8.75, 8.25 ], "texture": "#texture" },
        "north": { "uv": [ 7.25, 11.25, 8.25, 11.5 ], "texture": "#texture" },
        "south": { "uv": [ 7.75, 11.25, 8.75, 11.5 ], "texture": "#texture" },
        "west":  { "uv": [ 7.75, 11.25, 8.25, 11.5 ], "texture": "#texture" },
        "east":  { "uv": [ 7.75, 11.25, 8.25, 11.5 ], "texture": "#texture" }
    }
},
{
    "__comment": "Blade Top",
    "from": [ 7.75, 10.25, 7.75 ],
    "to": [ 8.25, 13.75, 8.25 ],
    "faces": {
        "down":  { "uv": [ 8.25, 8.25, 7.75, 7.75 ], "texture": "#texture" },
        "up":    { "uv": [ 7.75, 7.75, 8.25, 8.25 ], "texture": "#texture" },
        "north": { "uv": [ 7.75, 2.25, 8.25, 5.75 ], "texture": "#texture" },
        "south": { "uv": [ 7.75, 2.25, 8.25, 5.75 ], "texture": "#texture" },
        "west":  { "uv": [ 7.75, 2.25, 8.25, 5.75 ], "texture": "#texture" },
        "east":  { "uv": [ 7.75, 2.25, 8.25, 5.75 ], "texture": "#texture" }
    }
},
{
    "__comment": "crossguard",
    "from": [ 7.75, 5, 8.25 ],
    "to": [ 8.25, 5.25, 8.5 ],
    "faces": {
        "down":  { "uv": [ 8.25, 8.5, 7.75, 8.25 ], "texture": "#texture" },
        "up":    { "uv": [ 7.75, 8.25, 8.25, 8.5 ], "texture": "#texture" },
        "north": { "uv": [ 7.75, 10.75, 8.25, 11 ], "texture": "#texture" },
        "south": { "uv": [ 7.75, 10.75, 8.25, 11 ], "texture": "#texture" },
        "west":  { "uv": [ 8.25, 10.75, 8.5, 11 ], "texture": "#texture" },
        "east":  { "uv": [ 7.5, 10.75, 7.75, 11 ], "texture": "#texture" }
    }
},
{
    "__comment": "crossguard",
    "from": [ 8.25, 4.5, 7.5 ],
    "to": [ 8.75, 4.75, 7.75 ],
    "faces": {
        "down":  { "uv": [ 7.75, 7.75, 7.25, 7.5 ], "texture": "#texture" },
        "up":    { "uv": [ 8.25, 7.5, 8.75, 7.75 ], "texture": "#texture" },
        "north": { "uv": [ 7.25, 11.25, 7.75, 11.5 ], "texture": "#texture" },
        "south": { "uv": [ 8.25, 11.25, 8.75, 11.5 ], "texture": "#texture" },
        "west":  { "uv": [ 7.5, 11.25, 7.75, 11.5 ], "texture": "#texture" },
        "east":  { "uv": [ 8.25, 11.25, 8.5, 11.5 ], "texture": "#texture" }
    }
},
{
    "__comment": "Blade front",
    "from": [ 8.25, 6, 7.75 ],
    "to": [ 8.5, 9.25, 8.25 ],
    "faces": {
        "down":  { "uv": [ 7.75, 8.25, 7.5, 7.75 ], "texture": "#texture" },
        "up":    { "uv": [ 8.25, 7.75, 8.5, 8.25 ], "texture": "#texture" },
        "north": { "uv": [ 7.5, 6.75, 7.75, 10 ], "texture": "#texture" },
        "south": { "uv": [ 8.25, 6.75, 8.5, 10 ], "texture": "#texture" },
        "west":  { "uv": [ 7.75, 6.75, 8.25, 10 ], "texture": "#texture" },
        "east":  { "uv": [ 7.75, 6.75, 8.25, 10 ], "texture": "#texture" }
    }
},
{
    "__comment": "crossguard",
    "from": [ 8.25, 4.5, 8.25 ],
    "to": [ 8.75, 4.75, 8.5 ],
    "faces": {
        "down":  { "uv": [ 7.75, 8.5, 7.25, 8.25 ], "texture": "#texture" },
        "up":    { "uv": [ 8.25, 8.25, 8.75, 8.5 ], "texture": "#texture" },
        "north": { "uv": [ 7.25, 11.25, 7.75, 11.5 ], "texture": "#texture" },
        "south": { "uv": [ 8.25, 11.25, 8.75, 11.5 ], "texture": "#texture" },
        "west":  { "uv": [ 8.25, 11.25, 8.5, 11.5 ], "texture": "#texture" },
        "east":  { "uv": [ 7.5, 11.25, 7.75, 11.5 ], "texture": "#texture" }
    }
},
{
    "__comment": "Ball/ Sworld end*",
    "from": [ 7.5, 1.75, 7.75 ],
    "to": [ 7.75, 2.25, 8.25 ],
    "faces": {
        "down":  { "uv": [ 8.5, 8.25, 8.25, 7.75 ], "texture": "#texture" },
        "up":    { "uv": [ 7.5, 7.75, 7.75, 8.25 ], "texture": "#texture" },
        "north": { "uv": [ 8.25, 13.75, 8.5, 14.25 ], "texture": "#texture" },
        "south": { "uv": [ 7.5, 13.75, 7.75, 14.25 ], "texture": "#texture" },
        "west":  { "uv": [ 7.75, 13.75, 8.25, 14.25 ], "texture": "#texture" },
        "east":  { "uv": [ 7.75, 13.75, 8.25, 14.25 ], "texture": "#texture" }
    }
},
{
    "__comment": "Ball/ Sworld end*",
    "from": [ 7.75, 1.75, 8.25 ],
    "to": [ 8.25, 2.25, 8.5 ],
    "faces": {
        "down":  { "uv": [ 8.25, 8.5, 7.75, 8.25 ], "texture": "#texture" },
        "up":    { "uv": [ 7.75, 8.25, 8.25, 8.5 ], "texture": "#texture" },
        "north": { "uv": [ 7.75, 13.75, 8.25, 14.25 ], "texture": "#texture" },
        "south": { "uv": [ 7.75, 13.75, 8.25, 14.25 ], "texture": "#texture" },
        "west":  { "uv": [ 8.25, 13.75, 8.5, 14.25 ], "texture": "#texture" },
        "east":  { "uv": [ 7.5, 13.75, 7.75, 14.25 ], "texture": "#texture" }
    }
},
{
    "__comment": "Ball/ Sworld end*",
    "from": [ 8.25, 1.75, 7.75 ],
    "to": [ 8.5, 2.25, 8.25 ],
    "faces": {
        "down":  { "uv": [ 7.75, 8.25, 7.5, 7.75 ], "texture": "#texture" },
        "up":    { "uv": [ 8.25, 7.75, 8.5, 8.25 ], "texture": "#texture" },
        "north": { "uv": [ 7.5, 13.75, 7.75, 14.25 ], "texture": "#texture" },
        "south": { "uv": [ 8.25, 13.75, 8.5, 14.25 ], "texture": "#texture" },
        "west":  { "uv": [ 7.75, 13.75, 8.25, 14.25 ], "texture": "#texture" },
        "east":  { "uv": [ 7.75, 13.75, 8.25, 14.25 ], "texture": "#texture" }
    }
},
{
    "__comment": "Ball/ Sworld end*",
    "from": [ 7.75, 1.75, 7.5 ],
    "to": [ 8.25, 2.25, 7.75 ],
    "faces": {
        "down":  { "uv": [ 8.25, 7.75, 7.75, 7.5 ], "texture": "#texture" },
        "up":    { "uv": [ 7.75, 7.5, 8.25, 7.75 ], "texture": "#texture" },
        "north": { "uv": [ 7.75, 13.75, 8.25, 14.25 ], "texture": "#texture" },
        "south": { "uv": [ 7.75, 13.75, 8.25, 14.25 ], "texture": "#texture" },
        "west":  { "uv": [ 7.5, 13.75, 7.75, 14.25 ], "texture": "#texture" },
        "east":  { "uv": [ 8.25, 13.75, 8.5, 14.25 ], "texture": "#texture" }
    }
},
{
    "__comment": "crossguard bottom*",
    "from": [ 8.25, 4.25, 7.75 ],
    "to": [ 8.5, 4.5, 8.25 ],
    "faces": {
        "down":  { "uv": [ 7.75, 8.25, 7.5, 7.75 ], "texture": "#texture" },
        "up":    { "uv": [ 8.25, 7.75, 8.5, 8.25 ], "texture": "#texture" },
        "north": { "uv": [ 7.5, 11.5, 7.75, 11.75 ], "texture": "#texture" },
        "south": { "uv": [ 8.25, 11.5, 8.5, 11.75 ], "texture": "#texture" },
        "west":  { "uv": [ 7.75, 11.5, 8.25, 11.75 ], "texture": "#texture" },
        "east":  { "uv": [ 7.75, 11.5, 8.25, 11.75 ], "texture": "#texture" }
    }
}
],
"display": {
    "thirdperson_righthand": {
        "rotation": [ 0, 90, 0 ],
        "translation": [ 0, 5.67, 1.51 ],
        "scale": [ 1.5, 1.5, 1.5 ]
    },
    "thirdperson_lefthand": {
        "rotation": [ 0, 90, 0 ],
        "translation": [ 0, 7.75, 1.5 ],
        "scale": [ 1.5, 1.5, 1.5 ]
    },
    "head": {
        "rotation": [ 18, -16, -17 ],
        "translation": [ -3.78, -12.66, -7.37 ],
        "scale": [ 2, 2, 2 ]
    },
    "ground": {
        "rotation": [ 90, 0, 0 ],
        "translation": [ 0, 0, 3.3 ],
        "scale": [ 1, 1, 1 ]
    },
    "fixed": {
        "rotation": [ 0, 0, 0 ],
        "translation": [ 0, 0.2, -0.55 ],
        "scale": [ 1.2, 1.2, 1.2 ]
    },
    "firstperson_righthand": {
        "rotation": [ 0, 85, -5 ],
        "translation": [ 0.5, 4.5, 0 ],
        "scale": [ 1, 1, 1 ]
    },
    "firstperson_lefthand": {
        "rotation": [ 0, 85, -5 ],
        "translation": [ 0, 4.5, 0 ],
        "scale": [ 1, 1, 1 ]
    },
    "gui": {
        "rotation": [ 10, 10, -45 ],
        "translation": [ 0, 0, 0 ],
        "scale": [ 1.35, 1.35, 1.35 ]
    }
}
}