{
"__comment": "Made by (c) Yannik Pipek. Make sure to inform yourself about my therms of use before using any of my work",
"textures": {
    "particle": "items/gold_shovel",
    "golden shovel wood": "items/golden shovel wood",
    "texture": "items/golden shovel gold"
},
"elements": [ 
{
    "__comment": "shovel hand held",
    "from": [ 6.75, 15.5, 7.75 ],
    "to": [ 9.25, 16, 8.25 ],
    "faces": {
        "down":  { "uv": [ 9.25, 8.25, 6.75, 7.75 ], "texture": "#golden shovel wood" },
        "up":    { "uv": [ 6.75, 7.75, 9.25, 8.25 ], "texture": "#golden shovel wood" },
        "north": { "uv": [ 6.75, 0, 9.25, 0.5 ], "texture": "#golden shovel wood" },
        "south": { "uv": [ 6.75, 0, 9.25, 0.5 ], "texture": "#golden shovel wood" },
        "west":  { "uv": [ 7.75, 0, 8.25, 0.5 ], "texture": "#golden shovel wood" },
        "east":  { "uv": [ 7.75, 0, 8.25, 0.5 ], "texture": "#golden shovel wood" }
    }
},
{
    "__comment": "shovel head",
    "from": [ 6.75, 0.75, 8 ],
    "to": [ 7, 1.75, 8.25 ],
    "faces": {
        "down":  { "uv": [ 9.25, 8.25, 9, 8 ], "texture": "#texture" },
        "up":    { "uv": [ 6.75, 8, 7, 8.25 ], "texture": "#texture" },
        "north": { "uv": [ 9, 14.25, 9.25, 15.25 ], "texture": "#texture" },
        "south": { "uv": [ 6.75, 14.25, 7, 15.25 ], "texture": "#texture" },
        "west":  { "uv": [ 8, 14.25, 8.25, 15.25 ], "texture": "#texture" },
        "east":  { "uv": [ 7.75, 14.25, 8, 15.25 ], "texture": "#texture" }
    }
},
{
    "__comment": "shovel hand held",
    "from": [ 7, 15.25, 7.75 ],
    "to": [ 7.5, 15.5, 8 ],
    "faces": {
        "down":  { "uv": [ 9, 8, 8.5, 7.75 ], "texture": "#golden shovel wood" },
        "up":    { "uv": [ 7, 7.75, 7.5, 8 ], "texture": "#golden shovel wood" },
        "north": { "uv": [ 8.5, 0.5, 9, 0.75 ], "texture": "#golden shovel wood" },
        "south": { "uv": [ 7, 0.5, 7.5, 0.75 ], "texture": "#golden shovel wood" },
        "west":  { "uv": [ 7.75, 0.5, 8, 0.75 ], "texture": "#golden shovel wood" },
        "east":  { "uv": [ 8, 0.5, 8.25, 0.75 ], "texture": "#golden shovel wood" }
    }
},
{
    "__comment": "shovel head",
    "from": [ 7.25, 3.75, 7.75 ],
    "to": [ 8.75, 4, 8 ],
    "faces": {
        "down":  { "uv": [ 8.75, 8, 7.25, 7.75 ], "texture": "#texture" },
        "up":    { "uv": [ 7.25, 7.75, 8.75, 8 ], "texture": "#texture" },
        "north": { "uv": [ 7.25, 12, 8.75, 12.25 ], "texture": "#texture" },
        "south": { "uv": [ 7.25, 12, 8.75, 12.25 ], "texture": "#texture" },
        "west":  { "uv": [ 7.75, 12, 8, 12.25 ], "texture": "#texture" },
        "east":  { "uv": [ 8, 12, 8.25, 12.25 ], "texture": "#texture" }
    }
},
{
    "__comment": "shovel head",
    "from": [ 7.25, 0.75, 7.75 ],
    "to": [ 8.75, 1.5, 8 ],
    "faces": {
        "down":  { "uv": [ 8.75, 8, 7.25, 7.75 ], "texture": "#texture" },
        "up":    { "uv": [ 7.25, 7.75, 8.75, 8 ], "texture": "#texture" },
        "north": { "uv": [ 7.25, 14.5, 8.75, 15.25 ], "texture": "#texture" },
        "south": { "uv": [ 7.25, 14.5, 8.75, 15.25 ], "texture": "#texture" },
        "west":  { "uv": [ 7.75, 14.5, 8, 15.25 ], "texture": "#texture" },
        "east":  { "uv": [ 8, 14.5, 8.25, 15.25 ], "texture": "#texture" }
    }
},
{
    "__comment": "shovel head",
    "from": [ 7.5, 4, 7.75 ],
    "to": [ 7.75, 5, 8 ],
    "faces": {
        "down":  { "uv": [ 8.5, 8, 8.25, 7.75 ], "texture": "#texture" },
        "up":    { "uv": [ 7.5, 7.75, 7.75, 8 ], "texture": "#texture" },
        "north": { "uv": [ 8.25, 11, 8.5, 12 ], "texture": "#texture" },
        "south": { "uv": [ 7.5, 11, 7.75, 12 ], "texture": "#texture" },
        "west":  { "uv": [ 7.75, 11, 8, 12 ], "texture": "#texture" },
        "east":  { "uv": [ 8, 11, 8.25, 12 ], "texture": "#texture" }
    }
},
{
    "__comment": "shovel head",
    "from": [ 7.5, 0.25, 8 ],
    "to": [ 8.5, 0.5, 8.25 ],
    "faces": {
        "down":  { "uv": [ 8.5, 8.25, 7.5, 8 ], "texture": "#texture" },
        "up":    { "uv": [ 7.5, 8, 8.5, 8.25 ], "texture": "#texture" },
        "north": { "uv": [ 7.5, 15.5, 8.5, 15.75 ], "texture": "#texture" },
        "south": { "uv": [ 7.5, 15.5, 8.5, 15.75 ], "texture": "#texture" },
        "west":  { "uv": [ 8, 15.5, 8.25, 15.75 ], "texture": "#texture" },
        "east":  { "uv": [ 7.75, 15.5, 8, 15.75 ], "texture": "#texture" }
    }
},
{
    "__comment": "shovel head",
    "from": [ 7.75, 0.5, 7.75 ],
    "to": [ 8.25, 0.75, 8 ],
    "faces": {
        "down":  { "uv": [ 8.25, 8, 7.75, 7.75 ], "texture": "#texture" },
        "up":    { "uv": [ 7.75, 7.75, 8.25, 8 ], "texture": "#texture" },
        "north": { "uv": [ 7.75, 15.25, 8.25, 15.5 ], "texture": "#texture" },
        "south": { "uv": [ 7.75, 15.25, 8.25, 15.5 ], "texture": "#texture" },
        "west":  { "uv": [ 7.75, 15.25, 8, 15.5 ], "texture": "#texture" },
        "east":  { "uv": [ 8, 15.25, 8.25, 15.5 ], "texture": "#texture" }
    }
},
{
    "__comment": "shovel hand held",
    "from": [ 7.75, 6, 7.75 ],
    "to": [ 8.25, 15.5, 8.25 ],
    "faces": {
        "down":  { "uv": [ 8.25, 8.25, 7.75, 7.75 ], "texture": "#golden shovel wood" },
        "up":    { "uv": [ 7.75, 7.75, 8.25, 8.25 ], "texture": "#golden shovel wood" },
        "north": { "uv": [ 7.75, 0.5, 8.25, 10 ], "texture": "#golden shovel wood" },
        "south": { "uv": [ 7.75, 0.5, 8.25, 10 ], "texture": "#golden shovel wood" },
        "west":  { "uv": [ 7.75, 0.5, 8.25, 10 ], "texture": "#golden shovel wood" },
        "east":  { "uv": [ 7.75, 0.5, 8.25, 10 ], "texture": "#golden shovel wood" }
    }
},
{
    "__comment": "shovel head",
    "from": [ 7.75, 0, 8 ],
    "to": [ 8.25, 0.25, 8.25 ],
    "faces": {
        "down":  { "uv": [ 8.25, 8.25, 7.75, 8 ], "texture": "#texture" },
        "up":    { "uv": [ 7.75, 8, 8.25, 8.25 ], "texture": "#texture" },
        "north": { "uv": [ 7.75, 15.75, 8.25, 16 ], "texture": "#texture" },
        "south": { "uv": [ 7.75, 15.75, 8.25, 16 ], "texture": "#texture" },
        "west":  { "uv": [ 8, 15.75, 8.25, 16 ], "texture": "#texture" },
        "east":  { "uv": [ 7.75, 15.75, 8, 16 ], "texture": "#texture" }
    }
},
{
    "__comment": "shovel hand held",
    "from": [ 7.75, 4, 7.5 ],
    "to": [ 8.25, 6, 8.25 ],
    "faces": {
        "down":  { "uv": [ 8.25, 8.25, 7.75, 7.5 ], "texture": "#golden shovel wood" },
        "up":    { "uv": [ 7.75, 7.5, 8.25, 8.25 ], "texture": "#golden shovel wood" },
        "north": { "uv": [ 7.75, 10, 8.25, 12 ], "texture": "#golden shovel wood" },
        "south": { "uv": [ 7.75, 10, 8.25, 12 ], "texture": "#golden shovel wood" },
        "west":  { "uv": [ 7.5, 10, 8.25, 12 ], "texture": "#golden shovel wood" },
        "east":  { "uv": [ 7.75, 10, 8.5, 12 ], "texture": "#golden shovel wood" }
    }
},
{
    "__comment": "shovel hand held",
    "from": [ 8.5, 15.25, 7.75 ],
    "to": [ 9, 15.5, 8 ],
    "faces": {
        "down":  { "uv": [ 7.5, 8, 7, 7.75 ], "texture": "#golden shovel wood" },
        "up":    { "uv": [ 8.5, 7.75, 9, 8 ], "texture": "#golden shovel wood" },
        "north": { "uv": [ 7, 0.5, 7.5, 0.75 ], "texture": "#golden shovel wood" },
        "south": { "uv": [ 8.5, 0.5, 9, 0.75 ], "texture": "#golden shovel wood" },
        "west":  { "uv": [ 7.75, 0.5, 8, 0.75 ], "texture": "#golden shovel wood" },
        "east":  { "uv": [ 8, 0.5, 8.25, 0.75 ], "texture": "#golden shovel wood" }
    }
},
{
    "__comment": "shovel head",
    "from": [ 9, 0.75, 8 ],
    "to": [ 9.25, 1.75, 8.25 ],
    "faces": {
        "down":  { "uv": [ 7, 8.25, 6.75, 8 ], "texture": "#texture" },
        "up":    { "uv": [ 9, 8, 9.25, 8.25 ], "texture": "#texture" },
        "north": { "uv": [ 6.75, 14.25, 7, 15.25 ], "texture": "#texture" },
        "south": { "uv": [ 9, 14.25, 9.25, 15.25 ], "texture": "#texture" },
        "west":  { "uv": [ 8, 14.25, 8.25, 15.25 ], "texture": "#texture" },
        "east":  { "uv": [ 7.75, 14.25, 8, 15.25 ], "texture": "#texture" }
    }
},
{
    "__comment": "shovel head*",
    "from": [ 7.25, 2.25, 7.5 ],
    "to": [ 8.75, 3.75, 7.75 ],
    "faces": {
        "down":  { "uv": [ 8.75, 7.75, 7.25, 7.5 ], "texture": "#texture" },
        "up":    { "uv": [ 7.25, 7.5, 8.75, 7.75 ], "texture": "#texture" },
        "north": { "uv": [ 7.25, 12.25, 8.75, 13.75 ], "texture": "#texture" },
        "south": { "uv": [ 7.25, 12.25, 8.75, 13.75 ], "texture": "#texture" },
        "west":  { "uv": [ 7.5, 12.25, 7.75, 13.75 ], "texture": "#texture" },
        "east":  { "uv": [ 8.25, 12.25, 8.5, 13.75 ], "texture": "#texture" }
    }
},
{
    "__comment": "shovel head*",
    "from": [ 7, 1.5, 7.75 ],
    "to": [ 9, 2, 8 ],
    "faces": {
        "down":  { "uv": [ 9, 8, 7, 7.75 ], "texture": "#texture" },
        "up":    { "uv": [ 7, 7.75, 9, 8 ], "texture": "#texture" },
        "north": { "uv": [ 7, 14, 9, 14.5 ], "texture": "#texture" },
        "south": { "uv": [ 7, 14, 9, 14.5 ], "texture": "#texture" },
        "west":  { "uv": [ 7.75, 14, 8, 14.5 ], "texture": "#texture" },
        "east":  { "uv": [ 8, 14, 8.25, 14.5 ], "texture": "#texture" }
    }
},
{
    "__comment": "shovel head*",
    "from": [ 7.25, 2, 7.75 ],
    "to": [ 7.75, 2.25, 8 ],
    "faces": {
        "down":  { "uv": [ 8.75, 8, 8.25, 7.75 ], "texture": "#texture" },
        "up":    { "uv": [ 7.25, 7.75, 7.75, 8 ], "texture": "#texture" },
        "north": { "uv": [ 8.25, 13.75, 8.75, 14 ], "texture": "#texture" },
        "south": { "uv": [ 7.25, 13.75, 7.75, 14 ], "texture": "#texture" },
        "west":  { "uv": [ 7.75, 13.75, 8, 14 ], "texture": "#texture" },
        "east":  { "uv": [ 8, 13.75, 8.25, 14 ], "texture": "#texture" }
    }
},
{
    "__comment": "shovel head*",
    "from": [ 8.25, 2, 7.75 ],
    "to": [ 8.75, 2.25, 8 ],
    "faces": {
        "down":  { "uv": [ 7.75, 8, 7.25, 7.75 ], "texture": "#texture" },
        "up":    { "uv": [ 8.25, 7.75, 8.75, 8 ], "texture": "#texture" },
        "north": { "uv": [ 7.25, 13.75, 7.75, 14 ], "texture": "#texture" },
        "south": { "uv": [ 8.25, 13.75, 8.75, 14 ], "texture": "#texture" },
        "west":  { "uv": [ 7.75, 13.75, 8, 14 ], "texture": "#texture" },
        "east":  { "uv": [ 8, 13.75, 8.25, 14 ], "texture": "#texture" }
    }
},
{
    "__comment": "shovel head*",
    "from": [ 7.75, 2, 7.5 ],
    "to": [ 8.25, 2.25, 7.75 ],
    "faces": {
        "down":  { "uv": [ 8.25, 7.75, 7.75, 7.5 ], "texture": "#texture" },
        "up":    { "uv": [ 7.75, 7.5, 8.25, 7.75 ], "texture": "#texture" },
        "north": { "uv": [ 7.75, 13.75, 8.25, 14 ], "texture": "#texture" },
        "south": { "uv": [ 7.75, 13.75, 8.25, 14 ], "texture": "#texture" },
        "west":  { "uv": [ 7.5, 13.75, 7.75, 14 ], "texture": "#texture" },
        "east":  { "uv": [ 8.25, 13.75, 8.5, 14 ], "texture": "#texture" }
    }
},
{
    "__comment": "shovel head*",
    "from": [ 8.75, 2, 7.75 ],
    "to": [ 9, 4, 8 ],
    "faces": {
        "down":  { "uv": [ 7.25, 8, 7, 7.75 ], "texture": "#texture" },
        "up":    { "uv": [ 8.75, 7.75, 9, 8 ], "texture": "#texture" },
        "north": { "uv": [ 7, 12, 7.25, 14 ], "texture": "#texture" },
        "south": { "uv": [ 8.75, 12, 9, 14 ], "texture": "#texture" },
        "west":  { "uv": [ 7.75, 12, 8, 14 ], "texture": "#texture" },
        "east":  { "uv": [ 8, 12, 8.25, 14 ], "texture": "#texture" }
    }
},
{
    "__comment": "shovel head*",
    "from": [ 7, 2, 7.75 ],
    "to": [ 7.25, 4, 8 ],
    "faces": {
        "down":  { "uv": [ 9, 8, 8.75, 7.75 ], "texture": "#texture" },
        "up":    { "uv": [ 7, 7.75, 7.25, 8 ], "texture": "#texture" },
        "north": { "uv": [ 8.75, 12, 9, 14 ], "texture": "#texture" },
        "south": { "uv": [ 7, 12, 7.25, 14 ], "texture": "#texture" },
        "west":  { "uv": [ 7.75, 12, 8, 14 ], "texture": "#texture" },
        "east":  { "uv": [ 8, 12, 8.25, 14 ], "texture": "#texture" }
    }
},
{
    "__comment": "shovel head*",
    "from": [ 8.25, 0.5, 8 ],
    "to": [ 9, 0.75, 8.25 ],
    "faces": {
        "down":  { "uv": [ 7.75, 8.25, 7, 8 ], "texture": "#texture" },
        "up":    { "uv": [ 8.25, 8, 9, 8.25 ], "texture": "#texture" },
        "north": { "uv": [ 7, 15.25, 7.75, 15.5 ], "texture": "#texture" },
        "south": { "uv": [ 8.25, 15.25, 9, 15.5 ], "texture": "#texture" },
        "west":  { "uv": [ 8, 15.25, 8.25, 15.5 ], "texture": "#texture" },
        "east":  { "uv": [ 7.75, 15.25, 8, 15.5 ], "texture": "#texture" }
    }
},
{
    "__comment": "shovel head*",
    "from": [ 7, 0.5, 8 ],
    "to": [ 7.75, 0.75, 8.25 ],
    "faces": {
        "down":  { "uv": [ 9, 8.25, 8.25, 8 ], "texture": "#texture" },
        "up":    { "uv": [ 7, 8, 7.75, 8.25 ], "texture": "#texture" },
        "north": { "uv": [ 8.25, 15.25, 9, 15.5 ], "texture": "#texture" },
        "south": { "uv": [ 7, 15.25, 7.75, 15.5 ], "texture": "#texture" },
        "west":  { "uv": [ 8, 15.25, 8.25, 15.5 ], "texture": "#texture" },
        "east":  { "uv": [ 7.75, 15.25, 8, 15.5 ], "texture": "#texture" }
    }
},
{
    "__comment": "shovel head*",
    "from": [ 8.75, 0.75, 8 ],
    "to": [ 9, 1, 8.25 ],
    "faces": {
        "down":  { "uv": [ 7.25, 8.25, 7, 8 ], "texture": "#texture" },
        "up":    { "uv": [ 8.75, 8, 9, 8.25 ], "texture": "#texture" },
        "north": { "uv": [ 7, 15, 7.25, 15.25 ], "texture": "#texture" },
        "south": { "uv": [ 8.75, 15, 9, 15.25 ], "texture": "#texture" },
        "west":  { "uv": [ 8, 15, 8.25, 15.25 ], "texture": "#texture" },
        "east":  { "uv": [ 7.75, 15, 8, 15.25 ], "texture": "#texture" }
    }
},
{
    "__comment": "shovel head*",
    "from": [ 7, 0.75, 8 ],
    "to": [ 7.25, 1, 8.25 ],
    "faces": {
        "down":  { "uv": [ 9, 8.25, 8.75, 8 ], "texture": "#texture" },
        "up":    { "uv": [ 7, 8, 7.25, 8.25 ], "texture": "#texture" },
        "north": { "uv": [ 8.75, 15, 9, 15.25 ], "texture": "#texture" },
        "south": { "uv": [ 7, 15, 7.25, 15.25 ], "texture": "#texture" },
        "west":  { "uv": [ 8, 15, 8.25, 15.25 ], "texture": "#texture" },
        "east":  { "uv": [ 7.75, 15, 8, 15.25 ], "texture": "#texture" }
    }
},
{
    "__comment": "shovel head*",
    "from": [ 7, 1, 7.75 ],
    "to": [ 7.25, 1.5, 8 ],
    "faces": {
        "down":  { "uv": [ 9, 8, 8.75, 7.75 ], "texture": "#texture" },
        "up":    { "uv": [ 7, 7.75, 7.25, 8 ], "texture": "#texture" },
        "north": { "uv": [ 8.75, 14.5, 9, 15 ], "texture": "#texture" },
        "south": { "uv": [ 7, 14.5, 7.25, 15 ], "texture": "#texture" },
        "west":  { "uv": [ 7.75, 14.5, 8, 15 ], "texture": "#texture" },
        "east":  { "uv": [ 8, 14.5, 8.25, 15 ], "texture": "#texture" }
    }
},
{
    "__comment": "shovel head*",
    "from": [ 8.75, 1, 7.75 ],
    "to": [ 9, 1.5, 8 ],
    "faces": {
        "down":  { "uv": [ 7.25, 8, 7, 7.75 ], "texture": "#texture" },
        "up":    { "uv": [ 8.75, 7.75, 9, 8 ], "texture": "#texture" },
        "north": { "uv": [ 7, 14.5, 7.25, 15 ], "texture": "#texture" },
        "south": { "uv": [ 8.75, 14.5, 9, 15 ], "texture": "#texture" },
        "west":  { "uv": [ 7.75, 14.5, 8, 15 ], "texture": "#texture" },
        "east":  { "uv": [ 8, 14.5, 8.25, 15 ], "texture": "#texture" }
    }
},
{
    "__comment": "shovel head*",
    "from": [ 8.25, 4, 7.75 ],
    "to": [ 8.5, 5, 8 ],
    "faces": {
        "down":  { "uv": [ 7.75, 8, 7.5, 7.75 ], "texture": "#texture" },
        "up":    { "uv": [ 8.25, 7.75, 8.5, 8 ], "texture": "#texture" },
        "north": { "uv": [ 7.5, 11, 7.75, 12 ], "texture": "#texture" },
        "south": { "uv": [ 8.25, 11, 8.5, 12 ], "texture": "#texture" },
        "west":  { "uv": [ 7.75, 11, 8, 12 ], "texture": "#texture" },
        "east":  { "uv": [ 8, 11, 8.25, 12 ], "texture": "#texture" }
    }
}
],
"display": {
    "thirdperson_righthand": {
        "rotation": [ 0, -90, 180 ],
        "translation": [ 0, 3.4, 1.51 ],
        "scale": [ 1.5, 1.5, 1.5 ]
    },
    "thirdperson_lefthand": {
        "rotation": [ 0, -90, 180 ],
        "translation": [ 0, 3.4, 1.51 ],
        "scale": [ 1.5, 1.5, 1.5 ]
    },
    "head": {
        "rotation": [ 78, -105, 77 ],
        "translation": [ 5.67, 19.28, -0.19 ],
        "scale": [ 2, 2, 2 ]
    },
    "ground": {
        "rotation": [ -90, 0, 0 ],
        "translation": [ 0, 0, -2.83 ],
        "scale": [ 1, 1, 1 ]
    },
    "fixed": {
        "rotation": [ 0, 180, 0 ],
        "translation": [ 0, -0.2, -0.6 ],
        "scale": [ 1.2, 1.2, 1.2 ]
    },
    "firstperson_righthand": {
        "rotation": [ 175, -101, 0 ],
        "translation": [ 0.5, 4.3, 0 ],
        "scale": [ 1, 1, 1 ]
    },
    "firstperson_lefthand": {
        "rotation": [ 175, -101, 0 ],
        "translation": [ 0.5, 4.3, 0 ],
        "scale": [ 1, 1, 1 ]
    },
    "gui": {
        "rotation": [ 6, 6, -45 ],
        "translation": [ -0.57, -0.38, 0 ],
        "scale": [ 1.2, 1.2, 1.2 ]
    }
}
}