{
"__comment": "Made by (c) Yannik Pipek. Make sure to inform yourself about my therms of use before using any of my work",
"textures": {
    "particle": "items/gold_axe",
    "golden axe gold": "items/golden axe gold",
    "texture": "items/golden axe wood"
},
"elements": [ 
{
    "__comment": "Axe Blade",
    "from": [ 6, 11.25, 7.75 ],
    "to": [ 8, 11.75, 8.25 ],
    "faces": {
        "down":  { "uv": [ 10, 8.25, 8, 7.75 ], "texture": "#golden axe gold" },
        "up":    { "uv": [ 6, 7.75, 8, 8.25 ], "texture": "#golden axe gold" },
        "north": { "uv": [ 8, 4.25, 10, 4.75 ], "texture": "#golden axe gold" },
        "south": { "uv": [ 6, 4.25, 8, 4.75 ], "texture": "#golden axe gold" },
        "west":  { "uv": [ 7.75, 4.25, 8.25, 4.75 ], "texture": "#golden axe gold" },
        "east":  { "uv": [ 7.75, 4.25, 8.25, 4.75 ], "texture": "#golden axe gold" }
    }
},
{
    "__comment": "Axe Blade",
    "from": [ 6.25, 11, 7.75 ],
    "to": [ 6.75, 11.25, 8.25 ],
    "faces": {
        "down":  { "uv": [ 9.75, 8.25, 9.25, 7.75 ], "texture": "#golden axe gold" },
        "up":    { "uv": [ 6.25, 7.75, 6.75, 8.25 ], "texture": "#golden axe gold" },
        "north": { "uv": [ 9.25, 4.75, 9.75, 5 ], "texture": "#golden axe gold" },
        "south": { "uv": [ 6.25, 4.75, 6.75, 5 ], "texture": "#golden axe gold" },
        "west":  { "uv": [ 7.75, 4.75, 8.25, 5 ], "texture": "#golden axe gold" },
        "east":  { "uv": [ 7.75, 4.75, 8.25, 5 ], "texture": "#golden axe gold" }
    }
},
{
    "__comment": "Axe Blade",
    "from": [ 6.25, 11.75, 7.75 ],
    "to": [ 8.25, 12, 8.25 ],
    "faces": {
        "down":  { "uv": [ 9.75, 8.25, 7.75, 7.75 ], "texture": "#golden axe gold" },
        "up":    { "uv": [ 6.25, 7.75, 8.25, 8.25 ], "texture": "#golden axe gold" },
        "north": { "uv": [ 7.75, 4, 9.75, 4.25 ], "texture": "#golden axe gold" },
        "south": { "uv": [ 6.25, 4, 8.25, 4.25 ], "texture": "#golden axe gold" },
        "west":  { "uv": [ 7.75, 4, 8.25, 4.25 ], "texture": "#golden axe gold" },
        "east":  { "uv": [ 7.75, 4, 8.25, 4.25 ], "texture": "#golden axe gold" }
    }
},
{
    "__comment": "Axe Handle",
    "from": [ 7, 9, 7.5 ],
    "to": [ 7.75, 9.75, 8.5 ],
    "faces": {
        "down":  { "uv": [ 9, 8.5, 8.25, 7.5 ], "texture": "#texture" },
        "up":    { "uv": [ 7, 7.5, 7.75, 8.5 ], "texture": "#texture" },
        "north": { "uv": [ 8.25, 6.25, 9, 7 ], "texture": "#texture" },
        "south": { "uv": [ 7, 6.25, 7.75, 7 ], "texture": "#texture" },
        "west":  { "uv": [ 7.5, 6.25, 8.5, 7 ], "texture": "#texture" },
        "east":  { "uv": [ 7.5, 6.25, 8.5, 7 ], "texture": "#texture" }
    }
},
{
    "__comment": "Axe Handle",
    "from": [ 7, 12.25, 7.5 ],
    "to": [ 7.75, 13, 8.5 ],
    "faces": {
        "down":  { "uv": [ 9, 8.5, 8.25, 7.5 ], "texture": "#texture" },
        "up":    { "uv": [ 7, 7.5, 7.75, 8.5 ], "texture": "#texture" },
        "north": { "uv": [ 8.25, 3, 9, 3.75 ], "texture": "#texture" },
        "south": { "uv": [ 7, 3, 7.75, 3.75 ], "texture": "#texture" },
        "west":  { "uv": [ 7.5, 3, 8.5, 3.75 ], "texture": "#texture" },
        "east":  { "uv": [ 7.5, 3, 8.5, 3.75 ], "texture": "#texture" }
    }
},
{
    "__comment": "Axe Handle",
    "from": [ 7, 0, 7.75 ],
    "to": [ 7.75, 9, 8.25 ],
    "faces": {
        "down":  { "uv": [ 9, 8.25, 8.25, 7.75 ], "texture": "#texture" },
        "up":    { "uv": [ 7, 7.75, 7.75, 8.25 ], "texture": "#texture" },
        "north": { "uv": [ 8.25, 7, 9, 16 ], "texture": "#texture" },
        "south": { "uv": [ 7, 7, 7.75, 16 ], "texture": "#texture" },
        "west":  { "uv": [ 7.75, 7, 8.25, 16 ], "texture": "#texture" },
        "east":  { "uv": [ 7.75, 7, 8.25, 16 ], "texture": "#texture" }
    }
},
{
    "__comment": "Axe Handle",
    "from": [ 7, 9.75, 7.75 ],
    "to": [ 7.75, 11.25, 8.25 ],
    "faces": {
        "down":  { "uv": [ 9, 8.25, 8.25, 7.75 ], "texture": "#texture" },
        "up":    { "uv": [ 7, 7.75, 7.75, 8.25 ], "texture": "#texture" },
        "north": { "uv": [ 8.25, 4.75, 9, 6.25 ], "texture": "#texture" },
        "south": { "uv": [ 7, 4.75, 7.75, 6.25 ], "texture": "#texture" },
        "west":  { "uv": [ 7.75, 4.75, 8.25, 6.25 ], "texture": "#texture" },
        "east":  { "uv": [ 7.75, 4.75, 8.25, 6.25 ], "texture": "#texture" }
    }
},
{
    "__comment": "Axe Blade",
    "from": [ 7, 12, 7.75 ],
    "to": [ 10.75, 12.25, 8.25 ],
    "faces": {
        "down":  { "uv": [ 9, 8.25, 5.25, 7.75 ], "texture": "#golden axe gold" },
        "up":    { "uv": [ 7, 7.75, 10.75, 8.25 ], "texture": "#golden axe gold" },
        "north": { "uv": [ 5.25, 3.75, 9, 4 ], "texture": "#golden axe gold" },
        "south": { "uv": [ 7, 3.75, 10.75, 4 ], "texture": "#golden axe gold" },
        "west":  { "uv": [ 7.75, 3.75, 8.25, 4 ], "texture": "#golden axe gold" },
        "east":  { "uv": [ 7.75, 3.75, 8.25, 4 ], "texture": "#golden axe gold" }
    }
},
{
    "__comment": "Axe Handle",
    "from": [ 7.25, 0.5, 7.5 ],
    "to": [ 7.75, 6.25, 7.75 ],
    "faces": {
        "down":  { "uv": [ 8.75, 7.75, 8.25, 7.5 ], "texture": "#texture" },
        "up":    { "uv": [ 7.25, 7.5, 7.75, 7.75 ], "texture": "#texture" },
        "north": { "uv": [ 8.25, 9.75, 8.75, 15.5 ], "texture": "#texture" },
        "south": { "uv": [ 7.25, 9.75, 7.75, 15.5 ], "texture": "#texture" },
        "west":  { "uv": [ 7.5, 9.75, 7.75, 15.5 ], "texture": "#texture" },
        "east":  { "uv": [ 8.25, 9.75, 8.5, 15.5 ], "texture": "#texture" }
    }
},
{
    "__comment": "Axe Handle",
    "from": [ 7.25, 7, 7.5 ],
    "to": [ 7.5, 8.25, 7.75 ],
    "faces": {
        "down":  { "uv": [ 8.75, 7.75, 8.5, 7.5 ], "texture": "#texture" },
        "up":    { "uv": [ 7.25, 7.5, 7.5, 7.75 ], "texture": "#texture" },
        "north": { "uv": [ 8.5, 7.75, 8.75, 9 ], "texture": "#texture" },
        "south": { "uv": [ 7.25, 7.75, 7.5, 9 ], "texture": "#texture" },
        "west":  { "uv": [ 7.5, 7.75, 7.75, 9 ], "texture": "#texture" },
        "east":  { "uv": [ 8.25, 7.75, 8.5, 9 ], "texture": "#texture" }
    }
},
{
    "__comment": "Axe Handle",
    "from": [ 7.25, 8.75, 7.5 ],
    "to": [ 7.75, 9, 7.75 ],
    "faces": {
        "down":  { "uv": [ 8.75, 7.75, 8.25, 7.5 ], "texture": "#texture" },
        "up":    { "uv": [ 7.25, 7.5, 7.75, 7.75 ], "texture": "#texture" },
        "north": { "uv": [ 8.25, 7, 8.75, 7.25 ], "texture": "#texture" },
        "south": { "uv": [ 7.25, 7, 7.75, 7.25 ], "texture": "#texture" },
        "west":  { "uv": [ 7.5, 7, 7.75, 7.25 ], "texture": "#texture" },
        "east":  { "uv": [ 8.25, 7, 8.5, 7.25 ], "texture": "#texture" }
    }
},
{
    "__comment": "Axe Handle",
    "from": [ 7.25, 9.75, 7.5 ],
    "to": [ 7.5, 10, 7.75 ],
    "faces": {
        "down":  { "uv": [ 8.75, 7.75, 8.5, 7.5 ], "texture": "#texture" },
        "up":    { "uv": [ 7.25, 7.5, 7.5, 7.75 ], "texture": "#texture" },
        "north": { "uv": [ 8.5, 6, 8.75, 6.25 ], "texture": "#texture" },
        "south": { "uv": [ 7.25, 6, 7.5, 6.25 ], "texture": "#texture" },
        "west":  { "uv": [ 7.5, 6, 7.75, 6.25 ], "texture": "#texture" },
        "east":  { "uv": [ 8.25, 6, 8.5, 6.25 ], "texture": "#texture" }
    }
},
{
    "__comment": "Axe Handle",
    "from": [ 7.25, 10.75, 7.5 ],
    "to": [ 7.5, 12.25, 7.75 ],
    "faces": {
        "down":  { "uv": [ 8.75, 7.75, 8.5, 7.5 ], "texture": "#texture" },
        "up":    { "uv": [ 7.25, 7.5, 7.5, 7.75 ], "texture": "#texture" },
        "north": { "uv": [ 8.5, 3.75, 8.75, 5.25 ], "texture": "#texture" },
        "south": { "uv": [ 7.25, 3.75, 7.5, 5.25 ], "texture": "#texture" },
        "west":  { "uv": [ 7.5, 3.75, 7.75, 5.25 ], "texture": "#texture" },
        "east":  { "uv": [ 8.25, 3.75, 8.5, 5.25 ], "texture": "#texture" }
    }
},
{
    "__comment": "Axe Handle",
    "from": [ 7.25, 13, 7.75 ],
    "to": [ 7.75, 13.5, 8.25 ],
    "faces": {
        "down":  { "uv": [ 8.75, 8.25, 8.25, 7.75 ], "texture": "#texture" },
        "up":    { "uv": [ 7.25, 7.75, 7.75, 8.25 ], "texture": "#texture" },
        "north": { "uv": [ 8.25, 2.5, 8.75, 3 ], "texture": "#texture" },
        "south": { "uv": [ 7.25, 2.5, 7.75, 3 ], "texture": "#texture" },
        "west":  { "uv": [ 7.75, 2.5, 8.25, 3 ], "texture": "#texture" },
        "east":  { "uv": [ 7.75, 2.5, 8.25, 3 ], "texture": "#texture" }
    }
},
{
    "__comment": "Axe Handle",
    "from": [ 7.25, 0.5, 8.25 ],
    "to": [ 7.75, 6.25, 8.5 ],
    "faces": {
        "down":  { "uv": [ 8.75, 8.5, 8.25, 8.25 ], "texture": "#texture" },
        "up":    { "uv": [ 7.25, 8.25, 7.75, 8.5 ], "texture": "#texture" },
        "north": { "uv": [ 8.25, 9.75, 8.75, 15.5 ], "texture": "#texture" },
        "south": { "uv": [ 7.25, 9.75, 7.75, 15.5 ], "texture": "#texture" },
        "west":  { "uv": [ 8.25, 9.75, 8.5, 15.5 ], "texture": "#texture" },
        "east":  { "uv": [ 7.5, 9.75, 7.75, 15.5 ], "texture": "#texture" }
    }
},
{
    "__comment": "Axe Handle",
    "from": [ 7.25, 7, 8.25 ],
    "to": [ 7.5, 8.25, 8.5 ],
    "faces": {
        "down":  { "uv": [ 8.75, 8.5, 8.5, 8.25 ], "texture": "#texture" },
        "up":    { "uv": [ 7.25, 8.25, 7.5, 8.5 ], "texture": "#texture" },
        "north": { "uv": [ 8.5, 7.75, 8.75, 9 ], "texture": "#texture" },
        "south": { "uv": [ 7.25, 7.75, 7.5, 9 ], "texture": "#texture" },
        "west":  { "uv": [ 8.25, 7.75, 8.5, 9 ], "texture": "#texture" },
        "east":  { "uv": [ 7.5, 7.75, 7.75, 9 ], "texture": "#texture" }
    }
},
{
    "__comment": "Axe Handle",
    "from": [ 7.25, 8.75, 8.25 ],
    "to": [ 7.75, 9, 8.5 ],
    "faces": {
        "down":  { "uv": [ 8.75, 8.5, 8.25, 8.25 ], "texture": "#texture" },
        "up":    { "uv": [ 7.25, 8.25, 7.75, 8.5 ], "texture": "#texture" },
        "north": { "uv": [ 8.25, 7, 8.75, 7.25 ], "texture": "#texture" },
        "south": { "uv": [ 7.25, 7, 7.75, 7.25 ], "texture": "#texture" },
        "west":  { "uv": [ 8.25, 7, 8.5, 7.25 ], "texture": "#texture" },
        "east":  { "uv": [ 7.5, 7, 7.75, 7.25 ], "texture": "#texture" }
    }
},
{
    "__comment": "Axe Handle",
    "from": [ 7.25, 9.75, 8.25 ],
    "to": [ 7.5, 10, 8.5 ],
    "faces": {
        "down":  { "uv": [ 8.75, 8.5, 8.5, 8.25 ], "texture": "#texture" },
        "up":    { "uv": [ 7.25, 8.25, 7.5, 8.5 ], "texture": "#texture" },
        "north": { "uv": [ 8.5, 6, 8.75, 6.25 ], "texture": "#texture" },
        "south": { "uv": [ 7.25, 6, 7.5, 6.25 ], "texture": "#texture" },
        "west":  { "uv": [ 8.25, 6, 8.5, 6.25 ], "texture": "#texture" },
        "east":  { "uv": [ 7.5, 6, 7.75, 6.25 ], "texture": "#texture" }
    }
},
{
    "__comment": "Axe Handle",
    "from": [ 7.25, 10.75, 8.25 ],
    "to": [ 7.5, 12.25, 8.5 ],
    "faces": {
        "down":  { "uv": [ 8.75, 8.5, 8.5, 8.25 ], "texture": "#texture" },
        "up":    { "uv": [ 7.25, 8.25, 7.5, 8.5 ], "texture": "#texture" },
        "north": { "uv": [ 8.5, 3.75, 8.75, 5.25 ], "texture": "#texture" },
        "south": { "uv": [ 7.25, 3.75, 7.5, 5.25 ], "texture": "#texture" },
        "west":  { "uv": [ 8.25, 3.75, 8.5, 5.25 ], "texture": "#texture" },
        "east":  { "uv": [ 7.5, 3.75, 7.75, 5.25 ], "texture": "#texture" }
    }
},
{
    "__comment": "Axe Handle",
    "from": [ 7.5, 7.25, 7.5 ],
    "to": [ 7.75, 8.25, 7.75 ],
    "faces": {
        "down":  { "uv": [ 8.5, 7.75, 8.25, 7.5 ], "texture": "#texture" },
        "up":    { "uv": [ 7.5, 7.5, 7.75, 7.75 ], "texture": "#texture" },
        "north": { "uv": [ 8.25, 7.75, 8.5, 8.75 ], "texture": "#texture" },
        "south": { "uv": [ 7.5, 7.75, 7.75, 8.75 ], "texture": "#texture" },
        "west":  { "uv": [ 7.5, 7.75, 7.75, 8.75 ], "texture": "#texture" },
        "east":  { "uv": [ 8.25, 7.75, 8.5, 8.75 ], "texture": "#texture" }
    }
},
{
    "__comment": "Axe Handle",
    "from": [ 7.5, 11, 7.5 ],
    "to": [ 7.75, 12.25, 7.75 ],
    "faces": {
        "down":  { "uv": [ 8.5, 7.75, 8.25, 7.5 ], "texture": "#texture" },
        "up":    { "uv": [ 7.5, 7.5, 7.75, 7.75 ], "texture": "#texture" },
        "north": { "uv": [ 8.25, 3.75, 8.5, 5 ], "texture": "#texture" },
        "south": { "uv": [ 7.5, 3.75, 7.75, 5 ], "texture": "#texture" },
        "west":  { "uv": [ 7.5, 3.75, 7.75, 5 ], "texture": "#texture" },
        "east":  { "uv": [ 8.25, 3.75, 8.5, 5 ], "texture": "#texture" }
    }
},
{
    "__comment": "Axe Handle",
    "from": [ 7.5, 7.25, 8.25 ],
    "to": [ 7.75, 8.25, 8.5 ],
    "faces": {
        "down":  { "uv": [ 8.5, 8.5, 8.25, 8.25 ], "texture": "#texture" },
        "up":    { "uv": [ 7.5, 8.25, 7.75, 8.5 ], "texture": "#texture" },
        "north": { "uv": [ 8.25, 7.75, 8.5, 8.75 ], "texture": "#texture" },
        "south": { "uv": [ 7.5, 7.75, 7.75, 8.75 ], "texture": "#texture" },
        "west":  { "uv": [ 8.25, 7.75, 8.5, 8.75 ], "texture": "#texture" },
        "east":  { "uv": [ 7.5, 7.75, 7.75, 8.75 ], "texture": "#texture" }
    }
},
{
    "__comment": "Axe Handle",
    "from": [ 7.5, 11, 8.25 ],
    "to": [ 7.75, 12.25, 8.5 ],
    "faces": {
        "down":  { "uv": [ 8.5, 8.5, 8.25, 8.25 ], "texture": "#texture" },
        "up":    { "uv": [ 7.5, 8.25, 7.75, 8.5 ], "texture": "#texture" },
        "north": { "uv": [ 8.25, 3.75, 8.5, 5 ], "texture": "#texture" },
        "south": { "uv": [ 7.5, 3.75, 7.75, 5 ], "texture": "#texture" },
        "west":  { "uv": [ 8.25, 3.75, 8.5, 5 ], "texture": "#texture" },
        "east":  { "uv": [ 7.5, 3.75, 7.75, 5 ], "texture": "#texture" }
    }
},
{
    "__comment": "Axe Handle",
    "from": [ 7.75, 0, 7.75 ],
    "to": [ 8, 1, 8.25 ],
    "faces": {
        "down":  { "uv": [ 8.25, 8.25, 8, 7.75 ], "texture": "#texture" },
        "up":    { "uv": [ 7.75, 7.75, 8, 8.25 ], "texture": "#texture" },
        "north": { "uv": [ 8, 15, 8.25, 16 ], "texture": "#texture" },
        "south": { "uv": [ 7.75, 15, 8, 16 ], "texture": "#texture" },
        "west":  { "uv": [ 7.75, 15, 8.25, 16 ], "texture": "#texture" },
        "east":  { "uv": [ 7.75, 15, 8.25, 16 ], "texture": "#texture" }
    }
},
{
    "__comment": "Axe Handle",
    "from": [ 7.75, 6, 7.75 ],
    "to": [ 8, 6.25, 8.25 ],
    "faces": {
        "down":  { "uv": [ 8.25, 8.25, 8, 7.75 ], "texture": "#texture" },
        "up":    { "uv": [ 7.75, 7.75, 8, 8.25 ], "texture": "#texture" },
        "north": { "uv": [ 8, 9.75, 8.25, 10 ], "texture": "#texture" },
        "south": { "uv": [ 7.75, 9.75, 8, 10 ], "texture": "#texture" },
        "west":  { "uv": [ 7.75, 9.75, 8.25, 10 ], "texture": "#texture" },
        "east":  { "uv": [ 7.75, 9.75, 8.25, 10 ], "texture": "#texture" }
    }
},
{
    "__comment": "Axe Handle",
    "from": [ 7.75, 9, 7.75 ],
    "to": [ 8, 9.75, 8.25 ],
    "faces": {
        "down":  { "uv": [ 8.25, 8.25, 8, 7.75 ], "texture": "#texture" },
        "up":    { "uv": [ 7.75, 7.75, 8, 8.25 ], "texture": "#texture" },
        "north": { "uv": [ 8, 6.25, 8.25, 7 ], "texture": "#texture" },
        "south": { "uv": [ 7.75, 6.25, 8, 7 ], "texture": "#texture" },
        "west":  { "uv": [ 7.75, 6.25, 8.25, 7 ], "texture": "#texture" },
        "east":  { "uv": [ 7.75, 6.25, 8.25, 7 ], "texture": "#texture" }
    }
},
{
    "__comment": "Axe Handle",
    "from": [ 7.75, 12.25, 7.75 ],
    "to": [ 8, 13, 8.25 ],
    "faces": {
        "down":  { "uv": [ 8.25, 8.25, 8, 7.75 ], "texture": "#texture" },
        "up":    { "uv": [ 7.75, 7.75, 8, 8.25 ], "texture": "#texture" },
        "north": { "uv": [ 8, 3, 8.25, 3.75 ], "texture": "#texture" },
        "south": { "uv": [ 7.75, 3, 8, 3.75 ], "texture": "#texture" },
        "west":  { "uv": [ 7.75, 3, 8.25, 3.75 ], "texture": "#texture" },
        "east":  { "uv": [ 7.75, 3, 8.25, 3.75 ], "texture": "#texture" }
    }
},
{
    "__comment": "Axe Handle",
    "from": [ 8, 0, 7.75 ],
    "to": [ 8.25, 0.25, 8.25 ],
    "faces": {
        "down":  { "uv": [ 8, 8.25, 7.75, 7.75 ], "texture": "#texture" },
        "up":    { "uv": [ 8, 7.75, 8.25, 8.25 ], "texture": "#texture" },
        "north": { "uv": [ 7.75, 15.75, 8, 16 ], "texture": "#texture" },
        "south": { "uv": [ 8, 15.75, 8.25, 16 ], "texture": "#texture" },
        "west":  { "uv": [ 7.75, 15.75, 8.25, 16 ], "texture": "#texture" },
        "east":  { "uv": [ 7.75, 15.75, 8.25, 16 ], "texture": "#texture" }
    }
},
{
    "__comment": "Axe Blade",
    "from": [ 8, 11.5, 7.75 ],
    "to": [ 8.75, 11.75, 8.25 ],
    "faces": {
        "down":  { "uv": [ 8, 8.25, 7.25, 7.75 ], "texture": "#golden axe gold" },
        "up":    { "uv": [ 8, 7.75, 8.75, 8.25 ], "texture": "#golden axe gold" },
        "north": { "uv": [ 7.25, 4.25, 8, 4.5 ], "texture": "#golden axe gold" },
        "south": { "uv": [ 8, 4.25, 8.75, 4.5 ], "texture": "#golden axe gold" },
        "west":  { "uv": [ 7.75, 4.25, 8.25, 4.5 ], "texture": "#golden axe gold" },
        "east":  { "uv": [ 7.75, 4.25, 8.25, 4.5 ], "texture": "#golden axe gold" }
    }
},
{
    "__comment": "Axe Blade",
    "from": [ 8.25, 12.25, 7.75 ],
    "to": [ 10.5, 12.5, 8.25 ],
    "faces": {
        "down":  { "uv": [ 7.75, 8.25, 5.5, 7.75 ], "texture": "#golden axe gold" },
        "up":    { "uv": [ 8.25, 7.75, 10.5, 8.25 ], "texture": "#golden axe gold" },
        "north": { "uv": [ 5.5, 3.5, 7.75, 3.75 ], "texture": "#golden axe gold" },
        "south": { "uv": [ 8.25, 3.5, 10.5, 3.75 ], "texture": "#golden axe gold" },
        "west":  { "uv": [ 7.75, 3.5, 8.25, 3.75 ], "texture": "#golden axe gold" },
        "east":  { "uv": [ 7.75, 3.5, 8.25, 3.75 ], "texture": "#golden axe gold" }
    }
},
{
    "__comment": "Axe Blade",
    "from": [ 8.5, 12.5, 7.75 ],
    "to": [ 10.5, 12.75, 8.25 ],
    "faces": {
        "down":  { "uv": [ 7.5, 8.25, 5.5, 7.75 ], "texture": "#golden axe gold" },
        "up":    { "uv": [ 8.5, 7.75, 10.5, 8.25 ], "texture": "#golden axe gold" },
        "north": { "uv": [ 5.5, 3.25, 7.5, 3.5 ], "texture": "#golden axe gold" },
        "south": { "uv": [ 8.5, 3.25, 10.5, 3.5 ], "texture": "#golden axe gold" },
        "west":  { "uv": [ 7.75, 3.25, 8.25, 3.5 ], "texture": "#golden axe gold" },
        "east":  { "uv": [ 7.75, 3.25, 8.25, 3.5 ], "texture": "#golden axe gold" }
    }
},
{
    "__comment": "Axe Blade",
    "from": [ 8.75, 12.75, 7.75 ],
    "to": [ 10.5, 13, 8.25 ],
    "faces": {
        "down":  { "uv": [ 7.25, 8.25, 5.5, 7.75 ], "texture": "#golden axe gold" },
        "up":    { "uv": [ 8.75, 7.75, 10.5, 8.25 ], "texture": "#golden axe gold" },
        "north": { "uv": [ 5.5, 3, 7.25, 3.25 ], "texture": "#golden axe gold" },
        "south": { "uv": [ 8.75, 3, 10.5, 3.25 ], "texture": "#golden axe gold" },
        "west":  { "uv": [ 7.75, 3, 8.25, 3.25 ], "texture": "#golden axe gold" },
        "east":  { "uv": [ 7.75, 3, 8.25, 3.25 ], "texture": "#golden axe gold" }
    }
},
{
    "__comment": "Axe Blade",
    "from": [ 8.25, 11.75, 7.75 ],
    "to": [ 10.75, 12, 8.25 ],
    "faces": {
        "down":  { "uv": [ 7.75, 8.25, 5.25, 7.75 ], "texture": "#golden axe gold" },
        "up":    { "uv": [ 8.25, 7.75, 10.75, 8.25 ], "texture": "#golden axe gold" },
        "north": { "uv": [ 5.25, 4, 7.75, 4.25 ], "texture": "#golden axe gold" },
        "south": { "uv": [ 8.25, 4, 10.75, 4.25 ], "texture": "#golden axe gold" },
        "west":  { "uv": [ 7.75, 4, 8.25, 4.25 ], "texture": "#golden axe gold" },
        "east":  { "uv": [ 7.75, 4, 8.25, 4.25 ], "texture": "#golden axe gold" }
    }
},
{
    "__comment": "Axe Blade",
    "from": [ 9, 13, 7.75 ],
    "to": [ 10.5, 13.5, 8.25 ],
    "faces": {
        "down":  { "uv": [ 7, 8.25, 5.5, 7.75 ], "texture": "#golden axe gold" },
        "up":    { "uv": [ 9, 7.75, 10.5, 8.25 ], "texture": "#golden axe gold" },
        "north": { "uv": [ 5.5, 2.5, 7, 3 ], "texture": "#golden axe gold" },
        "south": { "uv": [ 9, 2.5, 10.5, 3 ], "texture": "#golden axe gold" },
        "west":  { "uv": [ 7.75, 2.5, 8.25, 3 ], "texture": "#golden axe gold" },
        "east":  { "uv": [ 7.75, 2.5, 8.25, 3 ], "texture": "#golden axe gold" }
    }
},
{
    "__comment": "Axe Blade",
    "from": [ 9.25, 13.5, 7.75 ],
    "to": [ 10.25, 13.75, 8.25 ],
    "faces": {
        "down":  { "uv": [ 6.75, 8.25, 5.75, 7.75 ], "texture": "#golden axe gold" },
        "up":    { "uv": [ 9.25, 7.75, 10.25, 8.25 ], "texture": "#golden axe gold" },
        "north": { "uv": [ 5.75, 2.25, 6.75, 2.5 ], "texture": "#golden axe gold" },
        "south": { "uv": [ 9.25, 2.25, 10.25, 2.5 ], "texture": "#golden axe gold" },
        "west":  { "uv": [ 7.75, 2.25, 8.25, 2.5 ], "texture": "#golden axe gold" },
        "east":  { "uv": [ 7.75, 2.25, 8.25, 2.5 ], "texture": "#golden axe gold" }
    }
},
{
    "__comment": "Axe Blade",
    "from": [ 9.5, 8.75, 7.75 ],
    "to": [ 10, 9, 8.25 ],
    "faces": {
        "down":  { "uv": [ 6.5, 8.25, 6, 7.75 ], "texture": "#golden axe gold" },
        "up":    { "uv": [ 9.5, 7.75, 10, 8.25 ], "texture": "#golden axe gold" },
        "north": { "uv": [ 6, 7, 6.5, 7.25 ], "texture": "#golden axe gold" },
        "south": { "uv": [ 9.5, 7, 10, 7.25 ], "texture": "#golden axe gold" },
        "west":  { "uv": [ 7.75, 7, 8.25, 7.25 ], "texture": "#golden axe gold" },
        "east":  { "uv": [ 7.75, 7, 8.25, 7.25 ], "texture": "#golden axe gold" }
    }
},
{
    "__comment": "Axe Blade",
    "from": [ 9.5, 11.5, 7.75 ],
    "to": [ 10.75, 11.75, 8.25 ],
    "faces": {
        "down":  { "uv": [ 6.5, 8.25, 5.25, 7.75 ], "texture": "#golden axe gold" },
        "up":    { "uv": [ 9.5, 7.75, 10.75, 8.25 ], "texture": "#golden axe gold" },
        "north": { "uv": [ 5.25, 4.25, 6.5, 4.5 ], "texture": "#golden axe gold" },
        "south": { "uv": [ 9.5, 4.25, 10.75, 4.5 ], "texture": "#golden axe gold" },
        "west":  { "uv": [ 7.75, 4.25, 8.25, 4.5 ], "texture": "#golden axe gold" },
        "east":  { "uv": [ 7.75, 4.25, 8.25, 4.5 ], "texture": "#golden axe gold" }
    }
},
{
    "__comment": "Axe Blade",
    "from": [ 9.5, 13.75, 7.75 ],
    "to": [ 10.25, 14.25, 8.25 ],
    "faces": {
        "down":  { "uv": [ 6.5, 8.25, 5.75, 7.75 ], "texture": "#golden axe gold" },
        "up":    { "uv": [ 9.5, 7.75, 10.25, 8.25 ], "texture": "#golden axe gold" },
        "north": { "uv": [ 5.75, 1.75, 6.5, 2.25 ], "texture": "#golden axe gold" },
        "south": { "uv": [ 9.5, 1.75, 10.25, 2.25 ], "texture": "#golden axe gold" },
        "west":  { "uv": [ 7.75, 1.75, 8.25, 2.25 ], "texture": "#golden axe gold" },
        "east":  { "uv": [ 7.75, 1.75, 8.25, 2.25 ], "texture": "#golden axe gold" }
    }
},
{
    "__comment": "Axe Blade",
    "from": [ 9.75, 9, 7.75 ],
    "to": [ 10.25, 9.5, 8.25 ],
    "faces": {
        "down":  { "uv": [ 6.25, 8.25, 5.75, 7.75 ], "texture": "#golden axe gold" },
        "up":    { "uv": [ 9.75, 7.75, 10.25, 8.25 ], "texture": "#golden axe gold" },
        "north": { "uv": [ 5.75, 6.5, 6.25, 7 ], "texture": "#golden axe gold" },
        "south": { "uv": [ 9.75, 6.5, 10.25, 7 ], "texture": "#golden axe gold" },
        "west":  { "uv": [ 7.75, 6.5, 8.25, 7 ], "texture": "#golden axe gold" },
        "east":  { "uv": [ 7.75, 6.5, 8.25, 7 ], "texture": "#golden axe gold" }
    }
},
{
    "__comment": "Axe Blade",
    "from": [ 9.75, 10.5, 7.75 ],
    "to": [ 10, 11.5, 8.25 ],
    "faces": {
        "down":  { "uv": [ 6.25, 8.25, 6, 7.75 ], "texture": "#golden axe gold" },
        "up":    { "uv": [ 9.75, 7.75, 10, 8.25 ], "texture": "#golden axe gold" },
        "north": { "uv": [ 6, 4.5, 6.25, 5.5 ], "texture": "#golden axe gold" },
        "south": { "uv": [ 9.75, 4.5, 10, 5.5 ], "texture": "#golden axe gold" },
        "west":  { "uv": [ 7.75, 4.5, 8.25, 5.5 ], "texture": "#golden axe gold" },
        "east":  { "uv": [ 7.75, 4.5, 8.25, 5.5 ], "texture": "#golden axe gold" }
    }
},
{
    "__comment": "Axe Blade",
    "from": [ 9.75, 14.25, 7.75 ],
    "to": [ 10.25, 14.5, 8.25 ],
    "faces": {
        "down":  { "uv": [ 6.25, 8.25, 5.75, 7.75 ], "texture": "#golden axe gold" },
        "up":    { "uv": [ 9.75, 7.75, 10.25, 8.25 ], "texture": "#golden axe gold" },
        "north": { "uv": [ 5.75, 1.5, 6.25, 1.75 ], "texture": "#golden axe gold" },
        "south": { "uv": [ 9.75, 1.5, 10.25, 1.75 ], "texture": "#golden axe gold" },
        "west":  { "uv": [ 7.75, 1.5, 8.25, 1.75 ], "texture": "#golden axe gold" },
        "east":  { "uv": [ 7.75, 1.5, 8.25, 1.75 ], "texture": "#golden axe gold" }
    }
},
{
    "__comment": "Axe Blade",
    "from": [ 9.75, 14.5, 7.75 ],
    "to": [ 10.25, 14.75, 8.25 ],
    "faces": {
        "down":  { "uv": [ 6.25, 8.25, 5.75, 7.75 ], "texture": "#golden axe gold" },
        "up":    { "uv": [ 9.75, 7.75, 10.25, 8.25 ], "texture": "#golden axe gold" },
        "north": { "uv": [ 5.75, 1.25, 6.25, 1.5 ], "texture": "#golden axe gold" },
        "south": { "uv": [ 9.75, 1.25, 10.25, 1.5 ], "texture": "#golden axe gold" },
        "west":  { "uv": [ 7.75, 1.25, 8.25, 1.5 ], "texture": "#golden axe gold" },
        "east":  { "uv": [ 7.75, 1.25, 8.25, 1.5 ], "texture": "#golden axe gold" }
    }
},
{
    "__comment": "Axe Blade",
    "from": [ 10.5, 10.5, 7.75 ],
    "to": [ 10.75, 11.25, 8.25 ],
    "faces": {
        "down":  { "uv": [ 5.5, 8.25, 5.25, 7.75 ], "texture": "#golden axe gold" },
        "up":    { "uv": [ 10.5, 7.75, 10.75, 8.25 ], "texture": "#golden axe gold" },
        "north": { "uv": [ 5.25, 4.75, 5.5, 5.5 ], "texture": "#golden axe gold" },
        "south": { "uv": [ 10.5, 4.75, 10.75, 5.5 ], "texture": "#golden axe gold" },
        "west":  { "uv": [ 7.75, 4.75, 8.25, 5.5 ], "texture": "#golden axe gold" },
        "east":  { "uv": [ 7.75, 4.75, 8.25, 5.5 ], "texture": "#golden axe gold" }
    }
},
{
    "__comment": "Axe Blade",
    "from": [ 10, 14.75, 7.75 ],
    "to": [ 10.25, 15.75, 8.25 ],
    "faces": {
        "down":  { "uv": [ 6, 8.25, 5.75, 7.75 ], "texture": "#golden axe gold" },
        "up":    { "uv": [ 10, 7.75, 10.25, 8.25 ], "texture": "#golden axe gold" },
        "north": { "uv": [ 5.75, 0.25, 6, 1.25 ], "texture": "#golden axe gold" },
        "south": { "uv": [ 10, 0.25, 10.25, 1.25 ], "texture": "#golden axe gold" },
        "west":  { "uv": [ 7.75, 0.25, 8.25, 1.25 ], "texture": "#golden axe gold" },
        "east":  { "uv": [ 7.75, 0.25, 8.25, 1.25 ], "texture": "#golden axe gold" }
    }
},
{
    "__comment": "Axe Blade",
    "from": [ 10, 9.5, 7.75 ],
    "to": [ 10.5, 11.25, 8.25 ],
    "faces": {
        "down":  { "uv": [ 6, 8.25, 5.5, 7.75 ], "texture": "#golden axe gold" },
        "up":    { "uv": [ 10, 7.75, 10.5, 8.25 ], "texture": "#golden axe gold" },
        "north": { "uv": [ 5.5, 4.75, 6, 6.5 ], "texture": "#golden axe gold" },
        "south": { "uv": [ 10, 4.75, 10.5, 6.5 ], "texture": "#golden axe gold" },
        "west":  { "uv": [ 7.75, 4.75, 8.25, 6.5 ], "texture": "#golden axe gold" },
        "east":  { "uv": [ 7.75, 4.75, 8.25, 6.5 ], "texture": "#golden axe gold" }
    }
},
{
    "__comment": "Axe Blade",
    "from": [ 10.25, 13.5, 7.75 ],
    "to": [ 10.5, 15, 8.25 ],
    "faces": {
        "down":  { "uv": [ 5.75, 8.25, 5.5, 7.75 ], "texture": "#golden axe gold" },
        "up":    { "uv": [ 10.25, 7.75, 10.5, 8.25 ], "texture": "#golden axe gold" },
        "north": { "uv": [ 5.5, 1, 5.75, 2.5 ], "texture": "#golden axe gold" },
        "south": { "uv": [ 10.25, 1, 10.5, 2.5 ], "texture": "#golden axe gold" },
        "west":  { "uv": [ 7.75, 1, 8.25, 2.5 ], "texture": "#golden axe gold" },
        "east":  { "uv": [ 7.75, 1, 8.25, 2.5 ], "texture": "#golden axe gold" }
    }
},
{
    "__comment": "Axe Blade",
    "from": [ 10.5, 12.25, 7.75 ],
    "to": [ 10.75, 13.5, 8.25 ],
    "faces": {
        "down":  { "uv": [ 5.5, 8.25, 5.25, 7.75 ], "texture": "#golden axe gold" },
        "up":    { "uv": [ 10.5, 7.75, 10.75, 8.25 ], "texture": "#golden axe gold" },
        "north": { "uv": [ 5.25, 2.5, 5.5, 3.75 ], "texture": "#golden axe gold" },
        "south": { "uv": [ 10.5, 2.5, 10.75, 3.75 ], "texture": "#golden axe gold" },
        "west":  { "uv": [ 7.75, 2.5, 8.25, 3.75 ], "texture": "#golden axe gold" },
        "east":  { "uv": [ 7.75, 2.5, 8.25, 3.75 ], "texture": "#golden axe gold" }
    }
},
{
    "__comment": "Axe Blade",
    "from": [ 9, 13.25, 7.75 ],
    "to": [ 9.25, 13.5, 8.25 ],
    "faces": {
        "down":  { "uv": [ 7, 8.25, 6.75, 7.75 ], "texture": "#golden axe gold" },
        "up":    { "uv": [ 9, 7.75, 9.25, 8.25 ], "texture": "#golden axe gold" },
        "north": { "uv": [ 6.75, 2.5, 7, 2.75 ], "texture": "#golden axe gold" },
        "south": { "uv": [ 9, 2.5, 9.25, 2.75 ], "texture": "#golden axe gold" },
        "west":  { "uv": [ 7.75, 2.5, 8.25, 2.75 ], "texture": "#golden axe gold" },
        "east":  { "uv": [ 7.75, 2.5, 8.25, 2.75 ], "texture": "#golden axe gold" }
    }
},
{
    "__comment": "Axe Blade",
    "from": [ 10.75, 11.5, 7.75 ],
    "to": [ 11, 12.25, 8.25 ],
    "faces": {
        "down":  { "uv": [ 5.25, 8.25, 5, 7.75 ], "texture": "#golden axe gold" },
        "up":    { "uv": [ 10.75, 7.75, 11, 8.25 ], "texture": "#golden axe gold" },
        "north": { "uv": [ 5, 3.75, 5.25, 4.5 ], "texture": "#golden axe gold" },
        "south": { "uv": [ 10.75, 3.75, 11, 4.5 ], "texture": "#golden axe gold" },
        "west":  { "uv": [ 7.75, 3.75, 8.25, 4.5 ], "texture": "#golden axe gold" },
        "east":  { "uv": [ 7.75, 3.75, 8.25, 4.5 ], "texture": "#golden axe gold" }
    }
},
{
    "__comment": "Axe Blade*",
    "from": [ 10, 11.25, 7.75 ],
    "to": [ 11, 11.5, 8.25 ],
    "faces": {
        "down":  { "uv": [ 6, 8.25, 5, 7.75 ], "texture": "#golden axe gold" },
        "up":    { "uv": [ 10, 7.75, 11, 8.25 ], "texture": "#golden axe gold" },
        "north": { "uv": [ 5, 4.5, 6, 4.75 ], "texture": "#golden axe gold" },
        "south": { "uv": [ 10, 4.5, 11, 4.75 ], "texture": "#golden axe gold" },
        "west":  { "uv": [ 7.75, 4.5, 8.25, 4.75 ], "texture": "#golden axe gold" },
        "east":  { "uv": [ 7.75, 4.5, 8.25, 4.75 ], "texture": "#golden axe gold" }
    }
}
],
"display": {
    "thirdperson_righthand": {
        "rotation": [ 0, 90, 0 ],
        "translation": [ 0, 6.43, 0.6 ],
        "scale": [ 1.5, 1.5, 1.5 ]
    },
    "thirdperson_lefthand": {
        "rotation": [ 0, -90, 0 ],
        "translation": [ 0, 6.43, 0.6 ],
        "scale": [ 1.5, 1.5, 1.5 ]
    },
    "head": {
        "rotation": [ 0, -62, -75 ],
        "translation": [ -3.59, 8.69, -10.2 ],
        "scale": [ 2, 2, 2 ]
    },
    "ground": {
        "rotation": [ 90, 0, 0 ],
        "translation": [ 0, 0, 3.25 ],
        "scale": [ 1, 1, 1 ]
    },
    "fixed": {
        "rotation": [ 0, 0, 0 ],
        "translation": [ 0, 0.2, -0.6 ],
        "scale": [ 1.2, 1.2, 1.2 ]
    },
    "firstperson_righthand": {
        "rotation": [ 0, 85, -5 ],
        "translation": [ 0.5, 4.3, 0 ],
        "scale": [ 1, 1, 1 ]
    },
    "firstperson_lefthand": {
        "rotation": [ 0, -95, 5 ],
        "translation": [ 0, 4.09, 0 ],
        "scale": [ 1, 1, 1 ]
    },
    "gui": {
        "rotation": [ 10, -180, 48 ],
        "translation": [ 0.76, -0.38, 0 ],
        "scale": [ 1.35, 1.35, 1.35 ]
    }
}
}