{
"__comment": "Made by (c) Yannik Pipek. Make sure to inform yourself about my therms of use before using any of my work",
"textures": {
    "particle": "items/iron_hoe",
    "texture": "items/iron hoe iron",
    "wood": "items/iron hoe wood"
},
"elements": [ 
{
    "__comment": "Hoe Pick",
    "from": [ 6.75, 14.5, 11.5 ],
    "to": [ 9.25, 14.75, 12 ],
    "faces": {
        "down":  { "uv": [ 9.25, 12, 6.75, 11.5 ], "texture": "#texture" },
        "up":    { "uv": [ 6.75, 11.5, 9.25, 12 ], "texture": "#texture" },
        "north": { "uv": [ 6.75, 1.25, 9.25, 1.5 ], "texture": "#texture" },
        "south": { "uv": [ 6.75, 1.25, 9.25, 1.5 ], "texture": "#texture" },
        "west":  { "uv": [ 11.5, 1.25, 12, 1.5 ], "texture": "#texture" },
        "east":  { "uv": [ 4, 1.25, 4.5, 1.5 ], "texture": "#texture" }
    }
},
{
    "__comment": "Hoe Pick",
    "from": [ 7, 15, 5.75 ],
    "to": [ 9, 15.25, 7 ],
    "faces": {
        "down":  { "uv": [ 9, 7, 7, 5.75 ], "texture": "#texture" },
        "up":    { "uv": [ 7, 5.75, 9, 7 ], "texture": "#texture" },
        "north": { "uv": [ 7, 0.75, 9, 1 ], "texture": "#texture" },
        "south": { "uv": [ 7, 0.75, 9, 1 ], "texture": "#texture" },
        "west":  { "uv": [ 5.75, 0.75, 7, 1 ], "texture": "#texture" },
        "east":  { "uv": [ 9, 0.75, 10.25, 1 ], "texture": "#texture" }
    }
},
{
    "__comment": "Hoe Pick",
    "from": [ 7, 14.75, 9.75 ],
    "to": [ 9, 15, 12 ],
    "faces": {
        "down":  { "uv": [ 9, 12, 7, 9.75 ], "texture": "#texture" },
        "up":    { "uv": [ 7, 9.75, 9, 12 ], "texture": "#texture" },
        "north": { "uv": [ 7, 1, 9, 1.25 ], "texture": "#texture" },
        "south": { "uv": [ 7, 1, 9, 1.25 ], "texture": "#texture" },
        "west":  { "uv": [ 9.75, 1, 12, 1.25 ], "texture": "#texture" },
        "east":  { "uv": [ 4, 1, 6.25, 1.25 ], "texture": "#texture" }
    }
},
{
    "__comment": "Hoe Pick",
    "from": [ 7, 14.5, 10.75 ],
    "to": [ 9, 14.75, 11.5 ],
    "faces": {
        "down":  { "uv": [ 9, 11.5, 7, 10.75 ], "texture": "#texture" },
        "up":    { "uv": [ 7, 10.75, 9, 11.5 ], "texture": "#texture" },
        "north": { "uv": [ 7, 1.25, 9, 1.5 ], "texture": "#texture" },
        "south": { "uv": [ 7, 1.25, 9, 1.5 ], "texture": "#texture" },
        "west":  { "uv": [ 10.75, 1.25, 11.5, 1.5 ], "texture": "#texture" },
        "east":  { "uv": [ 4.5, 1.25, 5.25, 1.5 ], "texture": "#texture" }
    }
},
{
    "__comment": "Hoe Pick",
    "from": [ 7, 14.5, 12 ],
    "to": [ 9, 14.75, 12.25 ],
    "faces": {
        "down":  { "uv": [ 9, 12.25, 7, 12 ], "texture": "#texture" },
        "up":    { "uv": [ 7, 12, 9, 12.25 ], "texture": "#texture" },
        "north": { "uv": [ 7, 1.25, 9, 1.5 ], "texture": "#texture" },
        "south": { "uv": [ 7, 1.25, 9, 1.5 ], "texture": "#texture" },
        "west":  { "uv": [ 12, 1.25, 12.25, 1.5 ], "texture": "#texture" },
        "east":  { "uv": [ 3.75, 1.25, 4, 1.5 ], "texture": "#texture" }
    }
},
{
    "__comment": "Hoe Pick",
    "from": [ 7.25, 14.75, 4.5 ],
    "to": [ 7.75, 15, 6.25 ],
    "faces": {
        "down":  { "uv": [ 8.75, 6.25, 8.25, 4.5 ], "texture": "#texture" },
        "up":    { "uv": [ 7.25, 4.5, 7.75, 6.25 ], "texture": "#texture" },
        "north": { "uv": [ 8.25, 1, 8.75, 1.25 ], "texture": "#texture" },
        "south": { "uv": [ 7.25, 1, 7.75, 1.25 ], "texture": "#texture" },
        "west":  { "uv": [ 4.5, 1, 6.25, 1.25 ], "texture": "#texture" },
        "east":  { "uv": [ 9.75, 1, 11.5, 1.25 ], "texture": "#texture" }
    }
},
{
    "__comment": "Hoe Pick",
    "from": [ 7.25, 15, 4.75 ],
    "to": [ 8.75, 15.25, 5.75 ],
    "faces": {
        "down":  { "uv": [ 8.75, 5.75, 7.25, 4.75 ], "texture": "#texture" },
        "up":    { "uv": [ 7.25, 4.75, 8.75, 5.75 ], "texture": "#texture" },
        "north": { "uv": [ 7.25, 0.75, 8.75, 1 ], "texture": "#texture" },
        "south": { "uv": [ 7.25, 0.75, 8.75, 1 ], "texture": "#texture" },
        "west":  { "uv": [ 4.75, 0.75, 5.75, 1 ], "texture": "#texture" },
        "east":  { "uv": [ 10.25, 0.75, 11.25, 1 ], "texture": "#texture" }
    }
},
{
    "__comment": "Hoe Pick",
    "from": [ 7.25, 15.25, 5.75 ],
    "to": [ 8.75, 15.5, 7.75 ],
    "faces": {
        "down":  { "uv": [ 8.75, 7.75, 7.25, 5.75 ], "texture": "#texture" },
        "up":    { "uv": [ 7.25, 5.75, 8.75, 7.75 ], "texture": "#texture" },
        "north": { "uv": [ 7.25, 0.5, 8.75, 0.75 ], "texture": "#texture" },
        "south": { "uv": [ 7.25, 0.5, 8.75, 0.75 ], "texture": "#texture" },
        "west":  { "uv": [ 5.75, 0.5, 7.75, 0.75 ], "texture": "#texture" },
        "east":  { "uv": [ 8.25, 0.5, 10.25, 0.75 ], "texture": "#texture" }
    }
},
{
    "__comment": "Hoe Pick",
    "from": [ 7.25, 14.75, 7 ],
    "to": [ 8.75, 15.25, 8.5 ],
    "faces": {
        "down":  { "uv": [ 8.75, 8.5, 7.25, 7 ], "texture": "#texture" },
        "up":    { "uv": [ 7.25, 7, 8.75, 8.5 ], "texture": "#texture" },
        "north": { "uv": [ 7.25, 0.75, 8.75, 1.25 ], "texture": "#texture" },
        "south": { "uv": [ 7.25, 0.75, 8.75, 1.25 ], "texture": "#texture" },
        "west":  { "uv": [ 7, 0.75, 8.5, 1.25 ], "texture": "#texture" },
        "east":  { "uv": [ 7.5, 0.75, 9, 1.25 ], "texture": "#texture" }
    }
},
{
    "__comment": "Hoe Pick",
    "from": [ 7.25, 15, 8.75 ],
    "to": [ 8.75, 15.25, 10.25 ],
    "faces": {
        "down":  { "uv": [ 8.75, 10.25, 7.25, 8.75 ], "texture": "#texture" },
        "up":    { "uv": [ 7.25, 8.75, 8.75, 10.25 ], "texture": "#texture" },
        "north": { "uv": [ 7.25, 0.75, 8.75, 1 ], "texture": "#texture" },
        "south": { "uv": [ 7.25, 0.75, 8.75, 1 ], "texture": "#texture" },
        "west":  { "uv": [ 8.75, 0.75, 10.25, 1 ], "texture": "#texture" },
        "east":  { "uv": [ 5.75, 0.75, 7.25, 1 ], "texture": "#texture" }
    }
},
{
    "__comment": "Hoe Pick",
    "from": [ 7.25, 14.75, 9.25 ],
    "to": [ 8.75, 15, 9.75 ],
    "faces": {
        "down":  { "uv": [ 8.75, 9.75, 7.25, 9.25 ], "texture": "#texture" },
        "up":    { "uv": [ 7.25, 9.25, 8.75, 9.75 ], "texture": "#texture" },
        "north": { "uv": [ 7.25, 1, 8.75, 1.25 ], "texture": "#texture" },
        "south": { "uv": [ 7.25, 1, 8.75, 1.25 ], "texture": "#texture" },
        "west":  { "uv": [ 9.25, 1, 9.75, 1.25 ], "texture": "#texture" },
        "east":  { "uv": [ 6.25, 1, 6.75, 1.25 ], "texture": "#texture" }
    }
},
{
    "__comment": "Hoe Pick",
    "from": [ 7.25, 14.25, 12 ],
    "to": [ 8.75, 14.5, 12.25 ],
    "faces": {
        "down":  { "uv": [ 8.75, 12.25, 7.25, 12 ], "texture": "#texture" },
        "up":    { "uv": [ 7.25, 12, 8.75, 12.25 ], "texture": "#texture" },
        "north": { "uv": [ 7.25, 1.5, 8.75, 1.75 ], "texture": "#texture" },
        "south": { "uv": [ 7.25, 1.5, 8.75, 1.75 ], "texture": "#texture" },
        "west":  { "uv": [ 12, 1.5, 12.25, 1.75 ], "texture": "#texture" },
        "east":  { "uv": [ 3.75, 1.5, 4, 1.75 ], "texture": "#texture" }
    }
},
{
    "__comment": "Hoe Pick",
    "from": [ 7.5, 14.75, 3.75 ],
    "to": [ 8.5, 15, 4.5 ],
    "faces": {
        "down":  { "uv": [ 8.5, 4.5, 7.5, 3.75 ], "texture": "#texture" },
        "up":    { "uv": [ 7.5, 3.75, 8.5, 4.5 ], "texture": "#texture" },
        "north": { "uv": [ 7.5, 1, 8.5, 1.25 ], "texture": "#texture" },
        "south": { "uv": [ 7.5, 1, 8.5, 1.25 ], "texture": "#texture" },
        "west":  { "uv": [ 3.75, 1, 4.5, 1.25 ], "texture": "#texture" },
        "east":  { "uv": [ 11.5, 1, 12.25, 1.25 ], "texture": "#texture" }
    }
},
{
    "__comment": "Hoe Pick",
    "from": [ 7.5, 15, 4.5 ],
    "to": [ 8.5, 15.25, 4.75 ],
    "faces": {
        "down":  { "uv": [ 8.5, 4.75, 7.5, 4.5 ], "texture": "#texture" },
        "up":    { "uv": [ 7.5, 4.5, 8.5, 4.75 ], "texture": "#texture" },
        "north": { "uv": [ 7.5, 0.75, 8.5, 1 ], "texture": "#texture" },
        "south": { "uv": [ 7.5, 0.75, 8.5, 1 ], "texture": "#texture" },
        "west":  { "uv": [ 4.5, 0.75, 4.75, 1 ], "texture": "#texture" },
        "east":  { "uv": [ 11.25, 0.75, 11.5, 1 ], "texture": "#texture" }
    }
},
{
    "__comment": "Hoe Pick",
    "from": [ 7.5, 15.25, 5.5 ],
    "to": [ 8.5, 15.5, 5.75 ],
    "faces": {
        "down":  { "uv": [ 8.5, 5.75, 7.5, 5.5 ], "texture": "#texture" },
        "up":    { "uv": [ 7.5, 5.5, 8.5, 5.75 ], "texture": "#texture" },
        "north": { "uv": [ 7.5, 0.5, 8.5, 0.75 ], "texture": "#texture" },
        "south": { "uv": [ 7.5, 0.5, 8.5, 0.75 ], "texture": "#texture" },
        "west":  { "uv": [ 5.5, 0.5, 5.75, 0.75 ], "texture": "#texture" },
        "east":  { "uv": [ 10.25, 0.5, 10.5, 0.75 ], "texture": "#texture" }
    }
},
{
    "__comment": "Hoe Pick",
    "from": [ 7.5, 14.75, 6.5 ],
    "to": [ 8.5, 15, 7 ],
    "faces": {
        "down":  { "uv": [ 8.5, 7, 7.5, 6.5 ], "texture": "#texture" },
        "up":    { "uv": [ 7.5, 6.5, 8.5, 7 ], "texture": "#texture" },
        "north": { "uv": [ 7.5, 1, 8.5, 1.25 ], "texture": "#texture" },
        "south": { "uv": [ 7.5, 1, 8.5, 1.25 ], "texture": "#texture" },
        "west":  { "uv": [ 6.5, 1, 7, 1.25 ], "texture": "#texture" },
        "east":  { "uv": [ 9, 1, 9.5, 1.25 ], "texture": "#texture" }
    }
},
{
    "__comment": "Hoe Handle",
    "from": [ 7.5, 15.5, 7.25 ],
    "to": [ 8.25, 15.75, 8.25 ],
    "faces": {
        "down":  { "uv": [ 8.5, 8.25, 7.75, 7.25 ], "texture": "#wood" },
        "up":    { "uv": [ 7.5, 7.25, 8.25, 8.25 ], "texture": "#wood" },
        "north": { "uv": [ 7.75, 0.25, 8.5, 0.5 ], "texture": "#wood" },
        "south": { "uv": [ 7.5, 0.25, 8.25, 0.5 ], "texture": "#wood" },
        "west":  { "uv": [ 7.25, 0.25, 8.25, 0.5 ], "texture": "#wood" },
        "east":  { "uv": [ 7.75, 0.25, 8.75, 0.5 ], "texture": "#wood" }
    }
},
{
    "__comment": "Hoe Pick",
    "from": [ 7.5, 14.75, 8.5 ],
    "to": [ 8.5, 15, 9.5 ],
    "faces": {
        "down":  { "uv": [ 8.5, 9.5, 7.5, 8.5 ], "texture": "#texture" },
        "up":    { "uv": [ 7.5, 8.5, 8.5, 9.5 ], "texture": "#texture" },
        "north": { "uv": [ 7.5, 1, 8.5, 1.25 ], "texture": "#texture" },
        "south": { "uv": [ 7.5, 1, 8.5, 1.25 ], "texture": "#texture" },
        "west":  { "uv": [ 8.5, 1, 9.5, 1.25 ], "texture": "#texture" },
        "east":  { "uv": [ 6.5, 1, 7.5, 1.25 ], "texture": "#texture" }
    }
},
{
    "__comment": "Hoe Pick",
    "from": [ 7.5, 15, 8.25 ],
    "to": [ 8.5, 15.25, 8.75 ],
    "faces": {
        "down":  { "uv": [ 8.5, 8.75, 7.5, 8.25 ], "texture": "#texture" },
        "up":    { "uv": [ 7.5, 8.25, 8.5, 8.75 ], "texture": "#texture" },
        "north": { "uv": [ 7.5, 0.75, 8.5, 1 ], "texture": "#texture" },
        "south": { "uv": [ 7.5, 0.75, 8.5, 1 ], "texture": "#texture" },
        "west":  { "uv": [ 8.25, 0.75, 8.75, 1 ], "texture": "#texture" },
        "east":  { "uv": [ 7.25, 0.75, 7.75, 1 ], "texture": "#texture" }
    }
},
{
    "__comment": "Hoe Pick",
    "from": [ 7.5, 15.25, 7.75 ],
    "to": [ 8.5, 15.5, 8.5 ],
    "faces": {
        "down":  { "uv": [ 8.5, 8.5, 7.5, 7.75 ], "texture": "#texture" },
        "up":    { "uv": [ 7.5, 7.75, 8.5, 8.5 ], "texture": "#texture" },
        "north": { "uv": [ 7.5, 0.5, 8.5, 0.75 ], "texture": "#texture" },
        "south": { "uv": [ 7.5, 0.5, 8.5, 0.75 ], "texture": "#texture" },
        "west":  { "uv": [ 7.75, 0.5, 8.5, 0.75 ], "texture": "#texture" },
        "east":  { "uv": [ 7.5, 0.5, 8.25, 0.75 ], "texture": "#texture" }
    }
},
{
    "__comment": "Hoe Pick",
    "from": [ 7.5, 15, 10.25 ],
    "to": [ 8.5, 15.25, 10.5 ],
    "faces": {
        "down":  { "uv": [ 8.5, 10.5, 7.5, 10.25 ], "texture": "#texture" },
        "up":    { "uv": [ 7.5, 10.25, 8.5, 10.5 ], "texture": "#texture" },
        "north": { "uv": [ 7.5, 0.75, 8.5, 1 ], "texture": "#texture" },
        "south": { "uv": [ 7.5, 0.75, 8.5, 1 ], "texture": "#texture" },
        "west":  { "uv": [ 10.25, 0.75, 10.5, 1 ], "texture": "#texture" },
        "east":  { "uv": [ 5.5, 0.75, 5.75, 1 ], "texture": "#texture" }
    }
},
{
    "__comment": "Hoe Pick",
    "from": [ 7.5, 14.5, 10.5 ],
    "to": [ 8.5, 14.75, 10.75 ],
    "faces": {
        "down":  { "uv": [ 8.5, 10.75, 7.5, 10.5 ], "texture": "#texture" },
        "up":    { "uv": [ 7.5, 10.5, 8.5, 10.75 ], "texture": "#texture" },
        "north": { "uv": [ 7.5, 1.25, 8.5, 1.5 ], "texture": "#texture" },
        "south": { "uv": [ 7.5, 1.25, 8.5, 1.5 ], "texture": "#texture" },
        "west":  { "uv": [ 10.5, 1.25, 10.75, 1.5 ], "texture": "#texture" },
        "east":  { "uv": [ 5.25, 1.25, 5.5, 1.5 ], "texture": "#texture" }
    }
},
{
    "__comment": "Hoe Pick",
    "from": [ 7.5, 14.25, 12.25 ],
    "to": [ 8.5, 14.75, 12.5 ],
    "faces": {
        "down":  { "uv": [ 8.5, 12.5, 7.5, 12.25 ], "texture": "#texture" },
        "up":    { "uv": [ 7.5, 12.25, 8.5, 12.5 ], "texture": "#texture" },
        "north": { "uv": [ 7.5, 1.25, 8.5, 1.75 ], "texture": "#texture" },
        "south": { "uv": [ 7.5, 1.25, 8.5, 1.75 ], "texture": "#texture" },
        "west":  { "uv": [ 12.25, 1.25, 12.5, 1.75 ], "texture": "#texture" },
        "east":  { "uv": [ 3.5, 1.25, 3.75, 1.75 ], "texture": "#texture" }
    }
},
{
    "__comment": "Hoe Pick",
    "from": [ 7.75, 14.75, 3.5 ],
    "to": [ 8.25, 15, 3.75 ],
    "faces": {
        "down":  { "uv": [ 8.25, 3.75, 7.75, 3.5 ], "texture": "#texture" },
        "up":    { "uv": [ 7.75, 3.5, 8.25, 3.75 ], "texture": "#texture" },
        "north": { "uv": [ 7.75, 1, 8.25, 1.25 ], "texture": "#texture" },
        "south": { "uv": [ 7.75, 1, 8.25, 1.25 ], "texture": "#texture" },
        "west":  { "uv": [ 3.5, 1, 3.75, 1.25 ], "texture": "#texture" },
        "east":  { "uv": [ 12.25, 1, 12.5, 1.25 ], "texture": "#texture" }
    }
},
{
    "__comment": "Hoe Pick",
    "from": [ 7.75, 14.5, 3.75 ],
    "to": [ 8.25, 14.75, 4 ],
    "faces": {
        "down":  { "uv": [ 8.25, 4, 7.75, 3.75 ], "texture": "#texture" },
        "up":    { "uv": [ 7.75, 3.75, 8.25, 4 ], "texture": "#texture" },
        "north": { "uv": [ 7.75, 1.25, 8.25, 1.5 ], "texture": "#texture" },
        "south": { "uv": [ 7.75, 1.25, 8.25, 1.5 ], "texture": "#texture" },
        "west":  { "uv": [ 3.75, 1.25, 4, 1.5 ], "texture": "#texture" },
        "east":  { "uv": [ 12, 1.25, 12.25, 1.5 ], "texture": "#texture" }
    }
},
{
    "__comment": "Hoe Pick",
    "from": [ 7.75, 14.75, 4.5 ],
    "to": [ 8.75, 15, 5.75 ],
    "faces": {
        "down":  { "uv": [ 8.25, 5.75, 7.25, 4.5 ], "texture": "#texture" },
        "up":    { "uv": [ 7.75, 4.5, 8.75, 5.75 ], "texture": "#texture" },
        "north": { "uv": [ 7.25, 1, 8.25, 1.25 ], "texture": "#texture" },
        "south": { "uv": [ 7.75, 1, 8.75, 1.25 ], "texture": "#texture" },
        "west":  { "uv": [ 4.5, 1, 5.75, 1.25 ], "texture": "#texture" },
        "east":  { "uv": [ 10.25, 1, 11.5, 1.25 ], "texture": "#texture" }
    }
},
{
    "__comment": "Hoe Handle",
    "from": [ 7.75, 15.5, 7 ],
    "to": [ 8.25, 15.75, 7.25 ],
    "faces": {
        "down":  { "uv": [ 8.25, 7.25, 7.75, 7 ], "texture": "#wood" },
        "up":    { "uv": [ 7.75, 7, 8.25, 7.25 ], "texture": "#wood" },
        "north": { "uv": [ 7.75, 0.25, 8.25, 0.5 ], "texture": "#wood" },
        "south": { "uv": [ 7.75, 0.25, 8.25, 0.5 ], "texture": "#wood" },
        "west":  { "uv": [ 7, 0.25, 7.25, 0.5 ], "texture": "#wood" },
        "east":  { "uv": [ 8.75, 0.25, 9, 0.5 ], "texture": "#wood" }
    }
},
{
    "__comment": "Hoe Handle",
    "from": [ 7.75, 15.75, 7.5 ],
    "to": [ 8.25, 16, 8 ],
    "faces": {
        "down":  { "uv": [ 8.25, 8, 7.75, 7.5 ], "texture": "#wood" },
        "up":    { "uv": [ 7.75, 7.5, 8.25, 8 ], "texture": "#wood" },
        "north": { "uv": [ 7.75, 0, 8.25, 0.25 ], "texture": "#wood" },
        "south": { "uv": [ 7.75, 0, 8.25, 0.25 ], "texture": "#wood" },
        "west":  { "uv": [ 7.5, 0, 8, 0.25 ], "texture": "#wood" },
        "east":  { "uv": [ 8, 0, 8.5, 0.25 ], "texture": "#wood" }
    }
},
{
    "__comment": "Hoe Pick",
    "from": [ 7.75, 15.25, 8.5 ],
    "to": [ 8.25, 15.5, 8.75 ],
    "faces": {
        "down":  { "uv": [ 8.25, 8.75, 7.75, 8.5 ], "texture": "#texture" },
        "up":    { "uv": [ 7.75, 8.5, 8.25, 8.75 ], "texture": "#texture" },
        "north": { "uv": [ 7.75, 0.5, 8.25, 0.75 ], "texture": "#texture" },
        "south": { "uv": [ 7.75, 0.5, 8.25, 0.75 ], "texture": "#texture" },
        "west":  { "uv": [ 8.5, 0.5, 8.75, 0.75 ], "texture": "#texture" },
        "east":  { "uv": [ 7.25, 0.5, 7.5, 0.75 ], "texture": "#texture" }
    }
},
{
    "__comment": "Hoe Pick",
    "from": [ 7.75, 14.5, 10.25 ],
    "to": [ 8.25, 14.75, 10.5 ],
    "faces": {
        "down":  { "uv": [ 8.25, 10.5, 7.75, 10.25 ], "texture": "#texture" },
        "up":    { "uv": [ 7.75, 10.25, 8.25, 10.5 ], "texture": "#texture" },
        "north": { "uv": [ 7.75, 1.25, 8.25, 1.5 ], "texture": "#texture" },
        "south": { "uv": [ 7.75, 1.25, 8.25, 1.5 ], "texture": "#texture" },
        "west":  { "uv": [ 10.25, 1.25, 10.5, 1.5 ], "texture": "#texture" },
        "east":  { "uv": [ 5.5, 1.25, 5.75, 1.5 ], "texture": "#texture" }
    }
},
{
    "__comment": "Hoe Pick",
    "from": [ 7.75, 14.75, 12 ],
    "to": [ 8.25, 15, 12.25 ],
    "faces": {
        "down":  { "uv": [ 8.25, 12.25, 7.75, 12 ], "texture": "#texture" },
        "up":    { "uv": [ 7.75, 12, 8.25, 12.25 ], "texture": "#texture" },
        "north": { "uv": [ 7.75, 1, 8.25, 1.25 ], "texture": "#texture" },
        "south": { "uv": [ 7.75, 1, 8.25, 1.25 ], "texture": "#texture" },
        "west":  { "uv": [ 12, 1, 12.25, 1.25 ], "texture": "#texture" },
        "east":  { "uv": [ 3.75, 1, 4, 1.25 ], "texture": "#texture" }
    }
},
{
    "__comment": "Hoe Pick",
    "from": [ 8.25, 14.75, 5.75 ],
    "to": [ 8.75, 15, 6.25 ],
    "faces": {
        "down":  { "uv": [ 7.75, 6.25, 7.25, 5.75 ], "texture": "#texture" },
        "up":    { "uv": [ 8.25, 5.75, 8.75, 6.25 ], "texture": "#texture" },
        "north": { "uv": [ 7.25, 1, 7.75, 1.25 ], "texture": "#texture" },
        "south": { "uv": [ 8.25, 1, 8.75, 1.25 ], "texture": "#texture" },
        "west":  { "uv": [ 5.75, 1, 6.25, 1.25 ], "texture": "#texture" },
        "east":  { "uv": [ 9.75, 1, 10.25, 1.25 ], "texture": "#texture" }
    }
},
{
    "__comment": "Hoe Hnadle",
    "from": [ 8.25, 15.5, 7.25 ],
    "to": [ 8.5, 15.75, 8 ],
    "faces": {
        "down":  { "uv": [ 7.75, 8, 7.5, 7.25 ], "texture": "#wood" },
        "up":    { "uv": [ 8.25, 7.25, 8.5, 8 ], "texture": "#wood" },
        "north": { "uv": [ 7.5, 0.25, 7.75, 0.5 ], "texture": "#wood" },
        "south": { "uv": [ 8.25, 0.25, 8.5, 0.5 ], "texture": "#wood" },
        "west":  { "uv": [ 7.25, 0.25, 8, 0.5 ], "texture": "#wood" },
        "east":  { "uv": [ 8, 0.25, 8.75, 0.5 ], "texture": "#wood" }
    }
},
{
    "__comment": "Hoe Pick",
    "from": [ 8.5, 14.5, 12.25 ],
    "to": [ 8.75, 14.75, 12.5 ],
    "faces": {
        "down":  { "uv": [ 7.5, 12.5, 7.25, 12.25 ], "texture": "#texture" },
        "up":    { "uv": [ 8.5, 12.25, 8.75, 12.5 ], "texture": "#texture" },
        "north": { "uv": [ 7.25, 1.25, 7.5, 1.5 ], "texture": "#texture" },
        "south": { "uv": [ 8.5, 1.25, 8.75, 1.5 ], "texture": "#texture" },
        "west":  { "uv": [ 12.25, 1.25, 12.5, 1.5 ], "texture": "#texture" },
        "east":  { "uv": [ 3.5, 1.25, 3.75, 1.5 ], "texture": "#texture" }
    }
},
{
    "__comment": "Hoe Handle*",
    "from": [ 7.75, 0.5, 7.25 ],
    "to": [ 8.25, 14.75, 8.25 ],
    "faces": {
        "down":  { "uv": [ 8.25, 8.25, 7.75, 7.25 ], "texture": "#wood" },
        "up":    { "uv": [ 7.75, 7.25, 8.25, 8.25 ], "texture": "#wood" },
        "north": { "uv": [ 7.75, 1.25, 8.25, 15.5 ], "texture": "#wood" },
        "south": { "uv": [ 7.75, 1.25, 8.25, 15.5 ], "texture": "#wood" },
        "west":  { "uv": [ 7.25, 1.25, 8.25, 15.5 ], "texture": "#wood" },
        "east":  { "uv": [ 7.75, 1.25, 8.75, 15.5 ], "texture": "#wood" }
    }
},
{
    "__comment": "Hoe Handle*",
    "from": [ 7.5, 0.5, 7.5 ],
    "to": [ 8.5, 14.75, 8 ],
    "faces": {
        "down":  { "uv": [ 8.5, 8, 7.5, 7.5 ], "texture": "#wood" },
        "up":    { "uv": [ 7.5, 7.5, 8.5, 8 ], "texture": "#wood" },
        "north": { "uv": [ 7.5, 1.25, 8.5, 15.5 ], "texture": "#wood" },
        "south": { "uv": [ 7.5, 1.25, 8.5, 15.5 ], "texture": "#wood" },
        "west":  { "uv": [ 7.5, 1.25, 8, 15.5 ], "texture": "#wood" },
        "east":  { "uv": [ 8, 1.25, 8.5, 15.5 ], "texture": "#wood" }
    }
},
{
    "__comment": "Hoe Pick*",
    "from": [ 7.5, 14.5, 7.25 ],
    "to": [ 7.75, 14.75, 7.5 ],
    "faces": {
        "down":  { "uv": [ 8.5, 7.5, 8.25, 7.25 ], "texture": "#texture" },
        "up":    { "uv": [ 7.5, 7.25, 7.75, 7.5 ], "texture": "#texture" },
        "north": { "uv": [ 8.25, 1.25, 8.5, 1.5 ], "texture": "#texture" },
        "south": { "uv": [ 7.5, 1.25, 7.75, 1.5 ], "texture": "#texture" },
        "west":  { "uv": [ 7.25, 1.25, 7.5, 1.5 ], "texture": "#texture" },
        "east":  { "uv": [ 8.5, 1.25, 8.75, 1.5 ], "texture": "#texture" }
    }
},
{
    "__comment": "Hoe Pick*",
    "from": [ 8.25, 14.5, 7.25 ],
    "to": [ 8.5, 14.75, 7.5 ],
    "faces": {
        "down":  { "uv": [ 7.75, 7.5, 7.5, 7.25 ], "texture": "#texture" },
        "up":    { "uv": [ 8.25, 7.25, 8.5, 7.5 ], "texture": "#texture" },
        "north": { "uv": [ 7.5, 1.25, 7.75, 1.5 ], "texture": "#texture" },
        "south": { "uv": [ 8.25, 1.25, 8.5, 1.5 ], "texture": "#texture" },
        "west":  { "uv": [ 7.25, 1.25, 7.5, 1.5 ], "texture": "#texture" },
        "east":  { "uv": [ 8.5, 1.25, 8.75, 1.5 ], "texture": "#texture" }
    }
},
{
    "__comment": "Hoe Pick*",
    "from": [ 8.25, 14.5, 8 ],
    "to": [ 8.5, 14.75, 8.25 ],
    "faces": {
        "down":  { "uv": [ 7.75, 8.25, 7.5, 8 ], "texture": "#texture" },
        "up":    { "uv": [ 8.25, 8, 8.5, 8.25 ], "texture": "#texture" },
        "north": { "uv": [ 7.5, 1.25, 7.75, 1.5 ], "texture": "#texture" },
        "south": { "uv": [ 8.25, 1.25, 8.5, 1.5 ], "texture": "#texture" },
        "west":  { "uv": [ 8, 1.25, 8.25, 1.5 ], "texture": "#texture" },
        "east":  { "uv": [ 7.75, 1.25, 8, 1.5 ], "texture": "#texture" }
    }
},
{
    "__comment": "Hoe Pick*",
    "from": [ 7.5, 14.5, 8 ],
    "to": [ 7.75, 14.75, 8.25 ],
    "faces": {
        "down":  { "uv": [ 8.5, 8.25, 8.25, 8 ], "texture": "#texture" },
        "up":    { "uv": [ 7.5, 8, 7.75, 8.25 ], "texture": "#texture" },
        "north": { "uv": [ 8.25, 1.25, 8.5, 1.5 ], "texture": "#texture" },
        "south": { "uv": [ 7.5, 1.25, 7.75, 1.5 ], "texture": "#texture" },
        "west":  { "uv": [ 8, 1.25, 8.25, 1.5 ], "texture": "#texture" },
        "east":  { "uv": [ 7.75, 1.25, 8, 1.5 ], "texture": "#texture" }
    }
},
{
    "__comment": "Hoe Handle*",
    "from": [ 7.25, 12.5, 7.25 ],
    "to": [ 8.75, 13, 8.25 ],
    "faces": {
        "down":  { "uv": [ 8.75, 8.25, 7.25, 7.25 ], "texture": "#wood" },
        "up":    { "uv": [ 7.25, 7.25, 8.75, 8.25 ], "texture": "#wood" },
        "north": { "uv": [ 7.25, 3, 8.75, 3.5 ], "texture": "#wood" },
        "south": { "uv": [ 7.25, 3, 8.75, 3.5 ], "texture": "#wood" },
        "west":  { "uv": [ 7.25, 3, 8.25, 3.5 ], "texture": "#wood" },
        "east":  { "uv": [ 7.75, 3, 8.75, 3.5 ], "texture": "#wood" }
    }
},
{
    "__comment": "Hoe Handle*",
    "from": [ 7.5, 12.5, 7 ],
    "to": [ 8.5, 13, 7.25 ],
    "faces": {
        "down":  { "uv": [ 8.5, 7.25, 7.5, 7 ], "texture": "#wood" },
        "up":    { "uv": [ 7.5, 7, 8.5, 7.25 ], "texture": "#wood" },
        "north": { "uv": [ 7.5, 3, 8.5, 3.5 ], "texture": "#wood" },
        "south": { "uv": [ 7.5, 3, 8.5, 3.5 ], "texture": "#wood" },
        "west":  { "uv": [ 7, 3, 7.25, 3.5 ], "texture": "#wood" },
        "east":  { "uv": [ 8.75, 3, 9, 3.5 ], "texture": "#wood" }
    }
},
{
    "__comment": "Hoe Handle*",
    "from": [ 7.5, 12.5, 8.25 ],
    "to": [ 8.5, 13, 8.5 ],
    "faces": {
        "down":  { "uv": [ 8.5, 8.5, 7.5, 8.25 ], "texture": "#wood" },
        "up":    { "uv": [ 7.5, 8.25, 8.5, 8.5 ], "texture": "#wood" },
        "north": { "uv": [ 7.5, 3, 8.5, 3.5 ], "texture": "#wood" },
        "south": { "uv": [ 7.5, 3, 8.5, 3.5 ], "texture": "#wood" },
        "west":  { "uv": [ 8.25, 3, 8.5, 3.5 ], "texture": "#wood" },
        "east":  { "uv": [ 7.5, 3, 7.75, 3.5 ], "texture": "#wood" }
    }
},
{
    "__comment": "Hoe Handle*",
    "from": [ 7.75, 0, 7.5 ],
    "to": [ 8.25, 0.5, 8 ],
    "faces": {
        "down":  { "uv": [ 8.25, 8, 7.75, 7.5 ], "texture": "#wood" },
        "up":    { "uv": [ 7.75, 7.5, 8.25, 8 ], "texture": "#wood" },
        "north": { "uv": [ 7.75, 15.5, 8.25, 16 ], "texture": "#wood" },
        "south": { "uv": [ 7.75, 15.5, 8.25, 16 ], "texture": "#wood" },
        "west":  { "uv": [ 7.5, 15.5, 8, 16 ], "texture": "#wood" },
        "east":  { "uv": [ 8, 15.5, 8.5, 16 ], "texture": "#wood" }
    }
}
],
"display": {
    "thirdperson_righthand": {
        "rotation": [ 0, 0, 0 ],
        "translation": [ 0, 5.48, 2.27 ],
        "scale": [ 1.5, 1.5, 1.5 ]
    },
    "thirdperson_lefthand": {
        "rotation": [ 0, 0, 0 ],
        "translation": [ 0, 5.48, 2.27 ],
        "scale": [ 1.5, 1.5, 1.5 ]
    },
    "head": {
        "rotation": [ -96, -47, 77 ],
        "translation": [ 8.13, 19.65, -0.19 ],
        "scale": [ 2, 2, 2 ]
    },
    "ground": {
        "rotation": [ 0, 0, 90 ],
        "translation": [ -2.27, 0, 0 ],
        "scale": [ 1, 1, 1 ]
    },
    "fixed": {
        "rotation": [ 0, 90, 0 ],
        "translation": [ 0, 0.2, -0.9 ],
        "scale": [ 1.2, 1.2, 1.2 ]
    },
    "firstperson_righthand": {
        "rotation": [ -5, 0, 0 ],
        "translation": [ 0.5, 4.3, 0 ],
        "scale": [ 1, 1, 1 ]
    },
    "firstperson_lefthand": {
        "rotation": [ -5, 0, 0 ],
        "translation": [ 0.5, 4.3, 0 ],
        "scale": [ 1, 1, 1 ]
    },
    "gui": {
        "rotation": [ 101, 47, -98 ],
        "translation": [ -1.13, -1.12, 0 ],
        "scale": [ 1.2, 1.2, 1.2 ]
    }
}
}