{
"__comment": "Made by (c) Yannik Pipek. Make sure to inform yourself about my therms of use before using any of my work",
"textures": {
    "particle": "items/iron_sword",
    "iron sword crossguard": "items/iron sword crossguard",
    "texture": "items/iron sword wood",
    "iron sword blade": "items/iron sword blade"
},
"elements": [ 
{
    "__comment": "Rusword",
    "from": [ 5.5, 3.25, 7.75 ],
    "to": [ 10.5, 3.5, 8.25 ],
    "faces": {
        "down":  { "uv": [ 10.5, 8.25, 5.5, 7.75 ], "texture": "#iron sword crossguard" },
        "up":    { "uv": [ 5.5, 7.75, 10.5, 8.25 ], "texture": "#iron sword crossguard" },
        "north": { "uv": [ 5.5, 12.5, 10.5, 12.75 ], "texture": "#iron sword crossguard" },
        "south": { "uv": [ 5.5, 12.5, 10.5, 12.75 ], "texture": "#iron sword crossguard" },
        "west":  { "uv": [ 7.75, 12.5, 8.25, 12.75 ], "texture": "#iron sword crossguard" },
        "east":  { "uv": [ 7.75, 12.5, 8.25, 12.75 ], "texture": "#iron sword crossguard" }
    }
},
{
    "__comment": "Rusword",
    "from": [ 5.75, 3.5, 7.75 ],
    "to": [ 6.5, 3.75, 8.25 ],
    "faces": {
        "down":  { "uv": [ 10.25, 8.25, 9.5, 7.75 ], "texture": "#iron sword crossguard" },
        "up":    { "uv": [ 5.75, 7.75, 6.5, 8.25 ], "texture": "#iron sword crossguard" },
        "north": { "uv": [ 9.5, 12.25, 10.25, 12.5 ], "texture": "#iron sword crossguard" },
        "south": { "uv": [ 5.75, 12.25, 6.5, 12.5 ], "texture": "#iron sword crossguard" },
        "west":  { "uv": [ 7.75, 12.25, 8.25, 12.5 ], "texture": "#iron sword crossguard" },
        "east":  { "uv": [ 7.75, 12.25, 8.25, 12.5 ], "texture": "#iron sword crossguard" }
    }
},
{
    "__comment": "Rusword",
    "from": [ 6, 3.75, 7.75 ],
    "to": [ 6.25, 4, 8.25 ],
    "faces": {
        "down":  { "uv": [ 10, 8.25, 9.75, 7.75 ], "texture": "#iron sword crossguard" },
        "up":    { "uv": [ 6, 7.75, 6.25, 8.25 ], "texture": "#iron sword crossguard" },
        "north": { "uv": [ 9.75, 12, 10, 12.25 ], "texture": "#iron sword crossguard" },
        "south": { "uv": [ 6, 12, 6.25, 12.25 ], "texture": "#iron sword crossguard" },
        "west":  { "uv": [ 7.75, 12, 8.25, 12.25 ], "texture": "#iron sword crossguard" },
        "east":  { "uv": [ 7.75, 12, 8.25, 12.25 ], "texture": "#iron sword crossguard" }
    }
},
{
    "__comment": "Rusword",
    "from": [ 6.75, 3, 7.75 ],
    "to": [ 9.25, 3.25, 8.25 ],
    "faces": {
        "down":  { "uv": [ 9.25, 8.25, 6.75, 7.75 ], "texture": "#iron sword crossguard" },
        "up":    { "uv": [ 6.75, 7.75, 9.25, 8.25 ], "texture": "#iron sword crossguard" },
        "north": { "uv": [ 6.75, 12.75, 9.25, 13 ], "texture": "#iron sword crossguard" },
        "south": { "uv": [ 6.75, 12.75, 9.25, 13 ], "texture": "#iron sword crossguard" },
        "west":  { "uv": [ 7.75, 12.75, 8.25, 13 ], "texture": "#iron sword crossguard" },
        "east":  { "uv": [ 7.75, 12.75, 8.25, 13 ], "texture": "#iron sword crossguard" }
    }
},
{
    "__comment": "Rusword",
    "from": [ 7.25, 0.25, 7.75 ],
    "to": [ 8.75, 0.5, 8.25 ],
    "faces": {
        "down":  { "uv": [ 8.75, 8.25, 7.25, 7.75 ], "texture": "#iron sword crossguard" },
        "up":    { "uv": [ 7.25, 7.75, 8.75, 8.25 ], "texture": "#iron sword crossguard" },
        "north": { "uv": [ 7.25, 15.5, 8.75, 15.75 ], "texture": "#iron sword crossguard" },
        "south": { "uv": [ 7.25, 15.5, 8.75, 15.75 ], "texture": "#iron sword crossguard" },
        "west":  { "uv": [ 7.75, 15.5, 8.25, 15.75 ], "texture": "#iron sword crossguard" },
        "east":  { "uv": [ 7.75, 15.5, 8.25, 15.75 ], "texture": "#iron sword crossguard" }
    }
},
{
    "__comment": "Rusword",
    "from": [ 7.5, 0, 7.75 ],
    "to": [ 8.5, 0.25, 8.25 ],
    "faces": {
        "down":  { "uv": [ 8.5, 8.25, 7.5, 7.75 ], "texture": "#iron sword crossguard" },
        "up":    { "uv": [ 7.5, 7.75, 8.5, 8.25 ], "texture": "#iron sword crossguard" },
        "north": { "uv": [ 7.5, 15.75, 8.5, 16 ], "texture": "#iron sword crossguard" },
        "south": { "uv": [ 7.5, 15.75, 8.5, 16 ], "texture": "#iron sword crossguard" },
        "west":  { "uv": [ 7.75, 15.75, 8.25, 16 ], "texture": "#iron sword crossguard" },
        "east":  { "uv": [ 7.75, 15.75, 8.25, 16 ], "texture": "#iron sword crossguard" }
    }
},
{
    "__comment": "Rusword",
    "from": [ 7.5, 0.5, 7.75 ],
    "to": [ 8.5, 0.75, 8.25 ],
    "faces": {
        "down":  { "uv": [ 8.5, 8.25, 7.5, 7.75 ], "texture": "#iron sword crossguard" },
        "up":    { "uv": [ 7.5, 7.75, 8.5, 8.25 ], "texture": "#iron sword crossguard" },
        "north": { "uv": [ 7.5, 15.25, 8.5, 15.5 ], "texture": "#iron sword crossguard" },
        "south": { "uv": [ 7.5, 15.25, 8.5, 15.5 ], "texture": "#iron sword crossguard" },
        "west":  { "uv": [ 7.75, 15.25, 8.25, 15.5 ], "texture": "#iron sword crossguard" },
        "east":  { "uv": [ 7.75, 15.25, 8.25, 15.5 ], "texture": "#iron sword crossguard" }
    }
},
{
    "__comment": "Rusword",
    "from": [ 7.5, 1, 7.75 ],
    "to": [ 8.5, 2.5, 8.25 ],
    "faces": {
        "down":  { "uv": [ 8.5, 8.25, 7.5, 7.75 ], "texture": "#texture" },
        "up":    { "uv": [ 7.5, 7.75, 8.5, 8.25 ], "texture": "#texture" },
        "north": { "uv": [ 7.5, 13.5, 8.5, 15 ], "texture": "#texture" },
        "south": { "uv": [ 7.5, 13.5, 8.5, 15 ], "texture": "#texture" },
        "west":  { "uv": [ 7.75, 13.5, 8.25, 15 ], "texture": "#texture" },
        "east":  { "uv": [ 7.75, 13.5, 8.25, 15 ], "texture": "#texture" }
    }
},
{
    "__comment": "Blade bottom",
    "from": [ 7.5, 3.5, 7.75 ],
    "to": [ 8.5, 9.25, 8.25 ],
    "faces": {
        "down":  { "uv": [ 8.5, 8.25, 7.5, 7.75 ], "texture": "#iron sword blade" },
        "up":    { "uv": [ 7.5, 7.75, 8.5, 8.25 ], "texture": "#iron sword blade" },
        "north": { "uv": [ 7.5, 6.75, 8.5, 12.5 ], "texture": "#iron sword blade" },
        "south": { "uv": [ 7.5, 6.75, 8.5, 12.5 ], "texture": "#iron sword blade" },
        "west":  { "uv": [ 7.75, 6.75, 8.25, 12.5 ], "texture": "#iron sword blade" },
        "east":  { "uv": [ 7.75, 6.75, 8.25, 12.5 ], "texture": "#iron sword blade" }
    }
},
{
    "__comment": "Blade between t b",
    "from": [ 7.5, 9.25, 7.75 ],
    "to": [ 8.5, 9.5, 8 ],
    "faces": {
        "down":  { "uv": [ 8.5, 8, 7.5, 7.75 ], "texture": "#iron sword blade" },
        "up":    { "uv": [ 7.5, 7.75, 8.5, 8 ], "texture": "#iron sword blade" },
        "north": { "uv": [ 7.5, 6.5, 8.5, 6.75 ], "texture": "#iron sword blade" },
        "south": { "uv": [ 7.5, 6.5, 8.5, 6.75 ], "texture": "#iron sword blade" },
        "west":  { "uv": [ 7.75, 6.5, 8, 6.75 ], "texture": "#iron sword blade" },
        "east":  { "uv": [ 8, 6.5, 8.25, 6.75 ], "texture": "#iron sword blade" }
    }
},
{
    "__comment": "Rusword",
    "from": [ 7.75, 3, 7.5 ],
    "to": [ 8.25, 3.75, 7.75 ],
    "faces": {
        "down":  { "uv": [ 8.25, 7.75, 7.75, 7.5 ], "texture": "#iron sword crossguard" },
        "up":    { "uv": [ 7.75, 7.5, 8.25, 7.75 ], "texture": "#iron sword crossguard" },
        "north": { "uv": [ 7.75, 12.25, 8.25, 13 ], "texture": "#iron sword crossguard" },
        "south": { "uv": [ 7.75, 12.25, 8.25, 13 ], "texture": "#iron sword crossguard" },
        "west":  { "uv": [ 7.5, 12.25, 7.75, 13 ], "texture": "#iron sword crossguard" },
        "east":  { "uv": [ 8.25, 12.25, 8.5, 13 ], "texture": "#iron sword crossguard" }
    }
},
{
    "__comment": "Rusword",
    "from": [ 7.75, 0.75, 7.75 ],
    "to": [ 8.25, 1, 8.25 ],
    "faces": {
        "down":  { "uv": [ 8.25, 8.25, 7.75, 7.75 ], "texture": "#texture" },
        "up":    { "uv": [ 7.75, 7.75, 8.25, 8.25 ], "texture": "#texture" },
        "north": { "uv": [ 7.75, 15, 8.25, 15.25 ], "texture": "#texture" },
        "south": { "uv": [ 7.75, 15, 8.25, 15.25 ], "texture": "#texture" },
        "west":  { "uv": [ 7.75, 15, 8.25, 15.25 ], "texture": "#texture" },
        "east":  { "uv": [ 7.75, 15, 8.25, 15.25 ], "texture": "#texture" }
    }
},
{
    "__comment": "Rusword",
    "from": [ 7.75, 2.5, 7.75 ],
    "to": [ 8.25, 3, 8.25 ],
    "faces": {
        "down":  { "uv": [ 8.25, 8.25, 7.75, 7.75 ], "texture": "#texture" },
        "up":    { "uv": [ 7.75, 7.75, 8.25, 8.25 ], "texture": "#texture" },
        "north": { "uv": [ 7.75, 13, 8.25, 13.5 ], "texture": "#texture" },
        "south": { "uv": [ 7.75, 13, 8.25, 13.5 ], "texture": "#texture" },
        "west":  { "uv": [ 7.75, 13, 8.25, 13.5 ], "texture": "#texture" },
        "east":  { "uv": [ 7.75, 13, 8.25, 13.5 ], "texture": "#texture" }
    }
},
{
    "__comment": "Blade top",
    "from": [ 7.75, 9.5, 7.75 ],
    "to": [ 8.25, 15.75, 8.25 ],
    "faces": {
        "down":  { "uv": [ 8.25, 8.25, 7.75, 7.75 ], "texture": "#iron sword blade" },
        "up":    { "uv": [ 7.75, 7.75, 8.25, 8.25 ], "texture": "#iron sword blade" },
        "north": { "uv": [ 7.75, 0.25, 8.25, 6.5 ], "texture": "#iron sword blade" },
        "south": { "uv": [ 7.75, 0.25, 8.25, 6.5 ], "texture": "#iron sword blade" },
        "west":  { "uv": [ 7.75, 0.25, 8.25, 6.5 ], "texture": "#iron sword blade" },
        "east":  { "uv": [ 7.75, 0.25, 8.25, 6.5 ], "texture": "#iron sword blade" }
    }
},
{
    "__comment": "Blade between t b",
    "from": [ 7.75, 9.25, 8 ],
    "to": [ 8.25, 9.5, 8.25 ],
    "faces": {
        "down":  { "uv": [ 8.25, 8.25, 7.75, 8 ], "texture": "#iron sword blade" },
        "up":    { "uv": [ 7.75, 8, 8.25, 8.25 ], "texture": "#iron sword blade" },
        "north": { "uv": [ 7.75, 6.5, 8.25, 6.75 ], "texture": "#iron sword blade" },
        "south": { "uv": [ 7.75, 6.5, 8.25, 6.75 ], "texture": "#iron sword blade" },
        "west":  { "uv": [ 8, 6.5, 8.25, 6.75 ], "texture": "#iron sword blade" },
        "east":  { "uv": [ 7.75, 6.5, 8, 6.75 ], "texture": "#iron sword blade" }
    }
},
{
    "__comment": "Rusword",
    "from": [ 7.75, 3, 8.25 ],
    "to": [ 8.25, 3.75, 8.5 ],
    "faces": {
        "down":  { "uv": [ 8.25, 8.5, 7.75, 8.25 ], "texture": "#iron sword crossguard" },
        "up":    { "uv": [ 7.75, 8.25, 8.25, 8.5 ], "texture": "#iron sword crossguard" },
        "north": { "uv": [ 7.75, 12.25, 8.25, 13 ], "texture": "#iron sword crossguard" },
        "south": { "uv": [ 7.75, 12.25, 8.25, 13 ], "texture": "#iron sword crossguard" },
        "west":  { "uv": [ 8.25, 12.25, 8.5, 13 ], "texture": "#iron sword crossguard" },
        "east":  { "uv": [ 7.5, 12.25, 7.75, 13 ], "texture": "#iron sword crossguard" }
    }
},
{
    "__comment": "Rusword",
    "from": [ 9.5, 3.5, 7.75 ],
    "to": [ 10.25, 3.75, 8.25 ],
    "faces": {
        "down":  { "uv": [ 6.5, 8.25, 5.75, 7.75 ], "texture": "#iron sword crossguard" },
        "up":    { "uv": [ 9.5, 7.75, 10.25, 8.25 ], "texture": "#iron sword crossguard" },
        "north": { "uv": [ 5.75, 12.25, 6.5, 12.5 ], "texture": "#iron sword crossguard" },
        "south": { "uv": [ 9.5, 12.25, 10.25, 12.5 ], "texture": "#iron sword crossguard" },
        "west":  { "uv": [ 7.75, 12.25, 8.25, 12.5 ], "texture": "#iron sword crossguard" },
        "east":  { "uv": [ 7.75, 12.25, 8.25, 12.5 ], "texture": "#iron sword crossguard" }
    }
},
{
    "__comment": "Rusword",
    "from": [ 9.75, 3.75, 7.75 ],
    "to": [ 10, 4, 8.25 ],
    "faces": {
        "down":  { "uv": [ 6.25, 8.25, 6, 7.75 ], "texture": "#iron sword crossguard" },
        "up":    { "uv": [ 9.75, 7.75, 10, 8.25 ], "texture": "#iron sword crossguard" },
        "north": { "uv": [ 6, 12, 6.25, 12.25 ], "texture": "#iron sword crossguard" },
        "south": { "uv": [ 9.75, 12, 10, 12.25 ], "texture": "#iron sword crossguard" },
        "west":  { "uv": [ 7.75, 12, 8.25, 12.25 ], "texture": "#iron sword crossguard" },
        "east":  { "uv": [ 7.75, 12, 8.25, 12.25 ], "texture": "#iron sword crossguard" }
    }
}
],
"display": {
    "thirdperson_righthand": {
        "rotation": [ 0, 90, 0 ],
        "translation": [ 0, 7.75, 1.5 ],
        "scale": [ 1.5, 1.5, 1.5 ]
    },
    "thirdperson_lefthand": {
        "rotation": [ 0, 90, 0 ],
        "translation": [ 0, 7.75, 1.5 ],
        "scale": [ 1.5, 1.5, 1.5 ]
    },
    "head": {
        "rotation": [ -135, -27, 0 ],
        "translation": [ 0, 3.78, 9.64 ],
        "scale": [ 2, 2, 2 ]
    },
    "ground": {
        "rotation": [ 90, 0, 0 ],
        "translation": [ 0, 0, 3.3 ],
        "scale": [ 1, 1, 1 ]
    },
    "fixed": {
        "rotation": [ 0, 0, 0 ],
        "translation": [ 0, 0.2, -0.55 ],
        "scale": [ 1.2, 1.2, 1.2 ]
    },
    "firstperson_righthand": {
        "rotation": [ 0, 85, -5 ],
        "translation": [ 0.5, 6.6, 0 ],
        "scale": [ 1, 1, 1 ]
    },
    "firstperson_lefthand": {
        "rotation": [ 0, 85, -5 ],
        "translation": [ 0, 6.6, 0 ],
        "scale": [ 1, 1, 1 ]
    },
    "gui": {
        "rotation": [ 6, 6, -45 ],
        "translation": [ 0, 0, 0 ],
        "scale": [ 1.35, 1.35, 1.35 ]
    }
}
}