{
"__comment": "Made by (c) Yannik Pipek, Allinonemovie. Make sure to inform yourself about my therms of use before using any of our work",
"textures": {
    "particle": "items/stone_axe",
    "stone axe balde": "items/stone axe balde",
    "texture": "items/stone axe wood"
},
"elements": [ 
{
    "__comment": "Axe Blade",
    "from": [ 3.75, 13.5, 7.75 ],
    "to": [ 11.75, 14.25, 8.25 ],
    "faces": {
        "down":  { "uv": [ 12.25, 8.25, 4.25, 7.75 ], "texture": "#stone axe balde" },
        "up":    { "uv": [ 3.75, 7.75, 11.75, 8.25 ], "texture": "#stone axe balde" },
        "north": { "uv": [ 4.25, 1.75, 12.25, 2.5 ], "texture": "#stone axe balde" },
        "south": { "uv": [ 3.75, 1.75, 11.75, 2.5 ], "texture": "#stone axe balde" },
        "west":  { "uv": [ 7.75, 1.75, 8.25, 2.5 ], "texture": "#stone axe balde" },
        "east":  { "uv": [ 7.75, 1.75, 8.25, 2.5 ], "texture": "#stone axe balde" }
    }
},
{
    "__comment": "Axe Blade",
    "from": [ 4, 13, 7.75 ],
    "to": [ 10.5, 13.25, 8.25 ],
    "faces": {
        "down":  { "uv": [ 12, 8.25, 5.5, 7.75 ], "texture": "#stone axe balde" },
        "up":    { "uv": [ 4, 7.75, 10.5, 8.25 ], "texture": "#stone axe balde" },
        "north": { "uv": [ 5.5, 2.75, 12, 3 ], "texture": "#stone axe balde" },
        "south": { "uv": [ 4, 2.75, 10.5, 3 ], "texture": "#stone axe balde" },
        "west":  { "uv": [ 7.75, 2.75, 8.25, 3 ], "texture": "#stone axe balde" },
        "east":  { "uv": [ 7.75, 2.75, 8.25, 3 ], "texture": "#stone axe balde" }
    }
},
{
    "__comment": "Axe Blade",
    "from": [ 4.25, 13.25, 7.75 ],
    "to": [ 10.75, 13.5, 8.25 ],
    "faces": {
        "down":  { "uv": [ 11.75, 8.25, 5.25, 7.75 ], "texture": "#stone axe balde" },
        "up":    { "uv": [ 4.25, 7.75, 10.75, 8.25 ], "texture": "#stone axe balde" },
        "north": { "uv": [ 5.25, 2.5, 11.75, 2.75 ], "texture": "#stone axe balde" },
        "south": { "uv": [ 4.25, 2.5, 10.75, 2.75 ], "texture": "#stone axe balde" },
        "west":  { "uv": [ 7.75, 2.5, 8.25, 2.75 ], "texture": "#stone axe balde" },
        "east":  { "uv": [ 7.75, 2.5, 8.25, 2.75 ], "texture": "#stone axe balde" }
    }
},
{
    "__comment": "Axe Blade",
    "from": [ 4.5, 14.25, 7.75 ],
    "to": [ 11.5, 14.5, 8.25 ],
    "faces": {
        "down":  { "uv": [ 11.5, 8.25, 4.5, 7.75 ], "texture": "#stone axe balde" },
        "up":    { "uv": [ 4.5, 7.75, 11.5, 8.25 ], "texture": "#stone axe balde" },
        "north": { "uv": [ 4.5, 1.5, 11.5, 1.75 ], "texture": "#stone axe balde" },
        "south": { "uv": [ 4.5, 1.5, 11.5, 1.75 ], "texture": "#stone axe balde" },
        "west":  { "uv": [ 7.75, 1.5, 8.25, 1.75 ], "texture": "#stone axe balde" },
        "east":  { "uv": [ 7.75, 1.5, 8.25, 1.75 ], "texture": "#stone axe balde" }
    }
},
{
    "__comment": "Axe Blade",
    "from": [ 5, 12.5, 7.75 ],
    "to": [ 11.75, 12.75, 8.25 ],
    "faces": {
        "down":  { "uv": [ 11, 8.25, 4.25, 7.75 ], "texture": "#stone axe balde" },
        "up":    { "uv": [ 5, 7.75, 11.75, 8.25 ], "texture": "#stone axe balde" },
        "north": { "uv": [ 4.25, 3.25, 11, 3.5 ], "texture": "#stone axe balde" },
        "south": { "uv": [ 5, 3.25, 11.75, 3.5 ], "texture": "#stone axe balde" },
        "west":  { "uv": [ 7.75, 3.25, 8.25, 3.5 ], "texture": "#stone axe balde" },
        "east":  { "uv": [ 7.75, 3.25, 8.25, 3.5 ], "texture": "#stone axe balde" }
    }
},
{
    "__comment": "Axe Blade",
    "from": [ 5, 14.5, 7.75 ],
    "to": [ 11.5, 14.75, 8.25 ],
    "faces": {
        "down":  { "uv": [ 11, 8.25, 4.5, 7.75 ], "texture": "#stone axe balde" },
        "up":    { "uv": [ 5, 7.75, 11.5, 8.25 ], "texture": "#stone axe balde" },
        "north": { "uv": [ 4.5, 1.25, 11, 1.5 ], "texture": "#stone axe balde" },
        "south": { "uv": [ 5, 1.25, 11.5, 1.5 ], "texture": "#stone axe balde" },
        "west":  { "uv": [ 7.75, 1.25, 8.25, 1.5 ], "texture": "#stone axe balde" },
        "east":  { "uv": [ 7.75, 1.25, 8.25, 1.5 ], "texture": "#stone axe balde" }
    }
},
{
    "__comment": "Stone_axe",
    "from": [ 5.5, 1, 7.5 ],
    "to": [ 7.25, 1.5, 8.5 ],
    "faces": {
        "down":  { "uv": [ 10.5, 8.5, 8.75, 7.5 ], "texture": "#texture" },
        "up":    { "uv": [ 5.5, 7.5, 7.25, 8.5 ], "texture": "#texture" },
        "north": { "uv": [ 8.75, 14.5, 10.5, 15 ], "texture": "#texture" },
        "south": { "uv": [ 5.5, 14.5, 7.25, 15 ], "texture": "#texture" },
        "west":  { "uv": [ 7.5, 14.5, 8.5, 15 ], "texture": "#texture" },
        "east":  { "uv": [ 7.5, 14.5, 8.5, 15 ], "texture": "#texture" }
    }
},
{
    "__comment": "Stone_axe",
    "from": [ 5.5, 1.5, 7.5 ],
    "to": [ 7.25, 1.75, 8.25 ],
    "faces": {
        "down":  { "uv": [ 10.5, 8.25, 8.75, 7.5 ], "texture": "#texture" },
        "up":    { "uv": [ 5.5, 7.5, 7.25, 8.25 ], "texture": "#texture" },
        "north": { "uv": [ 8.75, 14.25, 10.5, 14.5 ], "texture": "#texture" },
        "south": { "uv": [ 5.5, 14.25, 7.25, 14.5 ], "texture": "#texture" },
        "west":  { "uv": [ 7.5, 14.25, 8.25, 14.5 ], "texture": "#texture" },
        "east":  { "uv": [ 7.75, 14.25, 8.5, 14.5 ], "texture": "#texture" }
    }
},
{
    "__comment": "Stone_axe",
    "from": [ 5.5, 14.75, 7.75 ],
    "to": [ 5.75, 15, 8.25 ],
    "faces": {
        "down":  { "uv": [ 10.5, 8.25, 10.25, 7.75 ], "texture": "#stone axe balde" },
        "up":    { "uv": [ 5.5, 7.75, 5.75, 8.25 ], "texture": "#stone axe balde" },
        "north": { "uv": [ 10.25, 1, 10.5, 1.25 ], "texture": "#stone axe balde" },
        "south": { "uv": [ 5.5, 1, 5.75, 1.25 ], "texture": "#stone axe balde" },
        "west":  { "uv": [ 7.75, 1, 8.25, 1.25 ], "texture": "#stone axe balde" },
        "east":  { "uv": [ 7.75, 1, 8.25, 1.25 ], "texture": "#stone axe balde" }
    }
},
{
    "__comment": "Stone_axe",
    "from": [ 5.75, 0.75, 7.5 ],
    "to": [ 7, 1, 8.75 ],
    "faces": {
        "down":  { "uv": [ 10.25, 8.75, 9, 7.5 ], "texture": "#texture" },
        "up":    { "uv": [ 5.75, 7.5, 7, 8.75 ], "texture": "#texture" },
        "north": { "uv": [ 9, 15, 10.25, 15.25 ], "texture": "#texture" },
        "south": { "uv": [ 5.75, 15, 7, 15.25 ], "texture": "#texture" },
        "west":  { "uv": [ 7.5, 15, 8.75, 15.25 ], "texture": "#texture" },
        "east":  { "uv": [ 7.25, 15, 8.5, 15.25 ], "texture": "#texture" }
    }
},
{
    "__comment": "Stone_axe",
    "from": [ 5.75, 1.75, 7.5 ],
    "to": [ 7, 3.75, 8.5 ],
    "faces": {
        "down":  { "uv": [ 10.25, 8.5, 9, 7.5 ], "texture": "#texture" },
        "up":    { "uv": [ 5.75, 7.5, 7, 8.5 ], "texture": "#texture" },
        "north": { "uv": [ 9, 12.25, 10.25, 14.25 ], "texture": "#texture" },
        "south": { "uv": [ 5.75, 12.25, 7, 14.25 ], "texture": "#texture" },
        "west":  { "uv": [ 7.5, 12.25, 8.5, 14.25 ], "texture": "#texture" },
        "east":  { "uv": [ 7.5, 12.25, 8.5, 14.25 ], "texture": "#texture" }
    }
},
{
    "__comment": "Stone_axe",
    "from": [ 5.75, 11.25, 7.5 ],
    "to": [ 7.25, 12, 8 ],
    "faces": {
        "down":  { "uv": [ 10.25, 8, 8.75, 7.5 ], "texture": "#texture" },
        "up":    { "uv": [ 5.75, 7.5, 7.25, 8 ], "texture": "#texture" },
        "north": { "uv": [ 8.75, 4, 10.25, 4.75 ], "texture": "#texture" },
        "south": { "uv": [ 5.75, 4, 7.25, 4.75 ], "texture": "#texture" },
        "west":  { "uv": [ 7.5, 4, 8, 4.75 ], "texture": "#texture" },
        "east":  { "uv": [ 8, 4, 8.5, 4.75 ], "texture": "#texture" }
    }
},
{
    "__comment": "Stone_axe",
    "from": [ 5.75, 12, 7.5 ],
    "to": [ 7.25, 12.25, 7.75 ],
    "faces": {
        "down":  { "uv": [ 10.25, 7.75, 8.75, 7.5 ], "texture": "#texture" },
        "up":    { "uv": [ 5.75, 7.5, 7.25, 7.75 ], "texture": "#texture" },
        "north": { "uv": [ 8.75, 3.75, 10.25, 4 ], "texture": "#texture" },
        "south": { "uv": [ 5.75, 3.75, 7.25, 4 ], "texture": "#texture" },
        "west":  { "uv": [ 7.5, 3.75, 7.75, 4 ], "texture": "#texture" },
        "east":  { "uv": [ 8.25, 3.75, 8.5, 4 ], "texture": "#texture" }
    }
},
{
    "__comment": "Stone_axe",
    "from": [ 5.75, 15, 7.5 ],
    "to": [ 7.25, 15.75, 8.5 ],
    "faces": {
        "down":  { "uv": [ 10.25, 8.5, 8.75, 7.5 ], "texture": "#texture" },
        "up":    { "uv": [ 5.75, 7.5, 7.25, 8.5 ], "texture": "#texture" },
        "north": { "uv": [ 8.75, 0.25, 10.25, 1 ], "texture": "#texture" },
        "south": { "uv": [ 5.75, 0.25, 7.25, 1 ], "texture": "#texture" },
        "west":  { "uv": [ 7.5, 0.25, 8.5, 1 ], "texture": "#texture" },
        "east":  { "uv": [ 7.5, 0.25, 8.5, 1 ], "texture": "#texture" }
    }
},
{
    "__comment": "Stone_axe",
    "from": [ 5.75, 3.75, 7.75 ],
    "to": [ 7, 4.25, 8.5 ],
    "faces": {
        "down":  { "uv": [ 10.25, 8.5, 9, 7.75 ], "texture": "#texture" },
        "up":    { "uv": [ 5.75, 7.75, 7, 8.5 ], "texture": "#texture" },
        "north": { "uv": [ 9, 11.75, 10.25, 12.25 ], "texture": "#texture" },
        "south": { "uv": [ 5.75, 11.75, 7, 12.25 ], "texture": "#texture" },
        "west":  { "uv": [ 7.75, 11.75, 8.5, 12.25 ], "texture": "#texture" },
        "east":  { "uv": [ 7.5, 11.75, 8.25, 12.25 ], "texture": "#texture" }
    }
},
{
    "__comment": "Stone_axe",
    "from": [ 5.75, 4.25, 7.75 ],
    "to": [ 7.25, 5.25, 8.25 ],
    "faces": {
        "down":  { "uv": [ 10.25, 8.25, 8.75, 7.75 ], "texture": "#texture" },
        "up":    { "uv": [ 5.75, 7.75, 7.25, 8.25 ], "texture": "#texture" },
        "north": { "uv": [ 8.75, 10.75, 10.25, 11.75 ], "texture": "#texture" },
        "south": { "uv": [ 5.75, 10.75, 7.25, 11.75 ], "texture": "#texture" },
        "west":  { "uv": [ 7.75, 10.75, 8.25, 11.75 ], "texture": "#texture" },
        "east":  { "uv": [ 7.75, 10.75, 8.25, 11.75 ], "texture": "#texture" }
    }
},
{
    "__comment": "Stone_axe",
    "from": [ 5.75, 5.25, 7.75 ],
    "to": [ 7.25, 5.5, 8 ],
    "faces": {
        "down":  { "uv": [ 10.25, 8, 8.75, 7.75 ], "texture": "#texture" },
        "up":    { "uv": [ 5.75, 7.75, 7.25, 8 ], "texture": "#texture" },
        "north": { "uv": [ 8.75, 10.5, 10.25, 10.75 ], "texture": "#texture" },
        "south": { "uv": [ 5.75, 10.5, 7.25, 10.75 ], "texture": "#texture" },
        "west":  { "uv": [ 7.75, 10.5, 8, 10.75 ], "texture": "#texture" },
        "east":  { "uv": [ 8, 10.5, 8.25, 10.75 ], "texture": "#texture" }
    }
},
{
    "__comment": "Stone_axe",
    "from": [ 5.75, 11.5, 8 ],
    "to": [ 7.25, 12, 8.25 ],
    "faces": {
        "down":  { "uv": [ 10.25, 8.25, 8.75, 8 ], "texture": "#texture" },
        "up":    { "uv": [ 5.75, 8, 7.25, 8.25 ], "texture": "#texture" },
        "north": { "uv": [ 8.75, 4, 10.25, 4.5 ], "texture": "#texture" },
        "south": { "uv": [ 5.75, 4, 7.25, 4.5 ], "texture": "#texture" },
        "west":  { "uv": [ 8, 4, 8.25, 4.5 ], "texture": "#texture" },
        "east":  { "uv": [ 7.75, 4, 8, 4.5 ], "texture": "#texture" }
    }
},
{
    "__comment": "Stone_axe",
    "from": [ 5.75, 1.5, 8.25 ],
    "to": [ 7.25, 1.75, 8.5 ],
    "faces": {
        "down":  { "uv": [ 10.25, 8.5, 8.75, 8.25 ], "texture": "#texture" },
        "up":    { "uv": [ 5.75, 8.25, 7.25, 8.5 ], "texture": "#texture" },
        "north": { "uv": [ 8.75, 14.25, 10.25, 14.5 ], "texture": "#texture" },
        "south": { "uv": [ 5.75, 14.25, 7.25, 14.5 ], "texture": "#texture" },
        "west":  { "uv": [ 8.25, 14.25, 8.5, 14.5 ], "texture": "#texture" },
        "east":  { "uv": [ 7.5, 14.25, 7.75, 14.5 ], "texture": "#texture" }
    }
},
{
    "__comment": "Stone_axe",
    "from": [ 5.75, 11.75, 8.25 ],
    "to": [ 7.25, 12, 8.5 ],
    "faces": {
        "down":  { "uv": [ 10.25, 8.5, 8.75, 8.25 ], "texture": "#texture" },
        "up":    { "uv": [ 5.75, 8.25, 7.25, 8.5 ], "texture": "#texture" },
        "north": { "uv": [ 8.75, 4, 10.25, 4.25 ], "texture": "#texture" },
        "south": { "uv": [ 5.75, 4, 7.25, 4.25 ], "texture": "#texture" },
        "west":  { "uv": [ 8.25, 4, 8.5, 4.25 ], "texture": "#texture" },
        "east":  { "uv": [ 7.5, 4, 7.75, 4.25 ], "texture": "#texture" }
    }
},
{
    "__comment": "Stone_axe",
    "from": [ 6, 0.75, 7.25 ],
    "to": [ 6.75, 1.75, 7.5 ],
    "faces": {
        "down":  { "uv": [ 10, 7.5, 9.25, 7.25 ], "texture": "#texture" },
        "up":    { "uv": [ 6, 7.25, 6.75, 7.5 ], "texture": "#texture" },
        "north": { "uv": [ 9.25, 14.25, 10, 15.25 ], "texture": "#texture" },
        "south": { "uv": [ 6, 14.25, 6.75, 15.25 ], "texture": "#texture" },
        "west":  { "uv": [ 7.25, 14.25, 7.5, 15.25 ], "texture": "#texture" },
        "east":  { "uv": [ 8.5, 14.25, 8.75, 15.25 ], "texture": "#texture" }
    }
},
{
    "__comment": "Stone_axe",
    "from": [ 6, 15, 7.25 ],
    "to": [ 7, 15.25, 7.5 ],
    "faces": {
        "down":  { "uv": [ 10, 7.5, 9, 7.25 ], "texture": "#texture" },
        "up":    { "uv": [ 6, 7.25, 7, 7.5 ], "texture": "#texture" },
        "north": { "uv": [ 9, 0.75, 10, 1 ], "texture": "#texture" },
        "south": { "uv": [ 6, 0.75, 7, 1 ], "texture": "#texture" },
        "west":  { "uv": [ 7.25, 0.75, 7.5, 1 ], "texture": "#texture" },
        "east":  { "uv": [ 8.5, 0.75, 8.75, 1 ], "texture": "#texture" }
    }
},
{
    "__comment": "Stone_axe",
    "from": [ 6, 3.75, 7.5 ],
    "to": [ 7, 7.75, 7.75 ],
    "faces": {
        "down":  { "uv": [ 10, 7.75, 9, 7.5 ], "texture": "#texture" },
        "up":    { "uv": [ 6, 7.5, 7, 7.75 ], "texture": "#texture" },
        "north": { "uv": [ 9, 8.25, 10, 12.25 ], "texture": "#texture" },
        "south": { "uv": [ 6, 8.25, 7, 12.25 ], "texture": "#texture" },
        "west":  { "uv": [ 7.5, 8.25, 7.75, 12.25 ], "texture": "#texture" },
        "east":  { "uv": [ 8.25, 8.25, 8.5, 12.25 ], "texture": "#texture" }
    }
},
{
    "__comment": "Stone_axe",
    "from": [ 6, 9.25, 7.5 ],
    "to": [ 7, 11.25, 8.5 ],
    "faces": {
        "down":  { "uv": [ 10, 8.5, 9, 7.5 ], "texture": "#texture" },
        "up":    { "uv": [ 6, 7.5, 7, 8.5 ], "texture": "#texture" },
        "north": { "uv": [ 9, 4.75, 10, 6.75 ], "texture": "#texture" },
        "south": { "uv": [ 6, 4.75, 7, 6.75 ], "texture": "#texture" },
        "west":  { "uv": [ 7.5, 4.75, 8.5, 6.75 ], "texture": "#texture" },
        "east":  { "uv": [ 7.5, 4.75, 8.5, 6.75 ], "texture": "#texture" }
    }
},
{
    "__comment": "Stone_axe",
    "from": [ 6, 12.25, 7.5 ],
    "to": [ 7, 12.5, 8.5 ],
    "faces": {
        "down":  { "uv": [ 10, 8.5, 9, 7.5 ], "texture": "#texture" },
        "up":    { "uv": [ 6, 7.5, 7, 8.5 ], "texture": "#texture" },
        "north": { "uv": [ 9, 3.5, 10, 3.75 ], "texture": "#texture" },
        "south": { "uv": [ 6, 3.5, 7, 3.75 ], "texture": "#texture" },
        "west":  { "uv": [ 7.5, 3.5, 8.5, 3.75 ], "texture": "#texture" },
        "east":  { "uv": [ 7.5, 3.5, 8.5, 3.75 ], "texture": "#texture" }
    }
},
{
    "__comment": "Stone_axe",
    "from": [ 6, 12.5, 7.5 ],
    "to": [ 7, 15, 7.75 ],
    "faces": {
        "down":  { "uv": [ 10, 7.75, 9, 7.5 ], "texture": "#texture" },
        "up":    { "uv": [ 6, 7.5, 7, 7.75 ], "texture": "#texture" },
        "north": { "uv": [ 9, 1, 10, 3.5 ], "texture": "#texture" },
        "south": { "uv": [ 6, 1, 7, 3.5 ], "texture": "#texture" },
        "west":  { "uv": [ 7.5, 1, 7.75, 3.5 ], "texture": "#texture" },
        "east":  { "uv": [ 8.25, 1, 8.5, 3.5 ], "texture": "#texture" }
    }
},
{
    "__comment": "Stone_axe",
    "from": [ 6, 15.75, 7.5 ],
    "to": [ 7.25, 16, 8.5 ],
    "faces": {
        "down":  { "uv": [ 10, 8.5, 8.75, 7.5 ], "texture": "#texture" },
        "up":    { "uv": [ 6, 7.5, 7.25, 8.5 ], "texture": "#texture" },
        "north": { "uv": [ 8.75, 0, 10, 0.25 ], "texture": "#texture" },
        "south": { "uv": [ 6, 0, 7.25, 0.25 ], "texture": "#texture" },
        "west":  { "uv": [ 7.5, 0, 8.5, 0.25 ], "texture": "#texture" },
        "east":  { "uv": [ 7.5, 0, 8.5, 0.25 ], "texture": "#texture" }
    }
},
{
    "__comment": "Stone_axe",
    "from": [ 6, 5.5, 7.75 ],
    "to": [ 7, 8, 8.5 ],
    "faces": {
        "down":  { "uv": [ 10, 8.5, 9, 7.75 ], "texture": "#texture" },
        "up":    { "uv": [ 6, 7.75, 7, 8.5 ], "texture": "#texture" },
        "north": { "uv": [ 9, 8, 10, 10.5 ], "texture": "#texture" },
        "south": { "uv": [ 6, 8, 7, 10.5 ], "texture": "#texture" },
        "west":  { "uv": [ 7.75, 8, 8.5, 10.5 ], "texture": "#texture" },
        "east":  { "uv": [ 7.5, 8, 8.25, 10.5 ], "texture": "#texture" }
    }
},
{
    "__comment": "Stone_axe",
    "from": [ 6, 8, 7.75 ],
    "to": [ 7, 9.25, 8.25 ],
    "faces": {
        "down":  { "uv": [ 10, 8.25, 9, 7.75 ], "texture": "#texture" },
        "up":    { "uv": [ 6, 7.75, 7, 8.25 ], "texture": "#texture" },
        "north": { "uv": [ 9, 6.75, 10, 8 ], "texture": "#texture" },
        "south": { "uv": [ 6, 6.75, 7, 8 ], "texture": "#texture" },
        "west":  { "uv": [ 7.75, 6.75, 8.25, 8 ], "texture": "#texture" },
        "east":  { "uv": [ 7.75, 6.75, 8.25, 8 ], "texture": "#texture" }
    }
},
{
    "__comment": "Stone_axe",
    "from": [ 6, 14.75, 7.75 ],
    "to": [ 7.25, 15, 8.5 ],
    "faces": {
        "down":  { "uv": [ 10, 8.5, 8.75, 7.75 ], "texture": "#texture" },
        "up":    { "uv": [ 6, 7.75, 7.25, 8.5 ], "texture": "#texture" },
        "north": { "uv": [ 8.75, 1, 10, 1.25 ], "texture": "#texture" },
        "south": { "uv": [ 6, 1, 7.25, 1.25 ], "texture": "#texture" },
        "west":  { "uv": [ 7.75, 1, 8.5, 1.25 ], "texture": "#texture" },
        "east":  { "uv": [ 7.5, 1, 8.25, 1.25 ], "texture": "#texture" }
    }
},
{
    "__comment": "Stone_axe",
    "from": [ 6, 5.25, 8 ],
    "to": [ 7, 5.5, 8.5 ],
    "faces": {
        "down":  { "uv": [ 10, 8.5, 9, 8 ], "texture": "#texture" },
        "up":    { "uv": [ 6, 8, 7, 8.5 ], "texture": "#texture" },
        "north": { "uv": [ 9, 10.5, 10, 10.75 ], "texture": "#texture" },
        "south": { "uv": [ 6, 10.5, 7, 10.75 ], "texture": "#texture" },
        "west":  { "uv": [ 8, 10.5, 8.5, 10.75 ], "texture": "#texture" },
        "east":  { "uv": [ 7.5, 10.5, 8, 10.75 ], "texture": "#texture" }
    }
},
{
    "__comment": "Stone_axe",
    "from": [ 6, 11.25, 8 ],
    "to": [ 7.25, 11.5, 8.5 ],
    "faces": {
        "down":  { "uv": [ 10, 8.5, 8.75, 8 ], "texture": "#texture" },
        "up":    { "uv": [ 6, 8, 7.25, 8.5 ], "texture": "#texture" },
        "north": { "uv": [ 8.75, 4.5, 10, 4.75 ], "texture": "#texture" },
        "south": { "uv": [ 6, 4.5, 7.25, 4.75 ], "texture": "#texture" },
        "west":  { "uv": [ 8, 4.5, 8.5, 4.75 ], "texture": "#texture" },
        "east":  { "uv": [ 7.5, 4.5, 8, 4.75 ], "texture": "#texture" }
    }
},
{
    "__comment": "Stone_axe",
    "from": [ 6, 4.25, 8.25 ],
    "to": [ 7, 5.25, 8.5 ],
    "faces": {
        "down":  { "uv": [ 10, 8.5, 9, 8.25 ], "texture": "#texture" },
        "up":    { "uv": [ 6, 8.25, 7, 8.5 ], "texture": "#texture" },
        "north": { "uv": [ 9, 10.75, 10, 11.75 ], "texture": "#texture" },
        "south": { "uv": [ 6, 10.75, 7, 11.75 ], "texture": "#texture" },
        "west":  { "uv": [ 8.25, 10.75, 8.5, 11.75 ], "texture": "#texture" },
        "east":  { "uv": [ 7.5, 10.75, 7.75, 11.75 ], "texture": "#texture" }
    }
},
{
    "__comment": "Stone_axe",
    "from": [ 6, 9, 8.25 ],
    "to": [ 7, 9.25, 8.5 ],
    "faces": {
        "down":  { "uv": [ 10, 8.5, 9, 8.25 ], "texture": "#texture" },
        "up":    { "uv": [ 6, 8.25, 7, 8.5 ], "texture": "#texture" },
        "north": { "uv": [ 9, 6.75, 10, 7 ], "texture": "#texture" },
        "south": { "uv": [ 6, 6.75, 7, 7 ], "texture": "#texture" },
        "west":  { "uv": [ 8.25, 6.75, 8.5, 7 ], "texture": "#texture" },
        "east":  { "uv": [ 7.5, 6.75, 7.75, 7 ], "texture": "#texture" }
    }
},
{
    "__comment": "Stone_axe",
    "from": [ 6, 11.5, 8.25 ],
    "to": [ 7.25, 11.75, 8.5 ],
    "faces": {
        "down":  { "uv": [ 10, 8.5, 8.75, 8.25 ], "texture": "#texture" },
        "up":    { "uv": [ 6, 8.25, 7.25, 8.5 ], "texture": "#texture" },
        "north": { "uv": [ 8.75, 4.25, 10, 4.5 ], "texture": "#texture" },
        "south": { "uv": [ 6, 4.25, 7.25, 4.5 ], "texture": "#texture" },
        "west":  { "uv": [ 8.25, 4.25, 8.5, 4.5 ], "texture": "#texture" },
        "east":  { "uv": [ 7.5, 4.25, 7.75, 4.5 ], "texture": "#texture" }
    }
},
{
    "__comment": "Stone_axe",
    "from": [ 6, 12.5, 8.25 ],
    "to": [ 7, 14.75, 8.5 ],
    "faces": {
        "down":  { "uv": [ 10, 8.5, 9, 8.25 ], "texture": "#texture" },
        "up":    { "uv": [ 6, 8.25, 7, 8.5 ], "texture": "#texture" },
        "north": { "uv": [ 9, 1.25, 10, 3.5 ], "texture": "#texture" },
        "south": { "uv": [ 6, 1.25, 7, 3.5 ], "texture": "#texture" },
        "west":  { "uv": [ 8.25, 1.25, 8.5, 3.5 ], "texture": "#texture" },
        "east":  { "uv": [ 7.5, 1.25, 7.75, 3.5 ], "texture": "#texture" }
    }
},
{
    "__comment": "Stone_axe",
    "from": [ 6, 1, 8.5 ],
    "to": [ 6.75, 1.75, 8.75 ],
    "faces": {
        "down":  { "uv": [ 10, 8.75, 9.25, 8.5 ], "texture": "#texture" },
        "up":    { "uv": [ 6, 8.5, 6.75, 8.75 ], "texture": "#texture" },
        "north": { "uv": [ 9.25, 14.25, 10, 15 ], "texture": "#texture" },
        "south": { "uv": [ 6, 14.25, 6.75, 15 ], "texture": "#texture" },
        "west":  { "uv": [ 8.5, 14.25, 8.75, 15 ], "texture": "#texture" },
        "east":  { "uv": [ 7.25, 14.25, 7.5, 15 ], "texture": "#texture" }
    }
},
{
    "__comment": "Stone_axe",
    "from": [ 6, 15, 8.5 ],
    "to": [ 7, 15.25, 8.75 ],
    "faces": {
        "down":  { "uv": [ 10, 8.75, 9, 8.5 ], "texture": "#texture" },
        "up":    { "uv": [ 6, 8.5, 7, 8.75 ], "texture": "#texture" },
        "north": { "uv": [ 9, 0.75, 10, 1 ], "texture": "#texture" },
        "south": { "uv": [ 6, 0.75, 7, 1 ], "texture": "#texture" },
        "west":  { "uv": [ 8.5, 0.75, 8.75, 1 ], "texture": "#texture" },
        "east":  { "uv": [ 7.25, 0.75, 7.5, 1 ], "texture": "#texture" }
    }
},
{
    "__comment": "Stone_axe",
    "from": [ 6.25, 0.5, 7.25 ],
    "to": [ 7, 0.75, 8.75 ],
    "faces": {
        "down":  { "uv": [ 9.75, 8.75, 9, 7.25 ], "texture": "#texture" },
        "up":    { "uv": [ 6.25, 7.25, 7, 8.75 ], "texture": "#texture" },
        "north": { "uv": [ 9, 15.25, 9.75, 15.5 ], "texture": "#texture" },
        "south": { "uv": [ 6.25, 15.25, 7, 15.5 ], "texture": "#texture" },
        "west":  { "uv": [ 7.25, 15.25, 8.75, 15.5 ], "texture": "#texture" },
        "east":  { "uv": [ 7.25, 15.25, 8.75, 15.5 ], "texture": "#texture" }
    }
},
{
    "__comment": "Stone_axe",
    "from": [ 6.25, 1.75, 7.25 ],
    "to": [ 6.5, 4, 7.5 ],
    "faces": {
        "down":  { "uv": [ 9.75, 7.5, 9.5, 7.25 ], "texture": "#texture" },
        "up":    { "uv": [ 6.25, 7.25, 6.5, 7.5 ], "texture": "#texture" },
        "north": { "uv": [ 9.5, 12, 9.75, 14.25 ], "texture": "#texture" },
        "south": { "uv": [ 6.25, 12, 6.5, 14.25 ], "texture": "#texture" },
        "west":  { "uv": [ 7.25, 12, 7.5, 14.25 ], "texture": "#texture" },
        "east":  { "uv": [ 8.5, 12, 8.75, 14.25 ], "texture": "#texture" }
    }
},
{
    "__comment": "Stone_axe",
    "from": [ 6.25, 10.75, 7.25 ],
    "to": [ 6.75, 12.5, 7.5 ],
    "faces": {
        "down":  { "uv": [ 9.75, 7.5, 9.25, 7.25 ], "texture": "#texture" },
        "up":    { "uv": [ 6.25, 7.25, 6.75, 7.5 ], "texture": "#texture" },
        "north": { "uv": [ 9.25, 3.5, 9.75, 5.25 ], "texture": "#texture" },
        "south": { "uv": [ 6.25, 3.5, 6.75, 5.25 ], "texture": "#texture" },
        "west":  { "uv": [ 7.25, 3.5, 7.5, 5.25 ], "texture": "#texture" },
        "east":  { "uv": [ 8.5, 3.5, 8.75, 5.25 ], "texture": "#texture" }
    }
},
{
    "__comment": "Stone_axe",
    "from": [ 6.25, 14.75, 7.25 ],
    "to": [ 6.75, 15, 7.5 ],
    "faces": {
        "down":  { "uv": [ 9.75, 7.5, 9.25, 7.25 ], "texture": "#texture" },
        "up":    { "uv": [ 6.25, 7.25, 6.75, 7.5 ], "texture": "#texture" },
        "north": { "uv": [ 9.25, 1, 9.75, 1.25 ], "texture": "#texture" },
        "south": { "uv": [ 6.25, 1, 6.75, 1.25 ], "texture": "#texture" },
        "west":  { "uv": [ 7.25, 1, 7.5, 1.25 ], "texture": "#texture" },
        "east":  { "uv": [ 8.5, 1, 8.75, 1.25 ], "texture": "#texture" }
    }
},
{
    "__comment": "Stone_axe",
    "from": [ 6.25, 15.25, 7.25 ],
    "to": [ 6.75, 16, 7.5 ],
    "faces": {
        "down":  { "uv": [ 9.75, 7.5, 9.25, 7.25 ], "texture": "#texture" },
        "up":    { "uv": [ 6.25, 7.25, 6.75, 7.5 ], "texture": "#texture" },
        "north": { "uv": [ 9.25, 0, 9.75, 0.75 ], "texture": "#texture" },
        "south": { "uv": [ 6.25, 0, 6.75, 0.75 ], "texture": "#texture" },
        "west":  { "uv": [ 7.25, 0, 7.5, 0.75 ], "texture": "#texture" },
        "east":  { "uv": [ 8.5, 0, 8.75, 0.75 ], "texture": "#texture" }
    }
},
{
    "__comment": "Stone_axe",
    "from": [ 6.25, 7.75, 7.5 ],
    "to": [ 7, 9.25, 7.75 ],
    "faces": {
        "down":  { "uv": [ 9.75, 7.75, 9, 7.5 ], "texture": "#texture" },
        "up":    { "uv": [ 6.25, 7.5, 7, 7.75 ], "texture": "#texture" },
        "north": { "uv": [ 9, 6.75, 9.75, 8.25 ], "texture": "#texture" },
        "south": { "uv": [ 6.25, 6.75, 7, 8.25 ], "texture": "#texture" },
        "west":  { "uv": [ 7.5, 6.75, 7.75, 8.25 ], "texture": "#texture" },
        "east":  { "uv": [ 8.25, 6.75, 8.5, 8.25 ], "texture": "#texture" }
    }
},
{
    "__comment": "Stone_axe",
    "from": [ 6.25, 8, 8.25 ],
    "to": [ 7, 9, 8.5 ],
    "faces": {
        "down":  { "uv": [ 9.75, 8.5, 9, 8.25 ], "texture": "#texture" },
        "up":    { "uv": [ 6.25, 8.25, 7, 8.5 ], "texture": "#texture" },
        "north": { "uv": [ 9, 7, 9.75, 8 ], "texture": "#texture" },
        "south": { "uv": [ 6.25, 7, 7, 8 ], "texture": "#texture" },
        "west":  { "uv": [ 8.25, 7, 8.5, 8 ], "texture": "#texture" },
        "east":  { "uv": [ 7.5, 7, 7.75, 8 ], "texture": "#texture" }
    }
},
{
    "__comment": "Stone_axe",
    "from": [ 6.25, 1.75, 8.5 ],
    "to": [ 6.75, 3.25, 8.75 ],
    "faces": {
        "down":  { "uv": [ 9.75, 8.75, 9.25, 8.5 ], "texture": "#texture" },
        "up":    { "uv": [ 6.25, 8.5, 6.75, 8.75 ], "texture": "#texture" },
        "north": { "uv": [ 9.25, 12.75, 9.75, 14.25 ], "texture": "#texture" },
        "south": { "uv": [ 6.25, 12.75, 6.75, 14.25 ], "texture": "#texture" },
        "west":  { "uv": [ 8.5, 12.75, 8.75, 14.25 ], "texture": "#texture" },
        "east":  { "uv": [ 7.25, 12.75, 7.5, 14.25 ], "texture": "#texture" }
    }
},
{
    "__comment": "Stone_axe",
    "from": [ 6.25, 10.75, 8.5 ],
    "to": [ 6.75, 12.25, 8.75 ],
    "faces": {
        "down":  { "uv": [ 9.75, 8.75, 9.25, 8.5 ], "texture": "#texture" },
        "up":    { "uv": [ 6.25, 8.5, 6.75, 8.75 ], "texture": "#texture" },
        "north": { "uv": [ 9.25, 3.75, 9.75, 5.25 ], "texture": "#texture" },
        "south": { "uv": [ 6.25, 3.75, 6.75, 5.25 ], "texture": "#texture" },
        "west":  { "uv": [ 8.5, 3.75, 8.75, 5.25 ], "texture": "#texture" },
        "east":  { "uv": [ 7.25, 3.75, 7.5, 5.25 ], "texture": "#texture" }
    }
},
{
    "__comment": "Stone_axe",
    "from": [ 6.25, 14.75, 8.5 ],
    "to": [ 6.75, 15, 8.75 ],
    "faces": {
        "down":  { "uv": [ 9.75, 8.75, 9.25, 8.5 ], "texture": "#texture" },
        "up":    { "uv": [ 6.25, 8.5, 6.75, 8.75 ], "texture": "#texture" },
        "north": { "uv": [ 9.25, 1, 9.75, 1.25 ], "texture": "#texture" },
        "south": { "uv": [ 6.25, 1, 6.75, 1.25 ], "texture": "#texture" },
        "west":  { "uv": [ 8.5, 1, 8.75, 1.25 ], "texture": "#texture" },
        "east":  { "uv": [ 7.25, 1, 7.5, 1.25 ], "texture": "#texture" }
    }
},
{
    "__comment": "Stone_axe",
    "from": [ 6.25, 15.25, 8.5 ],
    "to": [ 6.75, 16, 8.75 ],
    "faces": {
        "down":  { "uv": [ 9.75, 8.75, 9.25, 8.5 ], "texture": "#texture" },
        "up":    { "uv": [ 6.25, 8.5, 6.75, 8.75 ], "texture": "#texture" },
        "north": { "uv": [ 9.25, 0, 9.75, 0.75 ], "texture": "#texture" },
        "south": { "uv": [ 6.25, 0, 6.75, 0.75 ], "texture": "#texture" },
        "west":  { "uv": [ 8.5, 0, 8.75, 0.75 ], "texture": "#texture" },
        "east":  { "uv": [ 7.25, 0, 7.5, 0.75 ], "texture": "#texture" }
    }
},
{
    "__comment": "Stone_axe",
    "from": [ 6.5, 1.75, 7.25 ],
    "to": [ 6.75, 3, 7.5 ],
    "faces": {
        "down":  { "uv": [ 9.5, 7.5, 9.25, 7.25 ], "texture": "#texture" },
        "up":    { "uv": [ 6.5, 7.25, 6.75, 7.5 ], "texture": "#texture" },
        "north": { "uv": [ 9.25, 13, 9.5, 14.25 ], "texture": "#texture" },
        "south": { "uv": [ 6.5, 13, 6.75, 14.25 ], "texture": "#texture" },
        "west":  { "uv": [ 7.25, 13, 7.5, 14.25 ], "texture": "#texture" },
        "east":  { "uv": [ 8.5, 13, 8.75, 14.25 ], "texture": "#texture" }
    }
},
{
    "__comment": "Stone_axe",
    "from": [ 6.5, 10.25, 7.25 ],
    "to": [ 6.75, 10.75, 7.5 ],
    "faces": {
        "down":  { "uv": [ 9.5, 7.5, 9.25, 7.25 ], "texture": "#texture" },
        "up":    { "uv": [ 6.5, 7.25, 6.75, 7.5 ], "texture": "#texture" },
        "north": { "uv": [ 9.25, 5.25, 9.5, 5.75 ], "texture": "#texture" },
        "south": { "uv": [ 6.5, 5.25, 6.75, 5.75 ], "texture": "#texture" },
        "west":  { "uv": [ 7.25, 5.25, 7.5, 5.75 ], "texture": "#texture" },
        "east":  { "uv": [ 8.5, 5.25, 8.75, 5.75 ], "texture": "#texture" }
    }
},
{
    "__comment": "Stone_axe",
    "from": [ 6.5, 12.5, 7.25 ],
    "to": [ 6.75, 14.75, 7.5 ],
    "faces": {
        "down":  { "uv": [ 9.5, 7.5, 9.25, 7.25 ], "texture": "#texture" },
        "up":    { "uv": [ 6.5, 7.25, 6.75, 7.5 ], "texture": "#texture" },
        "north": { "uv": [ 9.25, 1.25, 9.5, 3.5 ], "texture": "#texture" },
        "south": { "uv": [ 6.5, 1.25, 6.75, 3.5 ], "texture": "#texture" },
        "west":  { "uv": [ 7.25, 1.25, 7.5, 3.5 ], "texture": "#texture" },
        "east":  { "uv": [ 8.5, 1.25, 8.75, 3.5 ], "texture": "#texture" }
    }
},
{
    "__comment": "Stone_axe",
    "from": [ 6.5, 3.25, 8.5 ],
    "to": [ 6.75, 3.75, 8.75 ],
    "faces": {
        "down":  { "uv": [ 9.5, 8.75, 9.25, 8.5 ], "texture": "#texture" },
        "up":    { "uv": [ 6.5, 8.5, 6.75, 8.75 ], "texture": "#texture" },
        "north": { "uv": [ 9.25, 12.25, 9.5, 12.75 ], "texture": "#texture" },
        "south": { "uv": [ 6.5, 12.25, 6.75, 12.75 ], "texture": "#texture" },
        "west":  { "uv": [ 8.5, 12.25, 8.75, 12.75 ], "texture": "#texture" },
        "east":  { "uv": [ 7.25, 12.25, 7.5, 12.75 ], "texture": "#texture" }
    }
},
{
    "__comment": "Stone_axe",
    "from": [ 6.5, 10, 8.5 ],
    "to": [ 6.75, 10.75, 8.75 ],
    "faces": {
        "down":  { "uv": [ 9.5, 8.75, 9.25, 8.5 ], "texture": "#texture" },
        "up":    { "uv": [ 6.5, 8.5, 6.75, 8.75 ], "texture": "#texture" },
        "north": { "uv": [ 9.25, 5.25, 9.5, 6 ], "texture": "#texture" },
        "south": { "uv": [ 6.5, 5.25, 6.75, 6 ], "texture": "#texture" },
        "west":  { "uv": [ 8.5, 5.25, 8.75, 6 ], "texture": "#texture" },
        "east":  { "uv": [ 7.25, 5.25, 7.5, 6 ], "texture": "#texture" }
    }
},
{
    "__comment": "Stone_axe",
    "from": [ 6.5, 12.25, 8.5 ],
    "to": [ 6.75, 14.75, 8.75 ],
    "faces": {
        "down":  { "uv": [ 9.5, 8.75, 9.25, 8.5 ], "texture": "#texture" },
        "up":    { "uv": [ 6.5, 8.5, 6.75, 8.75 ], "texture": "#texture" },
        "north": { "uv": [ 9.25, 1.25, 9.5, 3.75 ], "texture": "#texture" },
        "south": { "uv": [ 6.5, 1.25, 6.75, 3.75 ], "texture": "#texture" },
        "west":  { "uv": [ 8.5, 1.25, 8.75, 3.75 ], "texture": "#texture" },
        "east":  { "uv": [ 7.25, 1.25, 7.5, 3.75 ], "texture": "#texture" }
    }
},
{
    "__comment": "Stone_axe",
    "from": [ 6.5, 0.5, 8.75 ],
    "to": [ 6.75, 0.75, 9 ],
    "faces": {
        "down":  { "uv": [ 9.5, 9, 9.25, 8.75 ], "texture": "#texture" },
        "up":    { "uv": [ 6.5, 8.75, 6.75, 9 ], "texture": "#texture" },
        "north": { "uv": [ 9.25, 15.25, 9.5, 15.5 ], "texture": "#texture" },
        "south": { "uv": [ 6.5, 15.25, 6.75, 15.5 ], "texture": "#texture" },
        "west":  { "uv": [ 8.75, 15.25, 9, 15.5 ], "texture": "#texture" },
        "east":  { "uv": [ 7, 15.25, 7.25, 15.5 ], "texture": "#texture" }
    }
},
{
    "__comment": "Stone_axe",
    "from": [ 6.75, 0.25, 7.25 ],
    "to": [ 7.25, 0.5, 8.75 ],
    "faces": {
        "down":  { "uv": [ 9.25, 8.75, 8.75, 7.25 ], "texture": "#texture" },
        "up":    { "uv": [ 6.75, 7.25, 7.25, 8.75 ], "texture": "#texture" },
        "north": { "uv": [ 8.75, 15.5, 9.25, 15.75 ], "texture": "#texture" },
        "south": { "uv": [ 6.75, 15.5, 7.25, 15.75 ], "texture": "#texture" },
        "west":  { "uv": [ 7.25, 15.5, 8.75, 15.75 ], "texture": "#texture" },
        "east":  { "uv": [ 7.25, 15.5, 8.75, 15.75 ], "texture": "#texture" }
    }
},
{
    "__comment": "Stone_axe",
    "from": [ 6.75, 0.75, 7.25 ],
    "to": [ 7, 1.5, 7.5 ],
    "faces": {
        "down":  { "uv": [ 9.25, 7.5, 9, 7.25 ], "texture": "#texture" },
        "up":    { "uv": [ 6.75, 7.25, 7, 7.5 ], "texture": "#texture" },
        "north": { "uv": [ 9, 14.5, 9.25, 15.25 ], "texture": "#texture" },
        "south": { "uv": [ 6.75, 14.5, 7, 15.25 ], "texture": "#texture" },
        "west":  { "uv": [ 7.25, 14.5, 7.5, 15.25 ], "texture": "#texture" },
        "east":  { "uv": [ 8.5, 14.5, 8.75, 15.25 ], "texture": "#texture" }
    }
},
{
    "__comment": "Stone_axe",
    "from": [ 6.75, 15.25, 7.25 ],
    "to": [ 7, 15.5, 7.5 ],
    "faces": {
        "down":  { "uv": [ 9.25, 7.5, 9, 7.25 ], "texture": "#texture" },
        "up":    { "uv": [ 6.75, 7.25, 7, 7.5 ], "texture": "#texture" },
        "north": { "uv": [ 9, 0.5, 9.25, 0.75 ], "texture": "#texture" },
        "south": { "uv": [ 6.75, 0.5, 7, 0.75 ], "texture": "#texture" },
        "west":  { "uv": [ 7.25, 0.5, 7.5, 0.75 ], "texture": "#texture" },
        "east":  { "uv": [ 8.5, 0.5, 8.75, 0.75 ], "texture": "#texture" }
    }
},
{
    "__comment": "Stone_axe",
    "from": [ 6.75, 1, 8.5 ],
    "to": [ 7, 1.5, 8.75 ],
    "faces": {
        "down":  { "uv": [ 9.25, 8.75, 9, 8.5 ], "texture": "#texture" },
        "up":    { "uv": [ 6.75, 8.5, 7, 8.75 ], "texture": "#texture" },
        "north": { "uv": [ 9, 14.5, 9.25, 15 ], "texture": "#texture" },
        "south": { "uv": [ 6.75, 14.5, 7, 15 ], "texture": "#texture" },
        "west":  { "uv": [ 8.5, 14.5, 8.75, 15 ], "texture": "#texture" },
        "east":  { "uv": [ 7.25, 14.5, 7.5, 15 ], "texture": "#texture" }
    }
},
{
    "__comment": "Stone_axe",
    "from": [ 6.75, 15.25, 8.5 ],
    "to": [ 7, 15.75, 8.75 ],
    "faces": {
        "down":  { "uv": [ 9.25, 8.75, 9, 8.5 ], "texture": "#texture" },
        "up":    { "uv": [ 6.75, 8.5, 7, 8.75 ], "texture": "#texture" },
        "north": { "uv": [ 9, 0.25, 9.25, 0.75 ], "texture": "#texture" },
        "south": { "uv": [ 6.75, 0.25, 7, 0.75 ], "texture": "#texture" },
        "west":  { "uv": [ 8.5, 0.25, 8.75, 0.75 ], "texture": "#texture" },
        "east":  { "uv": [ 7.25, 0.25, 7.5, 0.75 ], "texture": "#texture" }
    }
},
{
    "__comment": "Stone_axe",
    "from": [ 7, 0.5, 7.25 ],
    "to": [ 7.25, 0.75, 8.5 ],
    "faces": {
        "down":  { "uv": [ 9, 8.5, 8.75, 7.25 ], "texture": "#texture" },
        "up":    { "uv": [ 7, 7.25, 7.25, 8.5 ], "texture": "#texture" },
        "north": { "uv": [ 8.75, 15.25, 9, 15.5 ], "texture": "#texture" },
        "south": { "uv": [ 7, 15.25, 7.25, 15.5 ], "texture": "#texture" },
        "west":  { "uv": [ 7.25, 15.25, 8.5, 15.5 ], "texture": "#texture" },
        "east":  { "uv": [ 7.5, 15.25, 8.75, 15.5 ], "texture": "#texture" }
    }
},
{
    "__comment": "Stone_axe",
    "from": [ 7, 0, 7.5 ],
    "to": [ 7.5, 0.25, 8.5 ],
    "faces": {
        "down":  { "uv": [ 9, 8.5, 8.5, 7.5 ], "texture": "#texture" },
        "up":    { "uv": [ 7, 7.5, 7.5, 8.5 ], "texture": "#texture" },
        "north": { "uv": [ 8.5, 15.75, 9, 16 ], "texture": "#texture" },
        "south": { "uv": [ 7, 15.75, 7.5, 16 ], "texture": "#texture" },
        "west":  { "uv": [ 7.5, 15.75, 8.5, 16 ], "texture": "#texture" },
        "east":  { "uv": [ 7.5, 15.75, 8.5, 16 ], "texture": "#texture" }
    }
},
{
    "__comment": "Stone_axe",
    "from": [ 7, 0.75, 7.5 ],
    "to": [ 7.5, 1, 8.5 ],
    "faces": {
        "down":  { "uv": [ 9, 8.5, 8.5, 7.5 ], "texture": "#texture" },
        "up":    { "uv": [ 7, 7.5, 7.5, 8.5 ], "texture": "#texture" },
        "north": { "uv": [ 8.5, 15, 9, 15.25 ], "texture": "#texture" },
        "south": { "uv": [ 7, 15, 7.5, 15.25 ], "texture": "#texture" },
        "west":  { "uv": [ 7.5, 15, 8.5, 15.25 ], "texture": "#texture" },
        "east":  { "uv": [ 7.5, 15, 8.5, 15.25 ], "texture": "#texture" }
    }
},
{
    "__comment": "Stone_axe",
    "from": [ 7, 1.75, 7.5 ],
    "to": [ 7.25, 2.75, 8.5 ],
    "faces": {
        "down":  { "uv": [ 9, 8.5, 8.75, 7.5 ], "texture": "#texture" },
        "up":    { "uv": [ 7, 7.5, 7.25, 8.5 ], "texture": "#texture" },
        "north": { "uv": [ 8.75, 13.25, 9, 14.25 ], "texture": "#texture" },
        "south": { "uv": [ 7, 13.25, 7.25, 14.25 ], "texture": "#texture" },
        "west":  { "uv": [ 7.5, 13.25, 8.5, 14.25 ], "texture": "#texture" },
        "east":  { "uv": [ 7.5, 13.25, 8.5, 14.25 ], "texture": "#texture" }
    }
},
{
    "__comment": "Stone_axe",
    "from": [ 7, 2.75, 7.5 ],
    "to": [ 7.25, 3.75, 8.25 ],
    "faces": {
        "down":  { "uv": [ 9, 8.25, 8.75, 7.5 ], "texture": "#texture" },
        "up":    { "uv": [ 7, 7.5, 7.25, 8.25 ], "texture": "#texture" },
        "north": { "uv": [ 8.75, 12.25, 9, 13.25 ], "texture": "#texture" },
        "south": { "uv": [ 7, 12.25, 7.25, 13.25 ], "texture": "#texture" },
        "west":  { "uv": [ 7.5, 12.25, 8.25, 13.25 ], "texture": "#texture" },
        "east":  { "uv": [ 7.75, 12.25, 8.5, 13.25 ], "texture": "#texture" }
    }
},
{
    "__comment": "Stone_axe",
    "from": [ 7, 10.25, 7.5 ],
    "to": [ 7.25, 11.25, 8.25 ],
    "faces": {
        "down":  { "uv": [ 9, 8.25, 8.75, 7.5 ], "texture": "#texture" },
        "up":    { "uv": [ 7, 7.5, 7.25, 8.25 ], "texture": "#texture" },
        "north": { "uv": [ 8.75, 4.75, 9, 5.75 ], "texture": "#texture" },
        "south": { "uv": [ 7, 4.75, 7.25, 5.75 ], "texture": "#texture" },
        "west":  { "uv": [ 7.5, 4.75, 8.25, 5.75 ], "texture": "#texture" },
        "east":  { "uv": [ 7.75, 4.75, 8.5, 5.75 ], "texture": "#texture" }
    }
},
{
    "__comment": "Stone_axe",
    "from": [ 7, 12.25, 7.5 ],
    "to": [ 7.25, 12.5, 8.25 ],
    "faces": {
        "down":  { "uv": [ 9, 8.25, 8.75, 7.5 ], "texture": "#texture" },
        "up":    { "uv": [ 7, 7.5, 7.25, 8.25 ], "texture": "#texture" },
        "north": { "uv": [ 8.75, 3.5, 9, 3.75 ], "texture": "#texture" },
        "south": { "uv": [ 7, 3.5, 7.25, 3.75 ], "texture": "#texture" },
        "west":  { "uv": [ 7.5, 3.5, 8.25, 3.75 ], "texture": "#texture" },
        "east":  { "uv": [ 7.75, 3.5, 8.5, 3.75 ], "texture": "#texture" }
    }
},
{
    "__comment": "Stone_axe",
    "from": [ 7, 14.75, 7.5 ],
    "to": [ 7.25, 15, 7.75 ],
    "faces": {
        "down":  { "uv": [ 9, 7.75, 8.75, 7.5 ], "texture": "#texture" },
        "up":    { "uv": [ 7, 7.5, 7.25, 7.75 ], "texture": "#texture" },
        "north": { "uv": [ 8.75, 1, 9, 1.25 ], "texture": "#texture" },
        "south": { "uv": [ 7, 1, 7.25, 1.25 ], "texture": "#texture" },
        "west":  { "uv": [ 7.5, 1, 7.75, 1.25 ], "texture": "#texture" },
        "east":  { "uv": [ 8.25, 1, 8.5, 1.25 ], "texture": "#texture" }
    }
},
{
    "__comment": "Stone_axe",
    "from": [ 7, 3.75, 7.75 ],
    "to": [ 7.25, 4.25, 8.25 ],
    "faces": {
        "down":  { "uv": [ 9, 8.25, 8.75, 7.75 ], "texture": "#texture" },
        "up":    { "uv": [ 7, 7.75, 7.25, 8.25 ], "texture": "#texture" },
        "north": { "uv": [ 8.75, 11.75, 9, 12.25 ], "texture": "#texture" },
        "south": { "uv": [ 7, 11.75, 7.25, 12.25 ], "texture": "#texture" },
        "west":  { "uv": [ 7.75, 11.75, 8.25, 12.25 ], "texture": "#texture" },
        "east":  { "uv": [ 7.75, 11.75, 8.25, 12.25 ], "texture": "#texture" }
    }
},
{
    "__comment": "Stone_axe",
    "from": [ 7, 9.75, 7.75 ],
    "to": [ 7.25, 10.25, 8.25 ],
    "faces": {
        "down":  { "uv": [ 9, 8.25, 8.75, 7.75 ], "texture": "#texture" },
        "up":    { "uv": [ 7, 7.75, 7.25, 8.25 ], "texture": "#texture" },
        "north": { "uv": [ 8.75, 5.75, 9, 6.25 ], "texture": "#texture" },
        "south": { "uv": [ 7, 5.75, 7.25, 6.25 ], "texture": "#texture" },
        "west":  { "uv": [ 7.75, 5.75, 8.25, 6.25 ], "texture": "#texture" },
        "east":  { "uv": [ 7.75, 5.75, 8.25, 6.25 ], "texture": "#texture" }
    }
},
{
    "__comment": "Stone_axe",
    "from": [ 7, 5.25, 8 ],
    "to": [ 7.25, 6, 8.25 ],
    "faces": {
        "down":  { "uv": [ 9, 8.25, 8.75, 8 ], "texture": "#texture" },
        "up":    { "uv": [ 7, 8, 7.25, 8.25 ], "texture": "#texture" },
        "north": { "uv": [ 8.75, 10, 9, 10.75 ], "texture": "#texture" },
        "south": { "uv": [ 7, 10, 7.25, 10.75 ], "texture": "#texture" },
        "west":  { "uv": [ 8, 10, 8.25, 10.75 ], "texture": "#texture" },
        "east":  { "uv": [ 7.75, 10, 8, 10.75 ], "texture": "#texture" }
    }
},
{
    "__comment": "Stone_axe",
    "from": [ 7, 9.5, 8 ],
    "to": [ 7.25, 9.75, 8.25 ],
    "faces": {
        "down":  { "uv": [ 9, 8.25, 8.75, 8 ], "texture": "#texture" },
        "up":    { "uv": [ 7, 8, 7.25, 8.25 ], "texture": "#texture" },
        "north": { "uv": [ 8.75, 6.25, 9, 6.5 ], "texture": "#texture" },
        "south": { "uv": [ 7, 6.25, 7.25, 6.5 ], "texture": "#texture" },
        "west":  { "uv": [ 8, 6.25, 8.25, 6.5 ], "texture": "#texture" },
        "east":  { "uv": [ 7.75, 6.25, 8, 6.5 ], "texture": "#texture" }
    }
},
{
    "__comment": "Stone_axe",
    "from": [ 7, 10.5, 8.25 ],
    "to": [ 7.25, 11.25, 8.5 ],
    "faces": {
        "down":  { "uv": [ 9, 8.5, 8.75, 8.25 ], "texture": "#texture" },
        "up":    { "uv": [ 7, 8.25, 7.25, 8.5 ], "texture": "#texture" },
        "north": { "uv": [ 8.75, 4.75, 9, 5.5 ], "texture": "#texture" },
        "south": { "uv": [ 7, 4.75, 7.25, 5.5 ], "texture": "#texture" },
        "west":  { "uv": [ 8.25, 4.75, 8.5, 5.5 ], "texture": "#texture" },
        "east":  { "uv": [ 7.5, 4.75, 7.75, 5.5 ], "texture": "#texture" }
    }
},
{
    "__comment": "Stone_axe",
    "from": [ 7.25, 0.25, 7.5 ],
    "to": [ 7.5, 0.75, 8.5 ],
    "faces": {
        "down":  { "uv": [ 8.75, 8.5, 8.5, 7.5 ], "texture": "#texture" },
        "up":    { "uv": [ 7.25, 7.5, 7.5, 8.5 ], "texture": "#texture" },
        "north": { "uv": [ 8.5, 15.25, 8.75, 15.75 ], "texture": "#texture" },
        "south": { "uv": [ 7.25, 15.25, 7.5, 15.75 ], "texture": "#texture" },
        "west":  { "uv": [ 7.5, 15.25, 8.5, 15.75 ], "texture": "#texture" },
        "east":  { "uv": [ 7.5, 15.25, 8.5, 15.75 ], "texture": "#texture" }
    }
},
{
    "__comment": "Axe Blade",
    "from": [ 7.25, 12.25, 7.75 ],
    "to": [ 11.75, 12.5, 8.25 ],
    "faces": {
        "down":  { "uv": [ 8.75, 8.25, 4.25, 7.75 ], "texture": "#stone axe balde" },
        "up":    { "uv": [ 7.25, 7.75, 11.75, 8.25 ], "texture": "#stone axe balde" },
        "north": { "uv": [ 4.25, 3.5, 8.75, 3.75 ], "texture": "#stone axe balde" },
        "south": { "uv": [ 7.25, 3.5, 11.75, 3.75 ], "texture": "#stone axe balde" },
        "west":  { "uv": [ 7.75, 3.5, 8.25, 3.75 ], "texture": "#stone axe balde" },
        "east":  { "uv": [ 7.75, 3.5, 8.25, 3.75 ], "texture": "#stone axe balde" }
    }
},
{
    "__comment": "Axe Blade",
    "from": [ 7.25, 14.75, 7.75 ],
    "to": [ 11.5, 15, 8.25 ],
    "faces": {
        "down":  { "uv": [ 8.75, 8.25, 4.5, 7.75 ], "texture": "#stone axe balde" },
        "up":    { "uv": [ 7.25, 7.75, 11.5, 8.25 ], "texture": "#stone axe balde" },
        "north": { "uv": [ 4.5, 1, 8.75, 1.25 ], "texture": "#stone axe balde" },
        "south": { "uv": [ 7.25, 1, 11.5, 1.25 ], "texture": "#stone axe balde" },
        "west":  { "uv": [ 7.75, 1, 8.25, 1.25 ], "texture": "#stone axe balde" },
        "east":  { "uv": [ 7.75, 1, 8.25, 1.25 ], "texture": "#stone axe balde" }
    }
},
{
    "__comment": "Axe Blade",
    "from": [ 8.5, 12, 7.75 ],
    "to": [ 11.75, 12.25, 8.25 ],
    "faces": {
        "down":  { "uv": [ 7.5, 8.25, 4.25, 7.75 ], "texture": "#stone axe balde" },
        "up":    { "uv": [ 8.5, 7.75, 11.75, 8.25 ], "texture": "#stone axe balde" },
        "north": { "uv": [ 4.25, 3.75, 7.5, 4 ], "texture": "#stone axe balde" },
        "south": { "uv": [ 8.5, 3.75, 11.75, 4 ], "texture": "#stone axe balde" },
        "west":  { "uv": [ 7.75, 3.75, 8.25, 4 ], "texture": "#stone axe balde" },
        "east":  { "uv": [ 7.75, 3.75, 8.25, 4 ], "texture": "#stone axe balde" }
    }
},
{
    "__comment": "Axe Blade",
    "from": [ 8.5, 11.75, 7.75 ],
    "to": [ 11.5, 12, 8.25 ],
    "faces": {
        "down":  { "uv": [ 7.5, 8.25, 4.5, 7.75 ], "texture": "#stone axe balde" },
        "up":    { "uv": [ 8.5, 7.75, 11.5, 8.25 ], "texture": "#stone axe balde" },
        "north": { "uv": [ 4.5, 4, 7.5, 4.25 ], "texture": "#stone axe balde" },
        "south": { "uv": [ 8.5, 4, 11.5, 4.25 ], "texture": "#stone axe balde" },
        "west":  { "uv": [ 7.75, 4, 8.25, 4.25 ], "texture": "#stone axe balde" },
        "east":  { "uv": [ 7.75, 4, 8.25, 4.25 ], "texture": "#stone axe balde" }
    }
},
{
    "__comment": "Axe Blade",
    "from": [ 9, 11.5, 7.75 ],
    "to": [ 11.5, 11.75, 8.25 ],
    "faces": {
        "down":  { "uv": [ 7, 8.25, 4.5, 7.75 ], "texture": "#stone axe balde" },
        "up":    { "uv": [ 9, 7.75, 11.5, 8.25 ], "texture": "#stone axe balde" },
        "north": { "uv": [ 4.5, 4.25, 7, 4.5 ], "texture": "#stone axe balde" },
        "south": { "uv": [ 9, 4.25, 11.5, 4.5 ], "texture": "#stone axe balde" },
        "west":  { "uv": [ 7.75, 4.25, 8.25, 4.5 ], "texture": "#stone axe balde" },
        "east":  { "uv": [ 7.75, 4.25, 8.25, 4.5 ], "texture": "#stone axe balde" }
    }
},
{
    "__comment": "Axe Blade",
    "from": [ 9.5, 11.25, 7.75 ],
    "to": [ 11.25, 11.5, 8.25 ],
    "faces": {
        "down":  { "uv": [ 6.5, 8.25, 4.75, 7.75 ], "texture": "#stone axe balde" },
        "up":    { "uv": [ 9.5, 7.75, 11.25, 8.25 ], "texture": "#stone axe balde" },
        "north": { "uv": [ 4.75, 4.5, 6.5, 4.75 ], "texture": "#stone axe balde" },
        "south": { "uv": [ 9.5, 4.5, 11.25, 4.75 ], "texture": "#stone axe balde" },
        "west":  { "uv": [ 7.75, 4.5, 8.25, 4.75 ], "texture": "#stone axe balde" },
        "east":  { "uv": [ 7.75, 4.5, 8.25, 4.75 ], "texture": "#stone axe balde" }
    }
},
{
    "__comment": "Axe Blade",
    "from": [ 9.75, 10.75, 7.75 ],
    "to": [ 11, 11.25, 8.25 ],
    "faces": {
        "down":  { "uv": [ 6.25, 8.25, 5, 7.75 ], "texture": "#stone axe balde" },
        "up":    { "uv": [ 9.75, 7.75, 11, 8.25 ], "texture": "#stone axe balde" },
        "north": { "uv": [ 5, 4.75, 6.25, 5.25 ], "texture": "#stone axe balde" },
        "south": { "uv": [ 9.75, 4.75, 11, 5.25 ], "texture": "#stone axe balde" },
        "west":  { "uv": [ 7.75, 4.75, 8.25, 5.25 ], "texture": "#stone axe balde" },
        "east":  { "uv": [ 7.75, 4.75, 8.25, 5.25 ], "texture": "#stone axe balde" }
    }
},
{
    "__comment": "Axe Blade",
    "from": [ 10, 10.25, 7.75 ],
    "to": [ 10.75, 10.75, 8.25 ],
    "faces": {
        "down":  { "uv": [ 6, 8.25, 5.25, 7.75 ], "texture": "#stone axe balde" },
        "up":    { "uv": [ 10, 7.75, 10.75, 8.25 ], "texture": "#stone axe balde" },
        "north": { "uv": [ 5.25, 5.25, 6, 5.75 ], "texture": "#stone axe balde" },
        "south": { "uv": [ 10, 5.25, 10.75, 5.75 ], "texture": "#stone axe balde" },
        "west":  { "uv": [ 7.75, 5.25, 8.25, 5.75 ], "texture": "#stone axe balde" },
        "east":  { "uv": [ 7.75, 5.25, 8.25, 5.75 ], "texture": "#stone axe balde" }
    }
},
{
    "__comment": "Axe Blade",
    "from": [ 10.25, 10, 7.75 ],
    "to": [ 10.5, 10.25, 8.25 ],
    "faces": {
        "down":  { "uv": [ 5.75, 8.25, 5.5, 7.75 ], "texture": "#stone axe balde" },
        "up":    { "uv": [ 10.25, 7.75, 10.5, 8.25 ], "texture": "#stone axe balde" },
        "north": { "uv": [ 5.5, 5.75, 5.75, 6 ], "texture": "#stone axe balde" },
        "south": { "uv": [ 10.25, 5.75, 10.5, 6 ], "texture": "#stone axe balde" },
        "west":  { "uv": [ 7.75, 5.75, 8.25, 6 ], "texture": "#stone axe balde" },
        "east":  { "uv": [ 7.75, 5.75, 8.25, 6 ], "texture": "#stone axe balde" }
    }
},
{
    "__comment": "Axe Blade",
    "from": [ 10.5, 15, 7.75 ],
    "to": [ 11.5, 15.25, 8.25 ],
    "faces": {
        "down":  { "uv": [ 5.5, 8.25, 4.5, 7.75 ], "texture": "#stone axe balde" },
        "up":    { "uv": [ 10.5, 7.75, 11.5, 8.25 ], "texture": "#stone axe balde" },
        "north": { "uv": [ 4.5, 0.75, 5.5, 1 ], "texture": "#stone axe balde" },
        "south": { "uv": [ 10.5, 0.75, 11.5, 1 ], "texture": "#stone axe balde" },
        "west":  { "uv": [ 7.75, 0.75, 8.25, 1 ], "texture": "#stone axe balde" },
        "east":  { "uv": [ 7.75, 0.75, 8.25, 1 ], "texture": "#stone axe balde" }
    }
},
{
    "__comment": "Axe Blade",
    "from": [ 10.75, 10.5, 7.75 ],
    "to": [ 11, 10.75, 8.25 ],
    "faces": {
        "down":  { "uv": [ 5.25, 8.25, 5, 7.75 ], "texture": "#stone axe balde" },
        "up":    { "uv": [ 10.75, 7.75, 11, 8.25 ], "texture": "#stone axe balde" },
        "north": { "uv": [ 5, 5.25, 5.25, 5.5 ], "texture": "#stone axe balde" },
        "south": { "uv": [ 10.75, 5.25, 11, 5.5 ], "texture": "#stone axe balde" },
        "west":  { "uv": [ 7.75, 5.25, 8.25, 5.5 ], "texture": "#stone axe balde" },
        "east":  { "uv": [ 7.75, 5.25, 8.25, 5.5 ], "texture": "#stone axe balde" }
    }
},
{
    "__comment": "Axe Blade",
    "from": [ 11, 11, 7.75 ],
    "to": [ 11.25, 11.25, 8.25 ],
    "faces": {
        "down":  { "uv": [ 5, 8.25, 4.75, 7.75 ], "texture": "#stone axe balde" },
        "up":    { "uv": [ 11, 7.75, 11.25, 8.25 ], "texture": "#stone axe balde" },
        "north": { "uv": [ 4.75, 4.75, 5, 5 ], "texture": "#stone axe balde" },
        "south": { "uv": [ 11, 4.75, 11.25, 5 ], "texture": "#stone axe balde" },
        "west":  { "uv": [ 7.75, 4.75, 8.25, 5 ], "texture": "#stone axe balde" },
        "east":  { "uv": [ 7.75, 4.75, 8.25, 5 ], "texture": "#stone axe balde" }
    }
},
{
    "__comment": "Axe Blade",
    "from": [ 11.5, 14.25, 8 ],
    "to": [ 11.75, 14.5, 8.25 ],
    "faces": {
        "down":  { "uv": [ 4.5, 8.25, 4.25, 8 ], "texture": "#stone axe balde" },
        "up":    { "uv": [ 11.5, 8, 11.75, 8.25 ], "texture": "#stone axe balde" },
        "north": { "uv": [ 4.25, 1.5, 4.5, 1.75 ], "texture": "#stone axe balde" },
        "south": { "uv": [ 11.5, 1.5, 11.75, 1.75 ], "texture": "#stone axe balde" },
        "west":  { "uv": [ 8, 1.5, 8.25, 1.75 ], "texture": "#stone axe balde" },
        "east":  { "uv": [ 7.75, 1.5, 8, 1.75 ], "texture": "#stone axe balde" }
    }
},
{
    "__comment": "Axe Blade",
    "from": [ 4.5, 12.75, 7.75 ],
    "to": [ 11.5, 13, 8.25 ],
    "faces": {
        "down":  { "uv": [ 11.5, 8.25, 4.5, 7.75 ], "texture": "#stone axe balde" },
        "up":    { "uv": [ 4.5, 7.75, 11.5, 8.25 ], "texture": "#stone axe balde" },
        "north": { "uv": [ 4.5, 3, 11.5, 3.25 ], "texture": "#stone axe balde" },
        "south": { "uv": [ 4.5, 3, 11.5, 3.25 ], "texture": "#stone axe balde" },
        "west":  { "uv": [ 7.75, 3, 8.25, 3.25 ], "texture": "#stone axe balde" },
        "east":  { "uv": [ 7.75, 3, 8.25, 3.25 ], "texture": "#stone axe balde" }
    }
},
{
    "__comment": "Axe Blade",
    "from": [ 11.25, 13.25, 7.75 ],
    "to": [ 12, 13.5, 8.25 ],
    "faces": {
        "down":  { "uv": [ 4.75, 8.25, 4, 7.75 ], "texture": "#stone axe balde" },
        "up":    { "uv": [ 11.25, 7.75, 12, 8.25 ], "texture": "#stone axe balde" },
        "north": { "uv": [ 4, 2.5, 4.75, 2.75 ], "texture": "#stone axe balde" },
        "south": { "uv": [ 11.25, 2.5, 12, 2.75 ], "texture": "#stone axe balde" },
        "west":  { "uv": [ 7.75, 2.5, 8.25, 2.75 ], "texture": "#stone axe balde" },
        "east":  { "uv": [ 7.75, 2.5, 8.25, 2.75 ], "texture": "#stone axe balde" }
    }
},
{
    "__comment": "Axe Handle",
    "from": [ 5.75, 12, 7.75 ],
    "to": [ 7.25, 12.25, 8.5 ],
    "faces": {
        "down":  { "uv": [ 10.25, 8.5, 8.75, 7.75 ], "texture": "#texture" },
        "up":    { "uv": [ 5.75, 7.75, 7.25, 8.5 ], "texture": "#texture" },
        "north": { "uv": [ 8.75, 3.75, 10.25, 4 ], "texture": "#texture" },
        "south": { "uv": [ 5.75, 3.75, 7.25, 4 ], "texture": "#texture" },
        "west":  { "uv": [ 7.75, 3.75, 8.5, 4 ], "texture": "#texture" },
        "east":  { "uv": [ 7.5, 3.75, 8.25, 4 ], "texture": "#texture" }
    }
}
],
"display": {
    "thirdperson_righthand": {
        "rotation": [ 0, 90, 0 ],
        "translation": [ 0, 4.54, 0 ],
        "scale": [ 1.5, 1.5, 1.5 ]
    },
    "thirdperson_lefthand": {
        "rotation": [ 0, -90, 0 ],
        "translation": [ 0, 4.54, 0 ],
        "scale": [ 1.5, 1.5, 1.5 ]
    },
    "head": {
        "rotation": [ 171, -156, 69 ],
        "translation": [ -12.85, 12.28, -4.34 ],
        "scale": [ 2, 2, 2 ]
    },
    "ground": {
        "rotation": [ 90, 0, 90 ],
        "translation": [ 0, 0, 2.65 ],
        "scale": [ 1, 1, 1 ]
    },
    "fixed": {
        "rotation": [ 0, 0, 0 ],
        "translation": [ 0, 0.2, -0.9 ],
        "scale": [ 1.2, 1.2, 1.2 ]
    },
    "firstperson_righthand": {
        "rotation": [ -5, 90, 0 ],
        "translation": [ 0.5, 4.3, 0 ],
        "scale": [ 1, 1, 1 ]
    },
    "firstperson_lefthand": {
        "rotation": [ -5, -90, 0 ],
        "translation": [ 0.5, 4.3, 0 ],
        "scale": [ 1, 1, 1 ]
    },
    "gui": {
        "rotation": [ 180, 0, -132 ],
        "translation": [ -1.13, -0.57, 0 ],
        "scale": [ 1.2, 1.2, 1.2 ]
    }
}
}