{
"__comment": "Designed by Yannik Pipek with BDcraft Cubik PRO 0.91 Beta",
"textures": {
    "particle": "items/stone_sword",
    "stone sword wood": "items/stone sword wood",
    "texture": "items/stone sword blade"
},
"elements": [ 
{
    "__comment": "crossguard",
    "from": [ 8.25, 5, 7.75 ],
    "to": [ 9, 5.25, 8.25 ],
    "faces": {
        "down":  { "uv": [ 7.75, 8.25, 7, 7.75 ], "texture": "#stone sword wood" },
        "up":    { "uv": [ 8.25, 7.75, 9, 8.25 ], "texture": "#stone sword wood" },
        "north": { "uv": [ 7, 10.75, 7.75, 11 ], "texture": "#stone sword wood" },
        "south": { "uv": [ 8.25, 10.75, 9, 11 ], "texture": "#stone sword wood" },
        "west":  { "uv": [ 7.75, 10.75, 8.25, 11 ], "texture": "#stone sword wood" },
        "east":  { "uv": [ 7.75, 10.75, 8.25, 11 ], "texture": "#stone sword wood" }
    }
},
{
    "__comment": "crossguard",
    "from": [ 7.25, 4.75, 8 ],
    "to": [ 8.75, 5, 8.25 ],
    "faces": {
        "down":  { "uv": [ 8.75, 8.25, 7.25, 8 ], "texture": "#stone sword wood" },
        "up":    { "uv": [ 7.25, 8, 8.75, 8.25 ], "texture": "#stone sword wood" },
        "north": { "uv": [ 7.25, 11, 8.75, 11.25 ], "texture": "#stone sword wood" },
        "south": { "uv": [ 7.25, 11, 8.75, 11.25 ], "texture": "#stone sword wood" },
        "west":  { "uv": [ 8, 11, 8.25, 11.25 ], "texture": "#stone sword wood" },
        "east":  { "uv": [ 7.75, 11, 8, 11.25 ], "texture": "#stone sword wood" }
    }
},
{
    "__comment": "Hand Hold",
    "from": [ 7.75, 2.5, 7.75 ],
    "to": [ 8.25, 3.25, 8 ],
    "faces": {
        "down":  { "uv": [ 8.25, 8, 7.75, 7.75 ], "texture": "#stone sword wood" },
        "up":    { "uv": [ 7.75, 7.75, 8.25, 8 ], "texture": "#stone sword wood" },
        "north": { "uv": [ 7.75, 12.75, 8.25, 13.5 ], "texture": "#stone sword wood" },
        "south": { "uv": [ 7.75, 12.75, 8.25, 13.5 ], "texture": "#stone sword wood" },
        "west":  { "uv": [ 7.75, 12.75, 8, 13.5 ], "texture": "#stone sword wood" },
        "east":  { "uv": [ 8, 12.75, 8.25, 13.5 ], "texture": "#stone sword wood" }
    }
},
{
    "__comment": "crossguard",
    "from": [ 7.5, 4.75, 7.75 ],
    "to": [ 8.5, 5, 8 ],
    "faces": {
        "down":  { "uv": [ 8.5, 8, 7.5, 7.75 ], "texture": "#stone sword wood" },
        "up":    { "uv": [ 7.5, 7.75, 8.5, 8 ], "texture": "#stone sword wood" },
        "north": { "uv": [ 7.5, 11, 8.5, 11.25 ], "texture": "#stone sword wood" },
        "south": { "uv": [ 7.5, 11, 8.5, 11.25 ], "texture": "#stone sword wood" },
        "west":  { "uv": [ 7.75, 11, 8, 11.25 ], "texture": "#stone sword wood" },
        "east":  { "uv": [ 8, 11, 8.25, 11.25 ], "texture": "#stone sword wood" }
    }
},
{
    "__comment": "Blade",
    "from": [ 7.5, 5.25, 7.75 ],
    "to": [ 8.25, 6, 8.25 ],
    "faces": {
        "down":  { "uv": [ 8.5, 8.25, 7.75, 7.75 ], "texture": "#texture" },
        "up":    { "uv": [ 7.5, 7.75, 8.25, 8.25 ], "texture": "#texture" },
        "north": { "uv": [ 7.75, 10, 8.5, 10.75 ], "texture": "#texture" },
        "south": { "uv": [ 7.5, 10, 8.25, 10.75 ], "texture": "#texture" },
        "west":  { "uv": [ 7.75, 10, 8.25, 10.75 ], "texture": "#texture" },
        "east":  { "uv": [ 7.75, 10, 8.25, 10.75 ], "texture": "#texture" }
    }
},
{
    "__comment": "Blade",
    "from": [ 7.5, 6, 7.75 ],
    "to": [ 8.25, 7.5, 8 ],
    "faces": {
        "down":  { "uv": [ 8.5, 8, 7.75, 7.75 ], "texture": "#texture" },
        "up":    { "uv": [ 7.5, 7.75, 8.25, 8 ], "texture": "#texture" },
        "north": { "uv": [ 7.75, 8.5, 8.5, 10 ], "texture": "#texture" },
        "south": { "uv": [ 7.5, 8.5, 8.25, 10 ], "texture": "#texture" },
        "west":  { "uv": [ 7.75, 8.5, 8, 10 ], "texture": "#texture" },
        "east":  { "uv": [ 8, 8.5, 8.25, 10 ], "texture": "#texture" }
    }
},
{
    "__comment": "Blade",
    "from": [ 7.5, 8.75, 7.75 ],
    "to": [ 8.25, 11, 8 ],
    "faces": {
        "down":  { "uv": [ 8.5, 8, 7.75, 7.75 ], "texture": "#texture" },
        "up":    { "uv": [ 7.5, 7.75, 8.25, 8 ], "texture": "#texture" },
        "north": { "uv": [ 7.75, 5, 8.5, 7.25 ], "texture": "#texture" },
        "south": { "uv": [ 7.5, 5, 8.25, 7.25 ], "texture": "#texture" },
        "west":  { "uv": [ 7.75, 5, 8, 7.25 ], "texture": "#texture" },
        "east":  { "uv": [ 8, 5, 8.25, 7.25 ], "texture": "#texture" }
    }
},
{
    "__comment": "Hand Hold",
    "from": [ 7.75, 0.25, 7.75 ],
    "to": [ 8.25, 2.5, 8.25 ],
    "faces": {
        "down":  { "uv": [ 8.25, 8.25, 7.75, 7.75 ], "texture": "#stone sword wood" },
        "up":    { "uv": [ 7.75, 7.75, 8.25, 8.25 ], "texture": "#stone sword wood" },
        "north": { "uv": [ 7.75, 13.5, 8.25, 15.75 ], "texture": "#stone sword wood" },
        "south": { "uv": [ 7.75, 13.5, 8.25, 15.75 ], "texture": "#stone sword wood" },
        "west":  { "uv": [ 7.75, 13.5, 8.25, 15.75 ], "texture": "#stone sword wood" },
        "east":  { "uv": [ 7.75, 13.5, 8.25, 15.75 ], "texture": "#stone sword wood" }
    }
},
{
    "__comment": "Hand Hold",
    "from": [ 7.75, 3.25, 7.75 ],
    "to": [ 8.25, 4.75, 8.25 ],
    "faces": {
        "down":  { "uv": [ 8.25, 8.25, 7.75, 7.75 ], "texture": "#stone sword wood" },
        "up":    { "uv": [ 7.75, 7.75, 8.25, 8.25 ], "texture": "#stone sword wood" },
        "north": { "uv": [ 7.75, 11.25, 8.25, 12.75 ], "texture": "#stone sword wood" },
        "south": { "uv": [ 7.75, 11.25, 8.25, 12.75 ], "texture": "#stone sword wood" },
        "west":  { "uv": [ 7.75, 11.25, 8.25, 12.75 ], "texture": "#stone sword wood" },
        "east":  { "uv": [ 7.75, 11.25, 8.25, 12.75 ], "texture": "#stone sword wood" }
    }
},
{
    "__comment": "Blade",
    "from": [ 7.75, 7.5, 7.75 ],
    "to": [ 8.25, 8.75, 8.25 ],
    "faces": {
        "down":  { "uv": [ 8.25, 8.25, 7.75, 7.75 ], "texture": "#texture" },
        "up":    { "uv": [ 7.75, 7.75, 8.25, 8.25 ], "texture": "#texture" },
        "north": { "uv": [ 7.75, 7.25, 8.25, 8.5 ], "texture": "#texture" },
        "south": { "uv": [ 7.75, 7.25, 8.25, 8.5 ], "texture": "#texture" },
        "west":  { "uv": [ 7.75, 7.25, 8.25, 8.5 ], "texture": "#texture" },
        "east":  { "uv": [ 7.75, 7.25, 8.25, 8.5 ], "texture": "#texture" }
    }
},
{
    "__comment": "Blade",
    "from": [ 7.75, 11, 7.75 ],
    "to": [ 8.25, 14.75, 8.25 ],
    "faces": {
        "down":  { "uv": [ 8.25, 8.25, 7.75, 7.75 ], "texture": "#texture" },
        "up":    { "uv": [ 7.75, 7.75, 8.25, 8.25 ], "texture": "#texture" },
        "north": { "uv": [ 7.75, 1.25, 8.25, 5 ], "texture": "#texture" },
        "south": { "uv": [ 7.75, 1.25, 8.25, 5 ], "texture": "#texture" },
        "west":  { "uv": [ 7.75, 1.25, 8.25, 5 ], "texture": "#texture" },
        "east":  { "uv": [ 7.75, 1.25, 8.25, 5 ], "texture": "#texture" }
    }
},
{
    "__comment": "Blade",
    "from": [ 7.75, 14.75, 7.75 ],
    "to": [ 8, 15.5, 8 ],
    "faces": {
        "down":  { "uv": [ 8.25, 8, 8, 7.75 ], "texture": "#texture" },
        "up":    { "uv": [ 7.75, 7.75, 8, 8 ], "texture": "#texture" },
        "north": { "uv": [ 8, 0.5, 8.25, 1.25 ], "texture": "#texture" },
        "south": { "uv": [ 7.75, 0.5, 8, 1.25 ], "texture": "#texture" },
        "west":  { "uv": [ 7.75, 0.5, 8, 1.25 ], "texture": "#texture" },
        "east":  { "uv": [ 8, 0.5, 8.25, 1.25 ], "texture": "#texture" }
    }
},
{
    "__comment": "Hand Hold",
    "from": [ 7.75, 0, 8 ],
    "to": [ 8, 0.25, 8.25 ],
    "faces": {
        "down":  { "uv": [ 8.25, 8.25, 8, 8 ], "texture": "#stone sword wood" },
        "up":    { "uv": [ 7.75, 8, 8, 8.25 ], "texture": "#stone sword wood" },
        "north": { "uv": [ 8, 15.75, 8.25, 16 ], "texture": "#stone sword wood" },
        "south": { "uv": [ 7.75, 15.75, 8, 16 ], "texture": "#stone sword wood" },
        "west":  { "uv": [ 8, 15.75, 8.25, 16 ], "texture": "#stone sword wood" },
        "east":  { "uv": [ 7.75, 15.75, 8, 16 ], "texture": "#stone sword wood" }
    }
},
{
    "__comment": "Hand Hold",
    "from": [ 7.75, 2.5, 8 ],
    "to": [ 8.25, 3.25, 8.25 ],
    "faces": {
        "down":  { "uv": [ 8.25, 8.25, 7.75, 8 ], "texture": "#stone sword wood" },
        "up":    { "uv": [ 7.75, 8, 8.25, 8.25 ], "texture": "#stone sword wood" },
        "north": { "uv": [ 7.75, 12.75, 8.25, 13.5 ], "texture": "#stone sword wood" },
        "south": { "uv": [ 7.75, 12.75, 8.25, 13.5 ], "texture": "#stone sword wood" },
        "west":  { "uv": [ 8, 12.75, 8.25, 13.5 ], "texture": "#stone sword wood" },
        "east":  { "uv": [ 7.75, 12.75, 8, 13.5 ], "texture": "#stone sword wood" }
    }
},
{
    "__comment": "Blade",
    "from": [ 7.75, 6, 8 ],
    "to": [ 8.25, 7.5, 8.25 ],
    "faces": {
        "down":  { "uv": [ 8.25, 8.25, 7.75, 8 ], "texture": "#texture" },
        "up":    { "uv": [ 7.75, 8, 8.25, 8.25 ], "texture": "#texture" },
        "north": { "uv": [ 7.75, 8.5, 8.25, 10 ], "texture": "#texture" },
        "south": { "uv": [ 7.75, 8.5, 8.25, 10 ], "texture": "#texture" },
        "west":  { "uv": [ 8, 8.5, 8.25, 10 ], "texture": "#texture" },
        "east":  { "uv": [ 7.75, 8.5, 8, 10 ], "texture": "#texture" }
    }
},
{
    "__comment": "Blade",
    "from": [ 7.75, 8.75, 8 ],
    "to": [ 8.25, 11, 8.25 ],
    "faces": {
        "down":  { "uv": [ 8.25, 8.25, 7.75, 8 ], "texture": "#texture" },
        "up":    { "uv": [ 7.75, 8, 8.25, 8.25 ], "texture": "#texture" },
        "north": { "uv": [ 7.75, 5, 8.25, 7.25 ], "texture": "#texture" },
        "south": { "uv": [ 7.75, 5, 8.25, 7.25 ], "texture": "#texture" },
        "west":  { "uv": [ 8, 5, 8.25, 7.25 ], "texture": "#texture" },
        "east":  { "uv": [ 7.75, 5, 8, 7.25 ], "texture": "#texture" }
    }
},
{
    "__comment": "Blade",
    "from": [ 8, 14.75, 7.75 ],
    "to": [ 8.25, 15, 8.25 ],
    "faces": {
        "down":  { "uv": [ 8, 8.25, 7.75, 7.75 ], "texture": "#texture" },
        "up":    { "uv": [ 8, 7.75, 8.25, 8.25 ], "texture": "#texture" },
        "north": { "uv": [ 7.75, 1, 8, 1.25 ], "texture": "#texture" },
        "south": { "uv": [ 8, 1, 8.25, 1.25 ], "texture": "#texture" },
        "west":  { "uv": [ 7.75, 1, 8.25, 1.25 ], "texture": "#texture" },
        "east":  { "uv": [ 7.75, 1, 8.25, 1.25 ], "texture": "#texture" }
    }
},
{
    "__comment": "Blade",
    "from": [ 8, 15, 7.75 ],
    "to": [ 8.25, 15.25, 8 ],
    "faces": {
        "down":  { "uv": [ 8, 8, 7.75, 7.75 ], "texture": "#texture" },
        "up":    { "uv": [ 8, 7.75, 8.25, 8 ], "texture": "#texture" },
        "north": { "uv": [ 7.75, 0.75, 8, 1 ], "texture": "#texture" },
        "south": { "uv": [ 8, 0.75, 8.25, 1 ], "texture": "#texture" },
        "west":  { "uv": [ 7.75, 0.75, 8, 1 ], "texture": "#texture" },
        "east":  { "uv": [ 8, 0.75, 8.25, 1 ], "texture": "#texture" }
    }
},
{
    "__comment": "Blade",
    "from": [ 8.25, 5.25, 7.75 ],
    "to": [ 8.5, 5.75, 8.25 ],
    "faces": {
        "down":  { "uv": [ 7.75, 8.25, 7.5, 7.75 ], "texture": "#texture" },
        "up":    { "uv": [ 8.25, 7.75, 8.5, 8.25 ], "texture": "#texture" },
        "north": { "uv": [ 7.5, 10.25, 7.75, 10.75 ], "texture": "#texture" },
        "south": { "uv": [ 8.25, 10.25, 8.5, 10.75 ], "texture": "#texture" },
        "west":  { "uv": [ 7.75, 10.25, 8.25, 10.75 ], "texture": "#texture" },
        "east":  { "uv": [ 7.75, 10.25, 8.25, 10.75 ], "texture": "#texture" }
    }
},
{
    "__comment": "crossguard*",
    "from": [ 7, 5, 7.75 ],
    "to": [ 7.75, 5.25, 8.25 ],
    "faces": {
        "down":  { "uv": [ 9, 8.25, 8.25, 7.75 ], "texture": "#stone sword wood" },
        "up":    { "uv": [ 7, 7.75, 7.75, 8.25 ], "texture": "#stone sword wood" },
        "north": { "uv": [ 8.25, 10.75, 9, 11 ], "texture": "#stone sword wood" },
        "south": { "uv": [ 7, 10.75, 7.75, 11 ], "texture": "#stone sword wood" },
        "west":  { "uv": [ 7.75, 10.75, 8.25, 11 ], "texture": "#stone sword wood" },
        "east":  { "uv": [ 7.75, 10.75, 8.25, 11 ], "texture": "#stone sword wood" }
    }
},
{
    "__comment": "Blade*",
    "from": [ 7.75, 5, 7.75 ],
    "to": [ 8.25, 5.25, 8.25 ],
    "faces": {
        "down":  { "uv": [ 8.25, 8.25, 7.75, 7.75 ], "texture": "#texture" },
        "up":    { "uv": [ 7.75, 7.75, 8.25, 8.25 ], "texture": "#texture" },
        "north": { "uv": [ 7.75, 10.75, 8.25, 11 ], "texture": "#texture" },
        "south": { "uv": [ 7.75, 10.75, 8.25, 11 ], "texture": "#texture" },
        "west":  { "uv": [ 7.75, 10.75, 8.25, 11 ], "texture": "#texture" },
        "east":  { "uv": [ 7.75, 10.75, 8.25, 11 ], "texture": "#texture" }
    }
},
{
    "__comment": "crossguard*",
    "from": [ 7.5, 5, 8.25 ],
    "to": [ 8.5, 5.25, 8.5 ],
    "faces": {
        "down":  { "uv": [ 8.5, 8.5, 7.5, 8.25 ], "texture": "#stone sword wood" },
        "up":    { "uv": [ 7.5, 8.25, 8.5, 8.5 ], "texture": "#stone sword wood" },
        "north": { "uv": [ 7.5, 10.75, 8.5, 11 ], "texture": "#stone sword wood" },
        "south": { "uv": [ 7.5, 10.75, 8.5, 11 ], "texture": "#stone sword wood" },
        "west":  { "uv": [ 8.25, 10.75, 8.5, 11 ], "texture": "#stone sword wood" },
        "east":  { "uv": [ 7.5, 10.75, 7.75, 11 ], "texture": "#stone sword wood" }
    }
},
{
    "__comment": "crossguard*",
    "from": [ 7.5, 5, 7.5 ],
    "to": [ 8.5, 5.25, 7.75 ],
    "faces": {
        "down":  { "uv": [ 8.5, 7.75, 7.5, 7.5 ], "texture": "#stone sword wood" },
        "up":    { "uv": [ 7.5, 7.5, 8.5, 7.75 ], "texture": "#stone sword wood" },
        "north": { "uv": [ 7.5, 10.75, 8.5, 11 ], "texture": "#stone sword wood" },
        "south": { "uv": [ 7.5, 10.75, 8.5, 11 ], "texture": "#stone sword wood" },
        "west":  { "uv": [ 7.5, 10.75, 7.75, 11 ], "texture": "#stone sword wood" },
        "east":  { "uv": [ 8.25, 10.75, 8.5, 11 ], "texture": "#stone sword wood" }
    }
},
{
    "__comment": "Blade*",
    "from": [ 8.25, 10.5, 8 ],
    "to": [ 8.5, 11.75, 8.25 ],
    "faces": {
        "down":  { "uv": [ 7.75, 8.25, 7.5, 8 ], "texture": "#texture" },
        "up":    { "uv": [ 8.25, 8, 8.5, 8.25 ], "texture": "#texture" },
        "north": { "uv": [ 7.5, 4.25, 7.75, 5.5 ], "texture": "#texture" },
        "south": { "uv": [ 8.25, 4.25, 8.5, 5.5 ], "texture": "#texture" },
        "west":  { "uv": [ 8, 4.25, 8.25, 5.5 ], "texture": "#texture" },
        "east":  { "uv": [ 7.75, 4.25, 8, 5.5 ], "texture": "#texture" }
    }
},
{
    "__comment": "Blade*",
    "from": [ 8.25, 7.75, 8 ],
    "to": [ 8.5, 8.5, 8.25 ],
    "faces": {
        "down":  { "uv": [ 7.75, 8.25, 7.5, 8 ], "texture": "#texture" },
        "up":    { "uv": [ 8.25, 8, 8.5, 8.25 ], "texture": "#texture" },
        "north": { "uv": [ 7.5, 7.5, 7.75, 8.25 ], "texture": "#texture" },
        "south": { "uv": [ 8.25, 7.5, 8.5, 8.25 ], "texture": "#texture" },
        "west":  { "uv": [ 8, 7.5, 8.25, 8.25 ], "texture": "#texture" },
        "east":  { "uv": [ 7.75, 7.5, 8, 8.25 ], "texture": "#texture" }
    }
},
{
    "__comment": "Blade*",
    "from": [ 8.25, 7, 7.75 ],
    "to": [ 8.5, 8.25, 8 ],
    "faces": {
        "down":  { "uv": [ 7.75, 8, 7.5, 7.75 ], "texture": "#texture" },
        "up":    { "uv": [ 8.25, 7.75, 8.5, 8 ], "texture": "#texture" },
        "north": { "uv": [ 7.5, 7.75, 7.75, 9 ], "texture": "#texture" },
        "south": { "uv": [ 8.25, 7.75, 8.5, 9 ], "texture": "#texture" },
        "west":  { "uv": [ 7.75, 7.75, 8, 9 ], "texture": "#texture" },
        "east":  { "uv": [ 8, 7.75, 8.25, 9 ], "texture": "#texture" }
    }
},
{
    "__comment": "Blade*",
    "from": [ 8, 10.25, 8.25 ],
    "to": [ 8.25, 11, 8.5 ],
    "faces": {
        "down":  { "uv": [ 8, 8.5, 7.75, 8.25 ], "texture": "#texture" },
        "up":    { "uv": [ 8, 8.25, 8.25, 8.5 ], "texture": "#texture" },
        "north": { "uv": [ 7.75, 5, 8, 5.75 ], "texture": "#texture" },
        "south": { "uv": [ 8, 5, 8.25, 5.75 ], "texture": "#texture" },
        "west":  { "uv": [ 8.25, 5, 8.5, 5.75 ], "texture": "#texture" },
        "east":  { "uv": [ 7.5, 5, 7.75, 5.75 ], "texture": "#texture" }
    }
},
{
    "__comment": "Blade*",
    "from": [ 7.75, 6.5, 7.5 ],
    "to": [ 8, 7.25, 7.75 ],
    "faces": {
        "down":  { "uv": [ 8.25, 7.75, 8, 7.5 ], "texture": "#texture" },
        "up":    { "uv": [ 7.75, 7.5, 8, 7.75 ], "texture": "#texture" },
        "north": { "uv": [ 8, 8.75, 8.25, 9.5 ], "texture": "#texture" },
        "south": { "uv": [ 7.75, 8.75, 8, 9.5 ], "texture": "#texture" },
        "west":  { "uv": [ 7.5, 8.75, 7.75, 9.5 ], "texture": "#texture" },
        "east":  { "uv": [ 8.25, 8.75, 8.5, 9.5 ], "texture": "#texture" }
    }
}
],
"display": {
    "thirdperson_righthand": {
        "rotation": [ 0, 90, 0 ],
        "translation": [ 0, 5.5, 1.5 ],
        "scale": [ 1.5, 1.5, 1.5 ]
    },
    "thirdperson_lefthand": {
        "rotation": [ 0, 90, 0 ],
        "translation": [ 0, 5.5, 1.5 ],
        "scale": [ 1.5, 1.5, 1.5 ]
    },
    "head": {
        "rotation": [ -122, 180, 132 ],
        "translation": [ -7.56, 0.38, -2.83 ],
        "scale": [ 2, 2, 2 ]
    },
    "ground": {
        "rotation": [ 90, 0, 0 ],
        "translation": [ 0, 0, 3.3 ],
        "scale": [ 1, 1, 1 ]
    },
    "fixed": {
        "rotation": [ 0, 0, 0 ],
        "translation": [ 0, 0.2, -0.55 ],
        "scale": [ 1.2, 1.2, 1.2 ]
    },
    "firstperson_righthand": {
        "rotation": [ 0, 85, -5 ],
        "translation": [ 0.5, 4.3, 0 ],
        "scale": [ 1, 1, 1 ]
    },
    "firstperson_lefthand": {
        "rotation": [ 0, 85, -5 ],
        "translation": [ 0, 4.3, 0 ],
        "scale": [ 1, 1, 1 ]
    },
    "gui": {
        "rotation": [ 7, 7, -45 ],
        "translation": [ 0, 0, 0 ],
        "scale": [ 1.35, 1.35, 1.35 ]
    }
}
}