{
"__comment": "Made by (c) Yannik Pipek. Make sure to inform yourself about my therms of use before using any of my work",
"textures": {
    "particle": "items/wood_shovel",
    "texture": "items/wooden shovel wood"
},
"elements": [ 
{
    "__comment": "shovel head",
    "from": [ 6.5, 1.75, 8.25 ],
    "to": [ 6.75, 2.5, 8.5 ],
    "faces": {
        "down":  { "uv": [ 9.5, 8.5, 9.25, 8.25 ], "texture": "#texture" },
        "up":    { "uv": [ 6.5, 8.25, 6.75, 8.5 ], "texture": "#texture" },
        "north": { "uv": [ 9.25, 13.5, 9.5, 14.25 ], "texture": "#texture" },
        "south": { "uv": [ 6.5, 13.5, 6.75, 14.25 ], "texture": "#texture" },
        "west":  { "uv": [ 8.25, 13.5, 8.5, 14.25 ], "texture": "#texture" },
        "east":  { "uv": [ 7.5, 13.5, 7.75, 14.25 ], "texture": "#texture" }
    }
},
{
    "__comment": "shovel head",
    "from": [ 6.75, 0.75, 8.25 ],
    "to": [ 7, 2.25, 8.5 ],
    "faces": {
        "down":  { "uv": [ 9.25, 8.5, 9, 8.25 ], "texture": "#texture" },
        "up":    { "uv": [ 6.75, 8.25, 7, 8.5 ], "texture": "#texture" },
        "north": { "uv": [ 9, 13.75, 9.25, 15.25 ], "texture": "#texture" },
        "south": { "uv": [ 6.75, 13.75, 7, 15.25 ], "texture": "#texture" },
        "west":  { "uv": [ 8.25, 13.75, 8.5, 15.25 ], "texture": "#texture" },
        "east":  { "uv": [ 7.5, 13.75, 7.75, 15.25 ], "texture": "#texture" }
    }
},
{
    "__comment": "shovel head",
    "from": [ 7, 0.5, 8.25 ],
    "to": [ 7.25, 1.25, 8.5 ],
    "faces": {
        "down":  { "uv": [ 9, 8.5, 8.75, 8.25 ], "texture": "#texture" },
        "up":    { "uv": [ 7, 8.25, 7.25, 8.5 ], "texture": "#texture" },
        "north": { "uv": [ 8.75, 14.75, 9, 15.5 ], "texture": "#texture" },
        "south": { "uv": [ 7, 14.75, 7.25, 15.5 ], "texture": "#texture" },
        "west":  { "uv": [ 8.25, 14.75, 8.5, 15.5 ], "texture": "#texture" },
        "east":  { "uv": [ 7.5, 14.75, 7.75, 15.5 ], "texture": "#texture" }
    }
},
{
    "__comment": "shovel head",
    "from": [ 7, 1.5, 8 ],
    "to": [ 7.5, 3.25, 8.25 ],
    "faces": {
        "down":  { "uv": [ 9, 8.25, 8.5, 8 ], "texture": "#texture" },
        "up":    { "uv": [ 7, 8, 7.5, 8.25 ], "texture": "#texture" },
        "north": { "uv": [ 8.5, 12.75, 9, 14.5 ], "texture": "#texture" },
        "south": { "uv": [ 7, 12.75, 7.5, 14.5 ], "texture": "#texture" },
        "west":  { "uv": [ 8, 12.75, 8.25, 14.5 ], "texture": "#texture" },
        "east":  { "uv": [ 7.75, 12.75, 8, 14.5 ], "texture": "#texture" }
    }
},
{
    "__comment": "shovel head",
    "from": [ 7.25, 2.75, 7.75 ],
    "to": [ 8.75, 3.25, 8 ],
    "faces": {
        "down":  { "uv": [ 8.75, 8, 7.25, 7.75 ], "texture": "#texture" },
        "up":    { "uv": [ 7.25, 7.75, 8.75, 8 ], "texture": "#texture" },
        "north": { "uv": [ 7.25, 12.75, 8.75, 13.25 ], "texture": "#texture" },
        "south": { "uv": [ 7.25, 12.75, 8.75, 13.25 ], "texture": "#texture" },
        "west":  { "uv": [ 7.75, 12.75, 8, 13.25 ], "texture": "#texture" },
        "east":  { "uv": [ 8, 12.75, 8.25, 13.25 ], "texture": "#texture" }
    }
},
{
    "__comment": "shovel head",
    "from": [ 7.25, 0.25, 8.25 ],
    "to": [ 8.75, 0.75, 8.5 ],
    "faces": {
        "down":  { "uv": [ 8.75, 8.5, 7.25, 8.25 ], "texture": "#texture" },
        "up":    { "uv": [ 7.25, 8.25, 8.75, 8.5 ], "texture": "#texture" },
        "north": { "uv": [ 7.25, 15.25, 8.75, 15.75 ], "texture": "#texture" },
        "south": { "uv": [ 7.25, 15.25, 8.75, 15.75 ], "texture": "#texture" },
        "west":  { "uv": [ 8.25, 15.25, 8.5, 15.75 ], "texture": "#texture" },
        "east":  { "uv": [ 7.5, 15.25, 7.75, 15.75 ], "texture": "#texture" }
    }
},
{
    "__comment": "shovel head",
    "from": [ 7, 0.75, 8 ],
    "to": [ 9, 1.5, 8.25 ],
    "faces": {
        "down":  { "uv": [ 9, 8.25, 7, 8 ], "texture": "#texture" },
        "up":    { "uv": [ 7, 8, 9, 8.25 ], "texture": "#texture" },
        "north": { "uv": [ 7, 14.5, 9, 15.25 ], "texture": "#texture" },
        "south": { "uv": [ 7, 14.5, 9, 15.25 ], "texture": "#texture" },
        "west":  { "uv": [ 8, 14.5, 8.25, 15.25 ], "texture": "#texture" },
        "east":  { "uv": [ 7.75, 14.5, 8, 15.25 ], "texture": "#texture" }
    }
},
{
    "__comment": "shovel head",
    "from": [ 7.5, 1.5, 7.75 ],
    "to": [ 7.75, 1.75, 8.25 ],
    "faces": {
        "down":  { "uv": [ 8.5, 8.25, 8.25, 7.75 ], "texture": "#texture" },
        "up":    { "uv": [ 7.5, 7.75, 7.75, 8.25 ], "texture": "#texture" },
        "north": { "uv": [ 8.25, 14.25, 8.5, 14.5 ], "texture": "#texture" },
        "south": { "uv": [ 7.5, 14.25, 7.75, 14.5 ], "texture": "#texture" },
        "west":  { "uv": [ 7.75, 14.25, 8.25, 14.5 ], "texture": "#texture" },
        "east":  { "uv": [ 7.75, 14.25, 8.25, 14.5 ], "texture": "#texture" }
    }
},
{
    "__comment": "shovel head",
    "from": [ 7.5, 1.75, 7.75 ],
    "to": [ 8.5, 2.75, 8 ],
    "faces": {
        "down":  { "uv": [ 8.5, 8, 7.5, 7.75 ], "texture": "#texture" },
        "up":    { "uv": [ 7.5, 7.75, 8.5, 8 ], "texture": "#texture" },
        "north": { "uv": [ 7.5, 13.25, 8.5, 14.25 ], "texture": "#texture" },
        "south": { "uv": [ 7.5, 13.25, 8.5, 14.25 ], "texture": "#texture" },
        "west":  { "uv": [ 7.75, 13.25, 8, 14.25 ], "texture": "#texture" },
        "east":  { "uv": [ 8, 13.25, 8.25, 14.25 ], "texture": "#texture" }
    }
},
{
    "__comment": "shovel head",
    "from": [ 7.75, 1.5, 7.75 ],
    "to": [ 8.25, 1.75, 8 ],
    "faces": {
        "down":  { "uv": [ 8.25, 8, 7.75, 7.75 ], "texture": "#texture" },
        "up":    { "uv": [ 7.75, 7.75, 8.25, 8 ], "texture": "#texture" },
        "north": { "uv": [ 7.75, 14.25, 8.25, 14.5 ], "texture": "#texture" },
        "south": { "uv": [ 7.75, 14.25, 8.25, 14.5 ], "texture": "#texture" },
        "west":  { "uv": [ 7.75, 14.25, 8, 14.5 ], "texture": "#texture" },
        "east":  { "uv": [ 8, 14.25, 8.25, 14.5 ], "texture": "#texture" }
    }
},
{
    "__comment": "shovel hand held",
    "from": [ 7.75, 3.25, 7.75 ],
    "to": [ 8.25, 16, 8 ],
    "faces": {
        "down":  { "uv": [ 8.25, 8, 7.75, 7.75 ], "texture": "#texture" },
        "up":    { "uv": [ 7.75, 7.75, 8.25, 8 ], "texture": "#texture" },
        "north": { "uv": [ 7.75, 0, 8.25, 12.75 ], "texture": "#texture" },
        "south": { "uv": [ 7.75, 0, 8.25, 12.75 ], "texture": "#texture" },
        "west":  { "uv": [ 7.75, 0, 8, 12.75 ], "texture": "#texture" },
        "east":  { "uv": [ 8, 0, 8.25, 12.75 ], "texture": "#texture" }
    }
},
{
    "__comment": "shovel hand held",
    "from": [ 7.75, 3.5, 8 ],
    "to": [ 8.25, 16, 8.25 ],
    "faces": {
        "down":  { "uv": [ 8.25, 8.25, 7.75, 8 ], "texture": "#texture" },
        "up":    { "uv": [ 7.75, 8, 8.25, 8.25 ], "texture": "#texture" },
        "north": { "uv": [ 7.75, 0, 8.25, 12.5 ], "texture": "#texture" },
        "south": { "uv": [ 7.75, 0, 8.25, 12.5 ], "texture": "#texture" },
        "west":  { "uv": [ 8, 0, 8.25, 12.5 ], "texture": "#texture" },
        "east":  { "uv": [ 7.75, 0, 8, 12.5 ], "texture": "#texture" }
    }
},
{
    "__comment": "shovel head",
    "from": [ 8, 1.5, 8 ],
    "to": [ 9.25, 1.75, 8.25 ],
    "faces": {
        "down":  { "uv": [ 8, 8.25, 6.75, 8 ], "texture": "#texture" },
        "up":    { "uv": [ 8, 8, 9.25, 8.25 ], "texture": "#texture" },
        "north": { "uv": [ 6.75, 14.25, 8, 14.5 ], "texture": "#texture" },
        "south": { "uv": [ 8, 14.25, 9.25, 14.5 ], "texture": "#texture" },
        "west":  { "uv": [ 8, 14.25, 8.25, 14.5 ], "texture": "#texture" },
        "east":  { "uv": [ 7.75, 14.25, 8, 14.5 ], "texture": "#texture" }
    }
},
{
    "__comment": "shovel head",
    "from": [ 8.5, 1.75, 8 ],
    "to": [ 9, 3.25, 8.25 ],
    "faces": {
        "down":  { "uv": [ 7.5, 8.25, 7, 8 ], "texture": "#texture" },
        "up":    { "uv": [ 8.5, 8, 9, 8.25 ], "texture": "#texture" },
        "north": { "uv": [ 7, 12.75, 7.5, 14.25 ], "texture": "#texture" },
        "south": { "uv": [ 8.5, 12.75, 9, 14.25 ], "texture": "#texture" },
        "west":  { "uv": [ 8, 12.75, 8.25, 14.25 ], "texture": "#texture" },
        "east":  { "uv": [ 7.75, 12.75, 8, 14.25 ], "texture": "#texture" }
    }
},
{
    "__comment": "shovel head",
    "from": [ 8.75, 0.5, 8.25 ],
    "to": [ 9, 1, 8.5 ],
    "faces": {
        "down":  { "uv": [ 7.25, 8.5, 7, 8.25 ], "texture": "#texture" },
        "up":    { "uv": [ 8.75, 8.25, 9, 8.5 ], "texture": "#texture" },
        "north": { "uv": [ 7, 15, 7.25, 15.5 ], "texture": "#texture" },
        "south": { "uv": [ 8.75, 15, 9, 15.5 ], "texture": "#texture" },
        "west":  { "uv": [ 8.25, 15, 8.5, 15.5 ], "texture": "#texture" },
        "east":  { "uv": [ 7.5, 15, 7.75, 15.5 ], "texture": "#texture" }
    }
},
{
    "__comment": "shovel head",
    "from": [ 9, 0.75, 8.25 ],
    "to": [ 9.25, 1.5, 8.5 ],
    "faces": {
        "down":  { "uv": [ 7, 8.5, 6.75, 8.25 ], "texture": "#texture" },
        "up":    { "uv": [ 9, 8.25, 9.25, 8.5 ], "texture": "#texture" },
        "north": { "uv": [ 6.75, 14.5, 7, 15.25 ], "texture": "#texture" },
        "south": { "uv": [ 9, 14.5, 9.25, 15.25 ], "texture": "#texture" },
        "west":  { "uv": [ 8.25, 14.5, 8.5, 15.25 ], "texture": "#texture" },
        "east":  { "uv": [ 7.5, 14.5, 7.75, 15.25 ], "texture": "#texture" }
    }
},
{
    "__comment": "shovel head",
    "from": [ 9, 1.75, 8 ],
    "to": [ 9.5, 2.25, 8.25 ],
    "faces": {
        "down":  { "uv": [ 7, 8.25, 6.5, 8 ], "texture": "#texture" },
        "up":    { "uv": [ 9, 8, 9.5, 8.25 ], "texture": "#texture" },
        "north": { "uv": [ 6.5, 13.75, 7, 14.25 ], "texture": "#texture" },
        "south": { "uv": [ 9, 13.75, 9.5, 14.25 ], "texture": "#texture" },
        "west":  { "uv": [ 8, 13.75, 8.25, 14.25 ], "texture": "#texture" },
        "east":  { "uv": [ 7.75, 13.75, 8, 14.25 ], "texture": "#texture" }
    }
},
{
    "__comment": "shovel head",
    "from": [ 9.25, 2.25, 8 ],
    "to": [ 9.5, 2.5, 8.25 ],
    "faces": {
        "down":  { "uv": [ 6.75, 8.25, 6.5, 8 ], "texture": "#texture" },
        "up":    { "uv": [ 9.25, 8, 9.5, 8.25 ], "texture": "#texture" },
        "north": { "uv": [ 6.5, 13.5, 6.75, 13.75 ], "texture": "#texture" },
        "south": { "uv": [ 9.25, 13.5, 9.5, 13.75 ], "texture": "#texture" },
        "west":  { "uv": [ 8, 13.5, 8.25, 13.75 ], "texture": "#texture" },
        "east":  { "uv": [ 7.75, 13.5, 8, 13.75 ], "texture": "#texture" }
    }
},
{
    "__comment": "shovel head*",
    "from": [ 8, 3, 8 ],
    "to": [ 8.25, 3.5, 8.25 ],
    "faces": {
        "down":  { "uv": [ 8, 8.25, 7.75, 8 ], "texture": "#texture" },
        "up":    { "uv": [ 8, 8, 8.25, 8.25 ], "texture": "#texture" },
        "north": { "uv": [ 7.75, 12.5, 8, 13 ], "texture": "#texture" },
        "south": { "uv": [ 8, 12.5, 8.25, 13 ], "texture": "#texture" },
        "west":  { "uv": [ 8, 12.5, 8.25, 13 ], "texture": "#texture" },
        "east":  { "uv": [ 7.75, 12.5, 8, 13 ], "texture": "#texture" }
    }
}
],
"display": {
    "thirdperson_righthand": {
        "rotation": [ 0, -90, 180 ],
        "translation": [ 0, 3.4, 1.51 ],
        "scale": [ 1.5, 1.5, 1.5 ]
    },
    "thirdperson_lefthand": {
        "rotation": [ 0, -90, 180 ],
        "translation": [ 0, 3.4, 1.51 ],
        "scale": [ 1.5, 1.5, 1.5 ]
    },
    "head": {
        "rotation": [ 78, -105, 77 ],
        "translation": [ 5.67, 19.28, -0.19 ],
        "scale": [ 2, 2, 2 ]
    },
    "ground": {
        "rotation": [ -90, 0, 0 ],
        "translation": [ 0, 0, -2.83 ],
        "scale": [ 1, 1, 1 ]
    },
    "fixed": {
        "rotation": [ 0, 180, 0 ],
        "translation": [ 0, -0.2, -0.3 ],
        "scale": [ 1.2, 1.2, 1.2 ]
    },
    "firstperson_righthand": {
        "rotation": [ 175, -101, 0 ],
        "translation": [ 0.5, 4.3, 0 ],
        "scale": [ 1, 1, 1 ]
    },
    "firstperson_lefthand": {
        "rotation": [ 175, -101, 0 ],
        "translation": [ 0.5, 4.3, 0 ],
        "scale": [ 1, 1, 1 ]
    },
    "gui": {
        "rotation": [ 6, 6, -45 ],
        "translation": [ -0.57, -0.38, 0 ],
        "scale": [ 1.2, 1.2, 1.2 ]
    }
}
}