{
"__comment": "Made by (c) Yannik Pipek. Make sure to inform yourself about my therms of use before using any of my work",
"textures": {
    "particle": "items/wood_pickaxe",
    "golden pickaxe golden": "items/wooden pickaxe wood",
    "texture": "items/wooden axe wood"
},
"elements": [ 
{
    "__comment": "pick blade",
    "from": [ 3.25, 14.5, 7.75 ],
    "to": [ 5.5, 14.75, 8.25 ],
    "faces": {
        "down":  { "uv": [ 12.75, 8.25, 10.5, 7.75 ], "texture": "#golden pickaxe golden" },
        "up":    { "uv": [ 3.25, 7.75, 5.5, 8.25 ], "texture": "#golden pickaxe golden" },
        "north": { "uv": [ 10.5, 1.25, 12.75, 1.5 ], "texture": "#golden pickaxe golden" },
        "south": { "uv": [ 3.25, 1.25, 5.5, 1.5 ], "texture": "#golden pickaxe golden" },
        "west":  { "uv": [ 7.75, 1.25, 8.25, 1.5 ], "texture": "#golden pickaxe golden" },
        "east":  { "uv": [ 7.75, 1.25, 8.25, 1.5 ], "texture": "#golden pickaxe golden" }
    }
},
{
    "__comment": "pick blade",
    "from": [ 3.75, 14.75, 7.75 ],
    "to": [ 7, 15, 8.25 ],
    "faces": {
        "down":  { "uv": [ 12.25, 8.25, 9, 7.75 ], "texture": "#golden pickaxe golden" },
        "up":    { "uv": [ 3.75, 7.75, 7, 8.25 ], "texture": "#golden pickaxe golden" },
        "north": { "uv": [ 9, 1, 12.25, 1.25 ], "texture": "#golden pickaxe golden" },
        "south": { "uv": [ 3.75, 1, 7, 1.25 ], "texture": "#golden pickaxe golden" },
        "west":  { "uv": [ 7.75, 1, 8.25, 1.25 ], "texture": "#golden pickaxe golden" },
        "east":  { "uv": [ 7.75, 1, 8.25, 1.25 ], "texture": "#golden pickaxe golden" }
    }
},
{
    "__comment": "pick blade",
    "from": [ 4.5, 15, 7.75 ],
    "to": [ 12.25, 15.25, 8.25 ],
    "faces": {
        "down":  { "uv": [ 11.5, 8.25, 3.75, 7.75 ], "texture": "#golden pickaxe golden" },
        "up":    { "uv": [ 4.5, 7.75, 12.25, 8.25 ], "texture": "#golden pickaxe golden" },
        "north": { "uv": [ 3.75, 0.75, 11.5, 1 ], "texture": "#golden pickaxe golden" },
        "south": { "uv": [ 4.5, 0.75, 12.25, 1 ], "texture": "#golden pickaxe golden" },
        "west":  { "uv": [ 7.75, 0.75, 8.25, 1 ], "texture": "#golden pickaxe golden" },
        "east":  { "uv": [ 7.75, 0.75, 8.25, 1 ], "texture": "#golden pickaxe golden" }
    }
},
{
    "__comment": "pick blade",
    "from": [ 5.25, 15.25, 7.75 ],
    "to": [ 11.5, 15.5, 8.25 ],
    "faces": {
        "down":  { "uv": [ 10.75, 8.25, 4.5, 7.75 ], "texture": "#golden pickaxe golden" },
        "up":    { "uv": [ 5.25, 7.75, 11.5, 8.25 ], "texture": "#golden pickaxe golden" },
        "north": { "uv": [ 4.5, 0.5, 10.75, 0.75 ], "texture": "#golden pickaxe golden" },
        "south": { "uv": [ 5.25, 0.5, 11.5, 0.75 ], "texture": "#golden pickaxe golden" },
        "west":  { "uv": [ 7.75, 0.5, 8.25, 0.75 ], "texture": "#golden pickaxe golden" },
        "east":  { "uv": [ 7.75, 0.5, 8.25, 0.75 ], "texture": "#golden pickaxe golden" }
    }
},
{
    "__comment": "pick blade",
    "from": [ 6.25, 15.5, 7.75 ],
    "to": [ 10.5, 15.75, 8.25 ],
    "faces": {
        "down":  { "uv": [ 9.75, 8.25, 5.5, 7.75 ], "texture": "#golden pickaxe golden" },
        "up":    { "uv": [ 6.25, 7.75, 10.5, 8.25 ], "texture": "#golden pickaxe golden" },
        "north": { "uv": [ 5.5, 0.25, 9.75, 0.5 ], "texture": "#golden pickaxe golden" },
        "south": { "uv": [ 6.25, 0.25, 10.5, 0.5 ], "texture": "#golden pickaxe golden" },
        "west":  { "uv": [ 7.75, 0.25, 8.25, 0.5 ], "texture": "#golden pickaxe golden" },
        "east":  { "uv": [ 7.75, 0.25, 8.25, 0.5 ], "texture": "#golden pickaxe golden" }
    }
},
{
    "__comment": "Pick handle",
    "from": [ 7.75, 12, 7.75 ],
    "to": [ 9, 14.75, 8.25 ],
    "faces": {
        "down":  { "uv": [ 8.25, 8.25, 7, 7.75 ], "texture": "#texture" },
        "up":    { "uv": [ 7.75, 7.75, 9, 8.25 ], "texture": "#texture" },
        "north": { "uv": [ 7, 1.25, 8.25, 4 ], "texture": "#texture" },
        "south": { "uv": [ 7.75, 1.25, 9, 4 ], "texture": "#texture" },
        "west":  { "uv": [ 7.75, 1.25, 8.25, 4 ], "texture": "#texture" },
        "east":  { "uv": [ 7.75, 1.25, 8.25, 4 ], "texture": "#texture" }
    }
},
{
    "__comment": "Pick handle",
    "from": [ 8, 13.75, 7.5 ],
    "to": [ 8.75, 14.75, 7.75 ],
    "faces": {
        "down":  { "uv": [ 8, 7.75, 7.25, 7.5 ], "texture": "#texture" },
        "up":    { "uv": [ 8, 7.5, 8.75, 7.75 ], "texture": "#texture" },
        "north": { "uv": [ 7.25, 1.25, 8, 2.25 ], "texture": "#texture" },
        "south": { "uv": [ 8, 1.25, 8.75, 2.25 ], "texture": "#texture" },
        "west":  { "uv": [ 7.5, 1.25, 7.75, 2.25 ], "texture": "#texture" },
        "east":  { "uv": [ 8.25, 1.25, 8.5, 2.25 ], "texture": "#texture" }
    }
},
{
    "__comment": "Pick handle",
    "from": [ 8, 0, 7.75 ],
    "to": [ 8.75, 12, 8.25 ],
    "faces": {
        "down":  { "uv": [ 8, 8.25, 7.25, 7.75 ], "texture": "#texture" },
        "up":    { "uv": [ 8, 7.75, 8.75, 8.25 ], "texture": "#texture" },
        "north": { "uv": [ 7.25, 4, 8, 16 ], "texture": "#texture" },
        "south": { "uv": [ 8, 4, 8.75, 16 ], "texture": "#texture" },
        "west":  { "uv": [ 7.75, 4, 8.25, 16 ], "texture": "#texture" },
        "east":  { "uv": [ 7.75, 4, 8.25, 16 ], "texture": "#texture" }
    }
},
{
    "__comment": "Pick handle",
    "from": [ 8, 12.5, 8.25 ],
    "to": [ 8.75, 14.75, 8.5 ],
    "faces": {
        "down":  { "uv": [ 8, 8.5, 7.25, 8.25 ], "texture": "#texture" },
        "up":    { "uv": [ 8, 8.25, 8.75, 8.5 ], "texture": "#texture" },
        "north": { "uv": [ 7.25, 1.25, 8, 3.5 ], "texture": "#texture" },
        "south": { "uv": [ 8, 1.25, 8.75, 3.5 ], "texture": "#texture" },
        "west":  { "uv": [ 8.25, 1.25, 8.5, 3.5 ], "texture": "#texture" },
        "east":  { "uv": [ 7.5, 1.25, 7.75, 3.5 ], "texture": "#texture" }
    }
},
{
    "__comment": "Pick handle",
    "from": [ 8.25, 0, 7.5 ],
    "to": [ 8.5, 0.75, 7.75 ],
    "faces": {
        "down":  { "uv": [ 7.75, 7.75, 7.5, 7.5 ], "texture": "#texture" },
        "up":    { "uv": [ 8.25, 7.5, 8.5, 7.75 ], "texture": "#texture" },
        "north": { "uv": [ 7.5, 15.25, 7.75, 16 ], "texture": "#texture" },
        "south": { "uv": [ 8.25, 15.25, 8.5, 16 ], "texture": "#texture" },
        "west":  { "uv": [ 7.5, 15.25, 7.75, 16 ], "texture": "#texture" },
        "east":  { "uv": [ 8.25, 15.25, 8.5, 16 ], "texture": "#texture" }
    }
},
{
    "__comment": "Pick handle",
    "from": [ 8.25, 11.25, 7.5 ],
    "to": [ 8.5, 13.75, 7.75 ],
    "faces": {
        "down":  { "uv": [ 7.75, 7.75, 7.5, 7.5 ], "texture": "#texture" },
        "up":    { "uv": [ 8.25, 7.5, 8.5, 7.75 ], "texture": "#texture" },
        "north": { "uv": [ 7.5, 2.25, 7.75, 4.75 ], "texture": "#texture" },
        "south": { "uv": [ 8.25, 2.25, 8.5, 4.75 ], "texture": "#texture" },
        "west":  { "uv": [ 7.5, 2.25, 7.75, 4.75 ], "texture": "#texture" },
        "east":  { "uv": [ 8.25, 2.25, 8.5, 4.75 ], "texture": "#texture" }
    }
},
{
    "__comment": "Pick handle",
    "from": [ 8.25, 0, 8.25 ],
    "to": [ 8.5, 0.75, 8.5 ],
    "faces": {
        "down":  { "uv": [ 7.75, 8.5, 7.5, 8.25 ], "texture": "#texture" },
        "up":    { "uv": [ 8.25, 8.25, 8.5, 8.5 ], "texture": "#texture" },
        "north": { "uv": [ 7.5, 15.25, 7.75, 16 ], "texture": "#texture" },
        "south": { "uv": [ 8.25, 15.25, 8.5, 16 ], "texture": "#texture" },
        "west":  { "uv": [ 8.25, 15.25, 8.5, 16 ], "texture": "#texture" },
        "east":  { "uv": [ 7.5, 15.25, 7.75, 16 ], "texture": "#texture" }
    }
},
{
    "__comment": "Pick handle",
    "from": [ 8.25, 11, 8.25 ],
    "to": [ 8.5, 12.5, 8.5 ],
    "faces": {
        "down":  { "uv": [ 7.75, 8.5, 7.5, 8.25 ], "texture": "#texture" },
        "up":    { "uv": [ 8.25, 8.25, 8.5, 8.5 ], "texture": "#texture" },
        "north": { "uv": [ 7.5, 3.5, 7.75, 5 ], "texture": "#texture" },
        "south": { "uv": [ 8.25, 3.5, 8.5, 5 ], "texture": "#texture" },
        "west":  { "uv": [ 8.25, 3.5, 8.5, 5 ], "texture": "#texture" },
        "east":  { "uv": [ 7.5, 3.5, 7.75, 5 ], "texture": "#texture" }
    }
},
{
    "__comment": "Pick handle",
    "from": [ 8.5, 0, 7.5 ],
    "to": [ 8.75, 0.5, 7.75 ],
    "faces": {
        "down":  { "uv": [ 7.5, 7.75, 7.25, 7.5 ], "texture": "#texture" },
        "up":    { "uv": [ 8.5, 7.5, 8.75, 7.75 ], "texture": "#texture" },
        "north": { "uv": [ 7.25, 15.5, 7.5, 16 ], "texture": "#texture" },
        "south": { "uv": [ 8.5, 15.5, 8.75, 16 ], "texture": "#texture" },
        "west":  { "uv": [ 7.5, 15.5, 7.75, 16 ], "texture": "#texture" },
        "east":  { "uv": [ 8.25, 15.5, 8.5, 16 ], "texture": "#texture" }
    }
},
{
    "__comment": "Pick handle",
    "from": [ 8.5, 12, 7.5 ],
    "to": [ 8.75, 13.75, 7.75 ],
    "faces": {
        "down":  { "uv": [ 7.5, 7.75, 7.25, 7.5 ], "texture": "#texture" },
        "up":    { "uv": [ 8.5, 7.5, 8.75, 7.75 ], "texture": "#texture" },
        "north": { "uv": [ 7.25, 2.25, 7.5, 4 ], "texture": "#texture" },
        "south": { "uv": [ 8.5, 2.25, 8.75, 4 ], "texture": "#texture" },
        "west":  { "uv": [ 7.5, 2.25, 7.75, 4 ], "texture": "#texture" },
        "east":  { "uv": [ 8.25, 2.25, 8.5, 4 ], "texture": "#texture" }
    }
},
{
    "__comment": "Pick handle",
    "from": [ 8.5, 0, 8.25 ],
    "to": [ 8.75, 0.5, 8.5 ],
    "faces": {
        "down":  { "uv": [ 7.5, 8.5, 7.25, 8.25 ], "texture": "#texture" },
        "up":    { "uv": [ 8.5, 8.25, 8.75, 8.5 ], "texture": "#texture" },
        "north": { "uv": [ 7.25, 15.5, 7.5, 16 ], "texture": "#texture" },
        "south": { "uv": [ 8.5, 15.5, 8.75, 16 ], "texture": "#texture" },
        "west":  { "uv": [ 8.25, 15.5, 8.5, 16 ], "texture": "#texture" },
        "east":  { "uv": [ 7.5, 15.5, 7.75, 16 ], "texture": "#texture" }
    }
},
{
    "__comment": "Pick handle",
    "from": [ 8.5, 11.5, 8.25 ],
    "to": [ 8.75, 12.5, 8.5 ],
    "faces": {
        "down":  { "uv": [ 7.5, 8.5, 7.25, 8.25 ], "texture": "#texture" },
        "up":    { "uv": [ 8.5, 8.25, 8.75, 8.5 ], "texture": "#texture" },
        "north": { "uv": [ 7.25, 3.5, 7.5, 4.5 ], "texture": "#texture" },
        "south": { "uv": [ 8.5, 3.5, 8.75, 4.5 ], "texture": "#texture" },
        "west":  { "uv": [ 8.25, 3.5, 8.5, 4.5 ], "texture": "#texture" },
        "east":  { "uv": [ 7.5, 3.5, 7.75, 4.5 ], "texture": "#texture" }
    }
},
{
    "__comment": "Pick handle",
    "from": [ 8.75, 14.25, 7.5 ],
    "to": [ 9, 14.75, 7.75 ],
    "faces": {
        "down":  { "uv": [ 7.25, 7.75, 7, 7.5 ], "texture": "#texture" },
        "up":    { "uv": [ 8.75, 7.5, 9, 7.75 ], "texture": "#texture" },
        "north": { "uv": [ 7, 1.25, 7.25, 1.75 ], "texture": "#texture" },
        "south": { "uv": [ 8.75, 1.25, 9, 1.75 ], "texture": "#texture" },
        "west":  { "uv": [ 7.5, 1.25, 7.75, 1.75 ], "texture": "#texture" },
        "east":  { "uv": [ 8.25, 1.25, 8.5, 1.75 ], "texture": "#texture" }
    }
},
{
    "__comment": "Pick handle",
    "from": [ 8.75, 0, 7.75 ],
    "to": [ 9, 0.5, 8.25 ],
    "faces": {
        "down":  { "uv": [ 7.25, 8.25, 7, 7.75 ], "texture": "#texture" },
        "up":    { "uv": [ 8.75, 7.75, 9, 8.25 ], "texture": "#texture" },
        "north": { "uv": [ 7, 15.5, 7.25, 16 ], "texture": "#texture" },
        "south": { "uv": [ 8.75, 15.5, 9, 16 ], "texture": "#texture" },
        "west":  { "uv": [ 7.75, 15.5, 8.25, 16 ], "texture": "#texture" },
        "east":  { "uv": [ 7.75, 15.5, 8.25, 16 ], "texture": "#texture" }
    }
},
{
    "__comment": "Pick handle",
    "from": [ 8.75, 10.75, 7.75 ],
    "to": [ 9, 12, 8.25 ],
    "faces": {
        "down":  { "uv": [ 7.25, 8.25, 7, 7.75 ], "texture": "#texture" },
        "up":    { "uv": [ 8.75, 7.75, 9, 8.25 ], "texture": "#texture" },
        "north": { "uv": [ 7, 4, 7.25, 5.25 ], "texture": "#texture" },
        "south": { "uv": [ 8.75, 4, 9, 5.25 ], "texture": "#texture" },
        "west":  { "uv": [ 7.75, 4, 8.25, 5.25 ], "texture": "#texture" },
        "east":  { "uv": [ 7.75, 4, 8.25, 5.25 ], "texture": "#texture" }
    }
},
{
    "__comment": "Pick handle",
    "from": [ 8.75, 14.5, 8.25 ],
    "to": [ 9, 14.75, 8.5 ],
    "faces": {
        "down":  { "uv": [ 7.25, 8.5, 7, 8.25 ], "texture": "#texture" },
        "up":    { "uv": [ 8.75, 8.25, 9, 8.5 ], "texture": "#texture" },
        "north": { "uv": [ 7, 1.25, 7.25, 1.5 ], "texture": "#texture" },
        "south": { "uv": [ 8.75, 1.25, 9, 1.5 ], "texture": "#texture" },
        "west":  { "uv": [ 8.25, 1.25, 8.5, 1.5 ], "texture": "#texture" },
        "east":  { "uv": [ 7.5, 1.25, 7.75, 1.5 ], "texture": "#texture" }
    }
},
{
    "__comment": "pick balde",
    "from": [ 7.5, 14.75, 7.75 ],
    "to": [ 9.25, 15, 8.25 ],
    "faces": {
        "down":  { "uv": [ 8.5, 8.25, 6.75, 7.75 ], "texture": "#golden pickaxe golden" },
        "up":    { "uv": [ 7.5, 7.75, 9.25, 8.25 ], "texture": "#golden pickaxe golden" },
        "north": { "uv": [ 6.75, 1, 8.5, 1.25 ], "texture": "#golden pickaxe golden" },
        "south": { "uv": [ 7.5, 1, 9.25, 1.25 ], "texture": "#golden pickaxe golden" },
        "west":  { "uv": [ 7.75, 1, 8.25, 1.25 ], "texture": "#golden pickaxe golden" },
        "east":  { "uv": [ 7.75, 1, 8.25, 1.25 ], "texture": "#golden pickaxe golden" }
    }
},
{
    "__comment": "pick blade",
    "from": [ 9.75, 14.75, 7.75 ],
    "to": [ 12.75, 15, 8.25 ],
    "faces": {
        "down":  { "uv": [ 6.25, 8.25, 3.25, 7.75 ], "texture": "#golden pickaxe golden" },
        "up":    { "uv": [ 9.75, 7.75, 12.75, 8.25 ], "texture": "#golden pickaxe golden" },
        "north": { "uv": [ 3.25, 1, 6.25, 1.25 ], "texture": "#golden pickaxe golden" },
        "south": { "uv": [ 9.75, 1, 12.75, 1.25 ], "texture": "#golden pickaxe golden" },
        "west":  { "uv": [ 7.75, 1, 8.25, 1.25 ], "texture": "#golden pickaxe golden" },
        "east":  { "uv": [ 7.75, 1, 8.25, 1.25 ], "texture": "#golden pickaxe golden" }
    }
},
{
    "__comment": "pick blade",
    "from": [ 11.25, 14.5, 7.75 ],
    "to": [ 13.25, 14.75, 8.25 ],
    "faces": {
        "down":  { "uv": [ 4.75, 8.25, 2.75, 7.75 ], "texture": "#golden pickaxe golden" },
        "up":    { "uv": [ 11.25, 7.75, 13.25, 8.25 ], "texture": "#golden pickaxe golden" },
        "north": { "uv": [ 2.75, 1.25, 4.75, 1.5 ], "texture": "#golden pickaxe golden" },
        "south": { "uv": [ 11.25, 1.25, 13.25, 1.5 ], "texture": "#golden pickaxe golden" },
        "west":  { "uv": [ 7.75, 1.25, 8.25, 1.5 ], "texture": "#golden pickaxe golden" },
        "east":  { "uv": [ 7.75, 1.25, 8.25, 1.5 ], "texture": "#golden pickaxe golden" }
    }
},
{
    "__comment": "pick blade",
    "from": [ 7.5, 15.75, 7.75 ],
    "to": [ 9.25, 16, 8.25 ],
    "faces": {
        "down":  { "uv": [ 8.5, 8.25, 6.75, 7.75 ], "texture": "#golden pickaxe golden" },
        "up":    { "uv": [ 7.5, 7.75, 9.25, 8.25 ], "texture": "#golden pickaxe golden" },
        "north": { "uv": [ 6.75, 0, 8.5, 0.25 ], "texture": "#golden pickaxe golden" },
        "south": { "uv": [ 7.5, 0, 9.25, 0.25 ], "texture": "#golden pickaxe golden" },
        "west":  { "uv": [ 7.75, 0, 8.25, 0.25 ], "texture": "#golden pickaxe golden" },
        "east":  { "uv": [ 7.75, 0, 8.25, 0.25 ], "texture": "#golden pickaxe golden" }
    }
},
{
    "__comment": "Pick handle*",
    "from": [ 7.75, 0, 7.75 ],
    "to": [ 8, 0.5, 8.25 ],
    "faces": {
        "down":  { "uv": [ 8.25, 8.25, 8, 7.75 ], "texture": "#texture" },
        "up":    { "uv": [ 7.75, 7.75, 8, 8.25 ], "texture": "#texture" },
        "north": { "uv": [ 8, 15.5, 8.25, 16 ], "texture": "#texture" },
        "south": { "uv": [ 7.75, 15.5, 8, 16 ], "texture": "#texture" },
        "west":  { "uv": [ 7.75, 15.5, 8.25, 16 ], "texture": "#texture" },
        "east":  { "uv": [ 7.75, 15.5, 8.25, 16 ], "texture": "#texture" }
    }
},
{
    "__comment": "Pick handle*",
    "from": [ 8, 0, 7.5 ],
    "to": [ 8.25, 0.5, 7.75 ],
    "faces": {
        "down":  { "uv": [ 8, 7.75, 7.75, 7.5 ], "texture": "#texture" },
        "up":    { "uv": [ 8, 7.5, 8.25, 7.75 ], "texture": "#texture" },
        "north": { "uv": [ 7.75, 15.5, 8, 16 ], "texture": "#texture" },
        "south": { "uv": [ 8, 15.5, 8.25, 16 ], "texture": "#texture" },
        "west":  { "uv": [ 7.5, 15.5, 7.75, 16 ], "texture": "#texture" },
        "east":  { "uv": [ 8.25, 15.5, 8.5, 16 ], "texture": "#texture" }
    }
},
{
    "__comment": "Pick handle*",
    "from": [ 8, 0, 8.25 ],
    "to": [ 8.25, 0.5, 8.5 ],
    "faces": {
        "down":  { "uv": [ 8, 8.5, 7.75, 8.25 ], "texture": "#texture" },
        "up":    { "uv": [ 8, 8.25, 8.25, 8.5 ], "texture": "#texture" },
        "north": { "uv": [ 7.75, 15.5, 8, 16 ], "texture": "#texture" },
        "south": { "uv": [ 8, 15.5, 8.25, 16 ], "texture": "#texture" },
        "west":  { "uv": [ 8.25, 15.5, 8.5, 16 ], "texture": "#texture" },
        "east":  { "uv": [ 7.5, 15.5, 7.75, 16 ], "texture": "#texture" }
    }
},
{
    "__comment": "Pick handle*",
    "from": [ 8.75, 10.25, 7.875 ],
    "to": [ 9, 10.75, 8.125 ],
    "faces": {
        "down":  { "uv": [ 7.25, 8.125, 7, 7.875 ], "texture": "#texture" },
        "up":    { "uv": [ 8.75, 7.875, 9, 8.125 ], "texture": "#texture" },
        "north": { "uv": [ 7, 5.25, 7.25, 5.75 ], "texture": "#texture" },
        "south": { "uv": [ 8.75, 5.25, 9, 5.75 ], "texture": "#texture" },
        "west":  { "uv": [ 7.875, 5.25, 8.125, 5.75 ], "texture": "#texture" },
        "east":  { "uv": [ 7.875, 5.25, 8.125, 5.75 ], "texture": "#texture" }
    }
},
{
    "__comment": "Pick handle*",
    "from": [ 7.75, 10.75, 7.875 ],
    "to": [ 8, 12, 8.125 ],
    "faces": {
        "down":  { "uv": [ 8.25, 8.125, 8, 7.875 ], "texture": "#texture" },
        "up":    { "uv": [ 7.75, 7.875, 8, 8.125 ], "texture": "#texture" },
        "north": { "uv": [ 8, 4, 8.25, 5.25 ], "texture": "#texture" },
        "south": { "uv": [ 7.75, 4, 8, 5.25 ], "texture": "#texture" },
        "west":  { "uv": [ 7.875, 4, 8.125, 5.25 ], "texture": "#texture" },
        "east":  { "uv": [ 7.875, 4, 8.125, 5.25 ], "texture": "#texture" }
    }
},
{
    "__comment": "pick blade*",
    "from": [ 5.75, 15.25, 8.25 ],
    "to": [ 11, 15.5, 8.5 ],
    "faces": {
        "down":  { "uv": [ 10.25, 8.5, 5, 8.25 ], "texture": "#golden pickaxe golden" },
        "up":    { "uv": [ 5.75, 8.25, 11, 8.5 ], "texture": "#golden pickaxe golden" },
        "north": { "uv": [ 5, 0.5, 10.25, 0.75 ], "texture": "#golden pickaxe golden" },
        "south": { "uv": [ 5.75, 0.5, 11, 0.75 ], "texture": "#golden pickaxe golden" },
        "west":  { "uv": [ 8.25, 0.5, 8.5, 0.75 ], "texture": "#golden pickaxe golden" },
        "east":  { "uv": [ 7.5, 0.5, 7.75, 0.75 ], "texture": "#golden pickaxe golden" }
    }
},
{
    "__comment": "pick blade*",
    "from": [ 5.75, 15.25, 7.5 ],
    "to": [ 11, 15.5, 7.75 ],
    "faces": {
        "down":  { "uv": [ 10.25, 7.75, 5, 7.5 ], "texture": "#golden pickaxe golden" },
        "up":    { "uv": [ 5.75, 7.5, 11, 7.75 ], "texture": "#golden pickaxe golden" },
        "north": { "uv": [ 5, 0.5, 10.25, 0.75 ], "texture": "#golden pickaxe golden" },
        "south": { "uv": [ 5.75, 0.5, 11, 0.75 ], "texture": "#golden pickaxe golden" },
        "west":  { "uv": [ 7.5, 0.5, 7.75, 0.75 ], "texture": "#golden pickaxe golden" },
        "east":  { "uv": [ 8.25, 0.5, 8.5, 0.75 ], "texture": "#golden pickaxe golden" }
    }
},
{
    "__comment": "pick blade*",
    "from": [ 5, 15, 7.5 ],
    "to": [ 11.75, 15.25, 7.75 ],
    "faces": {
        "down":  { "uv": [ 11, 7.75, 4.25, 7.5 ], "texture": "#golden pickaxe golden" },
        "up":    { "uv": [ 5, 7.5, 11.75, 7.75 ], "texture": "#golden pickaxe golden" },
        "north": { "uv": [ 4.25, 0.75, 11, 1 ], "texture": "#golden pickaxe golden" },
        "south": { "uv": [ 5, 0.75, 11.75, 1 ], "texture": "#golden pickaxe golden" },
        "west":  { "uv": [ 7.5, 0.75, 7.75, 1 ], "texture": "#golden pickaxe golden" },
        "east":  { "uv": [ 8.25, 0.75, 8.5, 1 ], "texture": "#golden pickaxe golden" }
    }
},
{
    "__comment": "pick blade*",
    "from": [ 5, 15, 8.25 ],
    "to": [ 11.75, 15.25, 8.5 ],
    "faces": {
        "down":  { "uv": [ 11, 8.5, 4.25, 8.25 ], "texture": "#golden pickaxe golden" },
        "up":    { "uv": [ 5, 8.25, 11.75, 8.5 ], "texture": "#golden pickaxe golden" },
        "north": { "uv": [ 4.25, 0.75, 11, 1 ], "texture": "#golden pickaxe golden" },
        "south": { "uv": [ 5, 0.75, 11.75, 1 ], "texture": "#golden pickaxe golden" },
        "west":  { "uv": [ 8.25, 0.75, 8.5, 1 ], "texture": "#golden pickaxe golden" },
        "east":  { "uv": [ 7.5, 0.75, 7.75, 1 ], "texture": "#golden pickaxe golden" }
    }
},
{
    "__comment": "Pick handle*",
    "from": [ 7.75, 14.75, 8.25 ],
    "to": [ 9, 15, 8.5 ],
    "faces": {
        "down":  { "uv": [ 8.25, 8.5, 7, 8.25 ], "texture": "#texture" },
        "up":    { "uv": [ 7.75, 8.25, 9, 8.5 ], "texture": "#texture" },
        "north": { "uv": [ 7, 1, 8.25, 1.25 ], "texture": "#texture" },
        "south": { "uv": [ 7.75, 1, 9, 1.25 ], "texture": "#texture" },
        "west":  { "uv": [ 8.25, 1, 8.5, 1.25 ], "texture": "#texture" },
        "east":  { "uv": [ 7.5, 1, 7.75, 1.25 ], "texture": "#texture" }
    }
},
{
    "__comment": "Pick handle*",
    "from": [ 7.75, 14.75, 7.5 ],
    "to": [ 9, 15, 7.75 ],
    "faces": {
        "down":  { "uv": [ 8.25, 7.75, 7, 7.5 ], "texture": "#texture" },
        "up":    { "uv": [ 7.75, 7.5, 9, 7.75 ], "texture": "#texture" },
        "north": { "uv": [ 7, 1, 8.25, 1.25 ], "texture": "#texture" },
        "south": { "uv": [ 7.75, 1, 9, 1.25 ], "texture": "#texture" },
        "west":  { "uv": [ 7.5, 1, 7.75, 1.25 ], "texture": "#texture" },
        "east":  { "uv": [ 8.25, 1, 8.5, 1.25 ], "texture": "#texture" }
    }
},
{
    "__comment": "Pick handle*",
    "from": [ 11, 14.75, 7.5 ],
    "to": [ 12.25, 15, 7.75 ],
    "faces": {
        "down":  { "uv": [ 5, 7.75, 3.75, 7.5 ], "texture": "#texture" },
        "up":    { "uv": [ 11, 7.5, 12.25, 7.75 ], "texture": "#texture" },
        "north": { "uv": [ 3.75, 1, 5, 1.25 ], "texture": "#texture" },
        "south": { "uv": [ 11, 1, 12.25, 1.25 ], "texture": "#texture" },
        "west":  { "uv": [ 7.5, 1, 7.75, 1.25 ], "texture": "#texture" },
        "east":  { "uv": [ 8.25, 1, 8.5, 1.25 ], "texture": "#texture" }
    }
},
{
    "__comment": "Pick handle*",
    "from": [ 4.5, 14.75, 7.5 ],
    "to": [ 5.75, 15, 7.75 ],
    "faces": {
        "down":  { "uv": [ 11.5, 7.75, 10.25, 7.5 ], "texture": "#texture" },
        "up":    { "uv": [ 4.5, 7.5, 5.75, 7.75 ], "texture": "#texture" },
        "north": { "uv": [ 10.25, 1, 11.5, 1.25 ], "texture": "#texture" },
        "south": { "uv": [ 4.5, 1, 5.75, 1.25 ], "texture": "#texture" },
        "west":  { "uv": [ 7.5, 1, 7.75, 1.25 ], "texture": "#texture" },
        "east":  { "uv": [ 8.25, 1, 8.5, 1.25 ], "texture": "#texture" }
    }
},
{
    "__comment": "Pick handle*",
    "from": [ 11, 14.75, 8.25 ],
    "to": [ 12.25, 15, 8.5 ],
    "faces": {
        "down":  { "uv": [ 5, 8.5, 3.75, 8.25 ], "texture": "#texture" },
        "up":    { "uv": [ 11, 8.25, 12.25, 8.5 ], "texture": "#texture" },
        "north": { "uv": [ 3.75, 1, 5, 1.25 ], "texture": "#texture" },
        "south": { "uv": [ 11, 1, 12.25, 1.25 ], "texture": "#texture" },
        "west":  { "uv": [ 8.25, 1, 8.5, 1.25 ], "texture": "#texture" },
        "east":  { "uv": [ 7.5, 1, 7.75, 1.25 ], "texture": "#texture" }
    }
},
{
    "__comment": "Pick handle*",
    "from": [ 4.5, 14.75, 8.25 ],
    "to": [ 5.75, 15, 8.5 ],
    "faces": {
        "down":  { "uv": [ 11.5, 8.5, 10.25, 8.25 ], "texture": "#texture" },
        "up":    { "uv": [ 4.5, 8.25, 5.75, 8.5 ], "texture": "#texture" },
        "north": { "uv": [ 10.25, 1, 11.5, 1.25 ], "texture": "#texture" },
        "south": { "uv": [ 4.5, 1, 5.75, 1.25 ], "texture": "#texture" },
        "west":  { "uv": [ 8.25, 1, 8.5, 1.25 ], "texture": "#texture" },
        "east":  { "uv": [ 7.5, 1, 7.75, 1.25 ], "texture": "#texture" }
    }
},
{
    "__comment": "pick blade*",
    "from": [ 7, 15.5, 7.5 ],
    "to": [ 9.75, 15.75, 7.75 ],
    "faces": {
        "down":  { "uv": [ 9, 7.75, 6.25, 7.5 ], "texture": "#golden pickaxe golden" },
        "up":    { "uv": [ 7, 7.5, 9.75, 7.75 ], "texture": "#golden pickaxe golden" },
        "north": { "uv": [ 6.25, 0.25, 9, 0.5 ], "texture": "#golden pickaxe golden" },
        "south": { "uv": [ 7, 0.25, 9.75, 0.5 ], "texture": "#golden pickaxe golden" },
        "west":  { "uv": [ 7.5, 0.25, 7.75, 0.5 ], "texture": "#golden pickaxe golden" },
        "east":  { "uv": [ 8.25, 0.25, 8.5, 0.5 ], "texture": "#golden pickaxe golden" }
    }
},
{
    "__comment": "pick blade*",
    "from": [ 7, 15.5, 8.25 ],
    "to": [ 9.75, 15.75, 8.5 ],
    "faces": {
        "down":  { "uv": [ 9, 8.5, 6.25, 8.25 ], "texture": "#golden pickaxe golden" },
        "up":    { "uv": [ 7, 8.25, 9.75, 8.5 ], "texture": "#golden pickaxe golden" },
        "north": { "uv": [ 6.25, 0.25, 9, 0.5 ], "texture": "#golden pickaxe golden" },
        "south": { "uv": [ 7, 0.25, 9.75, 0.5 ], "texture": "#golden pickaxe golden" },
        "west":  { "uv": [ 8.25, 0.25, 8.5, 0.5 ], "texture": "#golden pickaxe golden" },
        "east":  { "uv": [ 7.5, 0.25, 7.75, 0.5 ], "texture": "#golden pickaxe golden" }
    }
}
],
"display": {
    "thirdperson_righthand": {
        "rotation": [ 0, -90, 0 ],
        "translation": [ 0, 6.61, 1.12 ],
        "scale": [ 1.5, 1.5, 1.5 ]
    },
    "thirdperson_lefthand": {
        "rotation": [ 0, 90, 0 ],
        "translation": [ 0, 6.61, 1.13 ],
        "scale": [ 1.5, 1.5, 1.5 ]
    },
    "head": {
        "rotation": [ 3, -38, 71 ],
        "translation": [ 11.91, 6.61, 9.26 ],
        "scale": [ 2, 2, 2 ]
    },
    "ground": {
        "rotation": [ -90, 0, 90 ],
        "translation": [ 0, 0, -2.6 ],
        "scale": [ 1, 1, 1 ]
    },
    "fixed": {
        "rotation": [ 0, 180, 0 ],
        "translation": [ 0, -0.2, -0.6 ],
        "scale": [ 1.2, 1.2, 1.2 ]
    },
    "firstperson_righthand": {
        "rotation": [ -5, -90, 0 ],
        "translation": [ 0.5, 4.3, 0 ],
        "scale": [ 1, 1, 1 ]
    },
    "firstperson_lefthand": {
        "rotation": [ -5, 90, 0 ],
        "translation": [ 0.5, 4.3, 0 ],
        "scale": [ 1, 1, 1 ]
    },
    "gui": {
        "rotation": [ 8, 8, -45 ],
        "translation": [ -1.7, -0.94, 0 ],
        "scale": [ 1.2, 1.2, 1.2 ]
    }
}
}