{
"__comment": "Made by (c) Yannik Pipek. Make sure to inform yourself about my therms of use before using any of my work",
"textures": {
    "particle": "items/wood_axe",
    "texture": "items/wooden axe wood"
},
"elements": [ 
{
    "__comment": "Axe",
    "from": [ 5, 13.5, 7.5 ],
    "to": [ 7.75, 15.75, 8.5 ],
    "faces": {
        "down":  { "uv": [ 11, 8.5, 8.25, 7.5 ], "texture": "#texture" },
        "up":    { "uv": [ 5, 7.5, 7.75, 8.5 ], "texture": "#texture" },
        "north": { "uv": [ 8.25, 0.25, 11, 2.5 ], "texture": "#texture" },
        "south": { "uv": [ 5, 0.25, 7.75, 2.5 ], "texture": "#texture" },
        "west":  { "uv": [ 7.5, 0.25, 8.5, 2.5 ], "texture": "#texture" },
        "east":  { "uv": [ 7.5, 0.25, 8.5, 2.5 ], "texture": "#texture" }
    }
},
{
    "__comment": "Axe",
    "from": [ 6, 13.25, 7.75 ],
    "to": [ 8, 13.5, 8.25 ],
    "faces": {
        "down":  { "uv": [ 10, 8.25, 8, 7.75 ], "texture": "#texture" },
        "up":    { "uv": [ 6, 7.75, 8, 8.25 ], "texture": "#texture" },
        "north": { "uv": [ 8, 2.5, 10, 2.75 ], "texture": "#texture" },
        "south": { "uv": [ 6, 2.5, 8, 2.75 ], "texture": "#texture" },
        "west":  { "uv": [ 7.75, 2.5, 8.25, 2.75 ], "texture": "#texture" },
        "east":  { "uv": [ 7.75, 2.5, 8.25, 2.75 ], "texture": "#texture" }
    }
},
{
    "__comment": "Axe",
    "from": [ 6, 15.75, 7.75 ],
    "to": [ 8, 16, 8.25 ],
    "faces": {
        "down":  { "uv": [ 10, 8.25, 8, 7.75 ], "texture": "#texture" },
        "up":    { "uv": [ 6, 7.75, 8, 8.25 ], "texture": "#texture" },
        "north": { "uv": [ 8, 0, 10, 0.25 ], "texture": "#texture" },
        "south": { "uv": [ 6, 0, 8, 0.25 ], "texture": "#texture" },
        "west":  { "uv": [ 7.75, 0, 8.25, 0.25 ], "texture": "#texture" },
        "east":  { "uv": [ 7.75, 0, 8.25, 0.25 ], "texture": "#texture" }
    }
},
{
    "__comment": "Axe",
    "from": [ 6.25, 13.25, 7.5 ],
    "to": [ 7.75, 13.5, 7.75 ],
    "faces": {
        "down":  { "uv": [ 9.75, 7.75, 8.25, 7.5 ], "texture": "#texture" },
        "up":    { "uv": [ 6.25, 7.5, 7.75, 7.75 ], "texture": "#texture" },
        "north": { "uv": [ 8.25, 2.5, 9.75, 2.75 ], "texture": "#texture" },
        "south": { "uv": [ 6.25, 2.5, 7.75, 2.75 ], "texture": "#texture" },
        "west":  { "uv": [ 7.5, 2.5, 7.75, 2.75 ], "texture": "#texture" },
        "east":  { "uv": [ 8.25, 2.5, 8.5, 2.75 ], "texture": "#texture" }
    }
},
{
    "__comment": "Axe",
    "from": [ 6.25, 15.75, 7.5 ],
    "to": [ 7, 16, 7.75 ],
    "faces": {
        "down":  { "uv": [ 9.75, 7.75, 9, 7.5 ], "texture": "#texture" },
        "up":    { "uv": [ 6.25, 7.5, 7, 7.75 ], "texture": "#texture" },
        "north": { "uv": [ 9, 0, 9.75, 0.25 ], "texture": "#texture" },
        "south": { "uv": [ 6.25, 0, 7, 0.25 ], "texture": "#texture" },
        "west":  { "uv": [ 7.5, 0, 7.75, 0.25 ], "texture": "#texture" },
        "east":  { "uv": [ 8.25, 0, 8.5, 0.25 ], "texture": "#texture" }
    }
},
{
    "__comment": "Axe",
    "from": [ 6.25, 10.5, 7.75 ],
    "to": [ 8, 13.25, 8.25 ],
    "faces": {
        "down":  { "uv": [ 9.75, 8.25, 8, 7.75 ], "texture": "#texture" },
        "up":    { "uv": [ 6.25, 7.75, 8, 8.25 ], "texture": "#texture" },
        "north": { "uv": [ 8, 2.75, 9.75, 5.5 ], "texture": "#texture" },
        "south": { "uv": [ 6.25, 2.75, 8, 5.5 ], "texture": "#texture" },
        "west":  { "uv": [ 7.75, 2.75, 8.25, 5.5 ], "texture": "#texture" },
        "east":  { "uv": [ 7.75, 2.75, 8.25, 5.5 ], "texture": "#texture" }
    }
},
{
    "__comment": "Axe",
    "from": [ 6.25, 13.25, 8.25 ],
    "to": [ 7.75, 13.5, 8.5 ],
    "faces": {
        "down":  { "uv": [ 9.75, 8.5, 8.25, 8.25 ], "texture": "#texture" },
        "up":    { "uv": [ 6.25, 8.25, 7.75, 8.5 ], "texture": "#texture" },
        "north": { "uv": [ 8.25, 2.5, 9.75, 2.75 ], "texture": "#texture" },
        "south": { "uv": [ 6.25, 2.5, 7.75, 2.75 ], "texture": "#texture" },
        "west":  { "uv": [ 8.25, 2.5, 8.5, 2.75 ], "texture": "#texture" },
        "east":  { "uv": [ 7.5, 2.5, 7.75, 2.75 ], "texture": "#texture" }
    }
},
{
    "__comment": "Axe",
    "from": [ 6.25, 15.75, 8.25 ],
    "to": [ 7.5, 16, 8.5 ],
    "faces": {
        "down":  { "uv": [ 9.75, 8.5, 8.5, 8.25 ], "texture": "#texture" },
        "up":    { "uv": [ 6.25, 8.25, 7.5, 8.5 ], "texture": "#texture" },
        "north": { "uv": [ 8.5, 0, 9.75, 0.25 ], "texture": "#texture" },
        "south": { "uv": [ 6.25, 0, 7.5, 0.25 ], "texture": "#texture" },
        "west":  { "uv": [ 8.25, 0, 8.5, 0.25 ], "texture": "#texture" },
        "east":  { "uv": [ 7.5, 0, 7.75, 0.25 ], "texture": "#texture" }
    }
},
{
    "__comment": "Axe",
    "from": [ 6.5, 9.75, 7.5 ],
    "to": [ 8, 10.5, 8.5 ],
    "faces": {
        "down":  { "uv": [ 9.5, 8.5, 8, 7.5 ], "texture": "#texture" },
        "up":    { "uv": [ 6.5, 7.5, 8, 8.5 ], "texture": "#texture" },
        "north": { "uv": [ 8, 5.5, 9.5, 6.25 ], "texture": "#texture" },
        "south": { "uv": [ 6.5, 5.5, 8, 6.25 ], "texture": "#texture" },
        "west":  { "uv": [ 7.5, 5.5, 8.5, 6.25 ], "texture": "#texture" },
        "east":  { "uv": [ 7.5, 5.5, 8.5, 6.25 ], "texture": "#texture" }
    }
},
{
    "__comment": "Axe",
    "from": [ 6.5, 10.5, 7.5 ],
    "to": [ 7.75, 13.25, 7.75 ],
    "faces": {
        "down":  { "uv": [ 9.5, 7.75, 8.25, 7.5 ], "texture": "#texture" },
        "up":    { "uv": [ 6.5, 7.5, 7.75, 7.75 ], "texture": "#texture" },
        "north": { "uv": [ 8.25, 2.75, 9.5, 5.5 ], "texture": "#texture" },
        "south": { "uv": [ 6.5, 2.75, 7.75, 5.5 ], "texture": "#texture" },
        "west":  { "uv": [ 7.5, 2.75, 7.75, 5.5 ], "texture": "#texture" },
        "east":  { "uv": [ 8.25, 2.75, 8.5, 5.5 ], "texture": "#texture" }
    }
},
{
    "__comment": "Axe",
    "from": [ 6.5, 8.25, 7.75 ],
    "to": [ 8.25, 9.75, 8.25 ],
    "faces": {
        "down":  { "uv": [ 9.5, 8.25, 7.75, 7.75 ], "texture": "#texture" },
        "up":    { "uv": [ 6.5, 7.75, 8.25, 8.25 ], "texture": "#texture" },
        "north": { "uv": [ 7.75, 6.25, 9.5, 7.75 ], "texture": "#texture" },
        "south": { "uv": [ 6.5, 6.25, 8.25, 7.75 ], "texture": "#texture" },
        "west":  { "uv": [ 7.75, 6.25, 8.25, 7.75 ], "texture": "#texture" },
        "east":  { "uv": [ 7.75, 6.25, 8.25, 7.75 ], "texture": "#texture" }
    }
},
{
    "__comment": "Axe",
    "from": [ 6.5, 10.5, 8.25 ],
    "to": [ 7.75, 13.25, 8.5 ],
    "faces": {
        "down":  { "uv": [ 9.5, 8.5, 8.25, 8.25 ], "texture": "#texture" },
        "up":    { "uv": [ 6.5, 8.25, 7.75, 8.5 ], "texture": "#texture" },
        "north": { "uv": [ 8.25, 2.75, 9.5, 5.5 ], "texture": "#texture" },
        "south": { "uv": [ 6.5, 2.75, 7.75, 5.5 ], "texture": "#texture" },
        "west":  { "uv": [ 8.25, 2.75, 8.5, 5.5 ], "texture": "#texture" },
        "east":  { "uv": [ 7.5, 2.75, 7.75, 5.5 ], "texture": "#texture" }
    }
},
{
    "__comment": "Axe",
    "from": [ 6.75, 6.5, 7.5 ],
    "to": [ 8.25, 8.25, 8.25 ],
    "faces": {
        "down":  { "uv": [ 9.25, 8.25, 7.75, 7.5 ], "texture": "#texture" },
        "up":    { "uv": [ 6.75, 7.5, 8.25, 8.25 ], "texture": "#texture" },
        "north": { "uv": [ 7.75, 7.75, 9.25, 9.5 ], "texture": "#texture" },
        "south": { "uv": [ 6.75, 7.75, 8.25, 9.5 ], "texture": "#texture" },
        "west":  { "uv": [ 7.5, 7.75, 8.25, 9.5 ], "texture": "#texture" },
        "east":  { "uv": [ 7.75, 7.75, 8.5, 9.5 ], "texture": "#texture" }
    }
},
{
    "__comment": "Axe",
    "from": [ 6.75, 8.25, 7.5 ],
    "to": [ 8, 9.75, 7.75 ],
    "faces": {
        "down":  { "uv": [ 9.25, 7.75, 8, 7.5 ], "texture": "#texture" },
        "up":    { "uv": [ 6.75, 7.5, 8, 7.75 ], "texture": "#texture" },
        "north": { "uv": [ 8, 6.25, 9.25, 7.75 ], "texture": "#texture" },
        "south": { "uv": [ 6.75, 6.25, 8, 7.75 ], "texture": "#texture" },
        "west":  { "uv": [ 7.5, 6.25, 7.75, 7.75 ], "texture": "#texture" },
        "east":  { "uv": [ 8.25, 6.25, 8.5, 7.75 ], "texture": "#texture" }
    }
},
{
    "__comment": "Axe",
    "from": [ 6.75, 5.75, 7.75 ],
    "to": [ 8.5, 6.5, 8.25 ],
    "faces": {
        "down":  { "uv": [ 9.25, 8.25, 7.5, 7.75 ], "texture": "#texture" },
        "up":    { "uv": [ 6.75, 7.75, 8.5, 8.25 ], "texture": "#texture" },
        "north": { "uv": [ 7.5, 9.5, 9.25, 10.25 ], "texture": "#texture" },
        "south": { "uv": [ 6.75, 9.5, 8.5, 10.25 ], "texture": "#texture" },
        "west":  { "uv": [ 7.75, 9.5, 8.25, 10.25 ], "texture": "#texture" },
        "east":  { "uv": [ 7.75, 9.5, 8.25, 10.25 ], "texture": "#texture" }
    }
},
{
    "__comment": "Axe",
    "from": [ 6.75, 7, 8.25 ],
    "to": [ 8, 9.75, 8.5 ],
    "faces": {
        "down":  { "uv": [ 9.25, 8.5, 8, 8.25 ], "texture": "#texture" },
        "up":    { "uv": [ 6.75, 8.25, 8, 8.5 ], "texture": "#texture" },
        "north": { "uv": [ 8, 6.25, 9.25, 9 ], "texture": "#texture" },
        "south": { "uv": [ 6.75, 6.25, 8, 9 ], "texture": "#texture" },
        "west":  { "uv": [ 8.25, 6.25, 8.5, 9 ], "texture": "#texture" },
        "east":  { "uv": [ 7.5, 6.25, 7.75, 9 ], "texture": "#texture" }
    }
},
{
    "__comment": "Axe",
    "from": [ 7, 4.5, 7.5 ],
    "to": [ 8.5, 5.75, 8.25 ],
    "faces": {
        "down":  { "uv": [ 9, 8.25, 7.5, 7.5 ], "texture": "#texture" },
        "up":    { "uv": [ 7, 7.5, 8.5, 8.25 ], "texture": "#texture" },
        "north": { "uv": [ 7.5, 10.25, 9, 11.5 ], "texture": "#texture" },
        "south": { "uv": [ 7, 10.25, 8.5, 11.5 ], "texture": "#texture" },
        "west":  { "uv": [ 7.5, 10.25, 8.25, 11.5 ], "texture": "#texture" },
        "east":  { "uv": [ 7.75, 10.25, 8.5, 11.5 ], "texture": "#texture" }
    }
},
{
    "__comment": "Axe",
    "from": [ 7, 5.75, 7.5 ],
    "to": [ 8.25, 6.5, 7.75 ],
    "faces": {
        "down":  { "uv": [ 9, 7.75, 7.75, 7.5 ], "texture": "#texture" },
        "up":    { "uv": [ 7, 7.5, 8.25, 7.75 ], "texture": "#texture" },
        "north": { "uv": [ 7.75, 9.5, 9, 10.25 ], "texture": "#texture" },
        "south": { "uv": [ 7, 9.5, 8.25, 10.25 ], "texture": "#texture" },
        "west":  { "uv": [ 7.5, 9.5, 7.75, 10.25 ], "texture": "#texture" },
        "east":  { "uv": [ 8.25, 9.5, 8.5, 10.25 ], "texture": "#texture" }
    }
},
{
    "__comment": "Axe",
    "from": [ 7, 4, 7.75 ],
    "to": [ 8.75, 4.5, 8.25 ],
    "faces": {
        "down":  { "uv": [ 9, 8.25, 7.25, 7.75 ], "texture": "#texture" },
        "up":    { "uv": [ 7, 7.75, 8.75, 8.25 ], "texture": "#texture" },
        "north": { "uv": [ 7.25, 11.5, 9, 12 ], "texture": "#texture" },
        "south": { "uv": [ 7, 11.5, 8.75, 12 ], "texture": "#texture" },
        "west":  { "uv": [ 7.75, 11.5, 8.25, 12 ], "texture": "#texture" },
        "east":  { "uv": [ 7.75, 11.5, 8.25, 12 ], "texture": "#texture" }
    }
},
{
    "__comment": "Axe",
    "from": [ 7, 5, 8.25 ],
    "to": [ 8.25, 7, 8.5 ],
    "faces": {
        "down":  { "uv": [ 9, 8.5, 7.75, 8.25 ], "texture": "#texture" },
        "up":    { "uv": [ 7, 8.25, 8.25, 8.5 ], "texture": "#texture" },
        "north": { "uv": [ 7.75, 9, 9, 11 ], "texture": "#texture" },
        "south": { "uv": [ 7, 9, 8.25, 11 ], "texture": "#texture" },
        "west":  { "uv": [ 8.25, 9, 8.5, 11 ], "texture": "#texture" },
        "east":  { "uv": [ 7.5, 9, 7.75, 11 ], "texture": "#texture" }
    }
},
{
    "__comment": "Axe",
    "from": [ 7.25, 3.25, 7.5 ],
    "to": [ 8.75, 4, 8.25 ],
    "faces": {
        "down":  { "uv": [ 8.75, 8.25, 7.25, 7.5 ], "texture": "#texture" },
        "up":    { "uv": [ 7.25, 7.5, 8.75, 8.25 ], "texture": "#texture" },
        "north": { "uv": [ 7.25, 12, 8.75, 12.75 ], "texture": "#texture" },
        "south": { "uv": [ 7.25, 12, 8.75, 12.75 ], "texture": "#texture" },
        "west":  { "uv": [ 7.5, 12, 8.25, 12.75 ], "texture": "#texture" },
        "east":  { "uv": [ 7.75, 12, 8.5, 12.75 ], "texture": "#texture" }
    }
},
{
    "__comment": "Axe",
    "from": [ 7.25, 4, 7.5 ],
    "to": [ 8.5, 4.5, 7.75 ],
    "faces": {
        "down":  { "uv": [ 8.75, 7.75, 7.5, 7.5 ], "texture": "#texture" },
        "up":    { "uv": [ 7.25, 7.5, 8.5, 7.75 ], "texture": "#texture" },
        "north": { "uv": [ 7.5, 11.5, 8.75, 12 ], "texture": "#texture" },
        "south": { "uv": [ 7.25, 11.5, 8.5, 12 ], "texture": "#texture" },
        "west":  { "uv": [ 7.5, 11.5, 7.75, 12 ], "texture": "#texture" },
        "east":  { "uv": [ 8.25, 11.5, 8.5, 12 ], "texture": "#texture" }
    }
},
{
    "__comment": "Axe",
    "from": [ 7.25, 2.5, 7.75 ],
    "to": [ 9, 3.25, 8.25 ],
    "faces": {
        "down":  { "uv": [ 8.75, 8.25, 7, 7.75 ], "texture": "#texture" },
        "up":    { "uv": [ 7.25, 7.75, 9, 8.25 ], "texture": "#texture" },
        "north": { "uv": [ 7, 12.75, 8.75, 13.5 ], "texture": "#texture" },
        "south": { "uv": [ 7.25, 12.75, 9, 13.5 ], "texture": "#texture" },
        "west":  { "uv": [ 7.75, 12.75, 8.25, 13.5 ], "texture": "#texture" },
        "east":  { "uv": [ 7.75, 12.75, 8.25, 13.5 ], "texture": "#texture" }
    }
},
{
    "__comment": "Axe",
    "from": [ 7.25, 3.5, 8.25 ],
    "to": [ 8.5, 5, 8.5 ],
    "faces": {
        "down":  { "uv": [ 8.75, 8.5, 7.5, 8.25 ], "texture": "#texture" },
        "up":    { "uv": [ 7.25, 8.25, 8.5, 8.5 ], "texture": "#texture" },
        "north": { "uv": [ 7.5, 11, 8.75, 12.5 ], "texture": "#texture" },
        "south": { "uv": [ 7.25, 11, 8.5, 12.5 ], "texture": "#texture" },
        "west":  { "uv": [ 8.25, 11, 8.5, 12.5 ], "texture": "#texture" },
        "east":  { "uv": [ 7.5, 11, 7.75, 12.5 ], "texture": "#texture" }
    }
},
{
    "__comment": "Axe",
    "from": [ 7.5, 1.75, 7.5 ],
    "to": [ 9.25, 2.5, 8.25 ],
    "faces": {
        "down":  { "uv": [ 8.5, 8.25, 6.75, 7.5 ], "texture": "#texture" },
        "up":    { "uv": [ 7.5, 7.5, 9.25, 8.25 ], "texture": "#texture" },
        "north": { "uv": [ 6.75, 13.5, 8.5, 14.25 ], "texture": "#texture" },
        "south": { "uv": [ 7.5, 13.5, 9.25, 14.25 ], "texture": "#texture" },
        "west":  { "uv": [ 7.5, 13.5, 8.25, 14.25 ], "texture": "#texture" },
        "east":  { "uv": [ 7.75, 13.5, 8.5, 14.25 ], "texture": "#texture" }
    }
},
{
    "__comment": "Axe",
    "from": [ 7.5, 2.5, 7.5 ],
    "to": [ 8.75, 3.25, 7.75 ],
    "faces": {
        "down":  { "uv": [ 8.5, 7.75, 7.25, 7.5 ], "texture": "#texture" },
        "up":    { "uv": [ 7.5, 7.5, 8.75, 7.75 ], "texture": "#texture" },
        "north": { "uv": [ 7.25, 12.75, 8.5, 13.5 ], "texture": "#texture" },
        "south": { "uv": [ 7.5, 12.75, 8.75, 13.5 ], "texture": "#texture" },
        "west":  { "uv": [ 7.5, 12.75, 7.75, 13.5 ], "texture": "#texture" },
        "east":  { "uv": [ 8.25, 12.75, 8.5, 13.5 ], "texture": "#texture" }
    }
},
{
    "__comment": "Axe",
    "from": [ 7.5, 1.25, 7.75 ],
    "to": [ 9.75, 1.75, 8.25 ],
    "faces": {
        "down":  { "uv": [ 8.5, 8.25, 6.25, 7.75 ], "texture": "#texture" },
        "up":    { "uv": [ 7.5, 7.75, 9.75, 8.25 ], "texture": "#texture" },
        "north": { "uv": [ 6.25, 14.25, 8.5, 14.75 ], "texture": "#texture" },
        "south": { "uv": [ 7.5, 14.25, 9.75, 14.75 ], "texture": "#texture" },
        "west":  { "uv": [ 7.75, 14.25, 8.25, 14.75 ], "texture": "#texture" },
        "east":  { "uv": [ 7.75, 14.25, 8.25, 14.75 ], "texture": "#texture" }
    }
},
{
    "__comment": "Axe",
    "from": [ 7.5, 2, 8.25 ],
    "to": [ 8.75, 3.5, 8.5 ],
    "faces": {
        "down":  { "uv": [ 8.5, 8.5, 7.25, 8.25 ], "texture": "#texture" },
        "up":    { "uv": [ 7.5, 8.25, 8.75, 8.5 ], "texture": "#texture" },
        "north": { "uv": [ 7.25, 12.5, 8.5, 14 ], "texture": "#texture" },
        "south": { "uv": [ 7.5, 12.5, 8.75, 14 ], "texture": "#texture" },
        "west":  { "uv": [ 8.25, 12.5, 8.5, 14 ], "texture": "#texture" },
        "east":  { "uv": [ 7.5, 12.5, 7.75, 14 ], "texture": "#texture" }
    }
},
{
    "__comment": "Axe",
    "from": [ 7.75, 2, 7.25 ],
    "to": [ 8.75, 2.75, 7.5 ],
    "faces": {
        "down":  { "uv": [ 8.25, 7.5, 7.25, 7.25 ], "texture": "#texture" },
        "up":    { "uv": [ 7.75, 7.25, 8.75, 7.5 ], "texture": "#texture" },
        "north": { "uv": [ 7.25, 13.25, 8.25, 14 ], "texture": "#texture" },
        "south": { "uv": [ 7.75, 13.25, 8.75, 14 ], "texture": "#texture" },
        "west":  { "uv": [ 7.25, 13.25, 7.5, 14 ], "texture": "#texture" },
        "east":  { "uv": [ 8.5, 13.25, 8.75, 14 ], "texture": "#texture" }
    }
},
{
    "__comment": "Axe",
    "from": [ 7.75, 0.75, 7.5 ],
    "to": [ 10, 1.25, 8.25 ],
    "faces": {
        "down":  { "uv": [ 8.25, 8.25, 6, 7.5 ], "texture": "#texture" },
        "up":    { "uv": [ 7.75, 7.5, 10, 8.25 ], "texture": "#texture" },
        "north": { "uv": [ 6, 14.75, 8.25, 15.25 ], "texture": "#texture" },
        "south": { "uv": [ 7.75, 14.75, 10, 15.25 ], "texture": "#texture" },
        "west":  { "uv": [ 7.5, 14.75, 8.25, 15.25 ], "texture": "#texture" },
        "east":  { "uv": [ 7.75, 14.75, 8.5, 15.25 ], "texture": "#texture" }
    }
},
{
    "__comment": "Axe",
    "from": [ 7.75, 1.25, 7.5 ],
    "to": [ 9.75, 1.75, 7.75 ],
    "faces": {
        "down":  { "uv": [ 8.25, 7.75, 6.25, 7.5 ], "texture": "#texture" },
        "up":    { "uv": [ 7.75, 7.5, 9.75, 7.75 ], "texture": "#texture" },
        "north": { "uv": [ 6.25, 14.25, 8.25, 14.75 ], "texture": "#texture" },
        "south": { "uv": [ 7.75, 14.25, 9.75, 14.75 ], "texture": "#texture" },
        "west":  { "uv": [ 7.5, 14.25, 7.75, 14.75 ], "texture": "#texture" },
        "east":  { "uv": [ 8.25, 14.25, 8.5, 14.75 ], "texture": "#texture" }
    }
},
{
    "__comment": "Axe",
    "from": [ 7.75, 10.5, 7.5 ],
    "to": [ 8, 11, 7.75 ],
    "faces": {
        "down":  { "uv": [ 8.25, 7.75, 8, 7.5 ], "texture": "#texture" },
        "up":    { "uv": [ 7.75, 7.5, 8, 7.75 ], "texture": "#texture" },
        "north": { "uv": [ 8, 5, 8.25, 5.5 ], "texture": "#texture" },
        "south": { "uv": [ 7.75, 5, 8, 5.5 ], "texture": "#texture" },
        "west":  { "uv": [ 7.5, 5, 7.75, 5.5 ], "texture": "#texture" },
        "east":  { "uv": [ 8.25, 5, 8.5, 5.5 ], "texture": "#texture" }
    }
},
{
    "__comment": "Axe",
    "from": [ 7.75, 13.75, 7.5 ],
    "to": [ 8, 15, 8.5 ],
    "faces": {
        "down":  { "uv": [ 8.25, 8.5, 8, 7.5 ], "texture": "#texture" },
        "up":    { "uv": [ 7.75, 7.5, 8, 8.5 ], "texture": "#texture" },
        "north": { "uv": [ 8, 1, 8.25, 2.25 ], "texture": "#texture" },
        "south": { "uv": [ 7.75, 1, 8, 2.25 ], "texture": "#texture" },
        "west":  { "uv": [ 7.5, 1, 8.5, 2.25 ], "texture": "#texture" },
        "east":  { "uv": [ 7.5, 1, 8.5, 2.25 ], "texture": "#texture" }
    }
},
{
    "__comment": "Axe",
    "from": [ 7.75, 0.25, 7.75 ],
    "to": [ 9.5, 0.75, 8.25 ],
    "faces": {
        "down":  { "uv": [ 8.25, 8.25, 6.5, 7.75 ], "texture": "#texture" },
        "up":    { "uv": [ 7.75, 7.75, 9.5, 8.25 ], "texture": "#texture" },
        "north": { "uv": [ 6.5, 15.25, 8.25, 15.75 ], "texture": "#texture" },
        "south": { "uv": [ 7.75, 15.25, 9.5, 15.75 ], "texture": "#texture" },
        "west":  { "uv": [ 7.75, 15.25, 8.25, 15.75 ], "texture": "#texture" },
        "east":  { "uv": [ 7.75, 15.25, 8.25, 15.75 ], "texture": "#texture" }
    }
},
{
    "__comment": "Axe",
    "from": [ 7.75, 13.5, 7.75 ],
    "to": [ 8, 13.75, 8.25 ],
    "faces": {
        "down":  { "uv": [ 8.25, 8.25, 8, 7.75 ], "texture": "#texture" },
        "up":    { "uv": [ 7.75, 7.75, 8, 8.25 ], "texture": "#texture" },
        "north": { "uv": [ 8, 2.25, 8.25, 2.5 ], "texture": "#texture" },
        "south": { "uv": [ 7.75, 2.25, 8, 2.5 ], "texture": "#texture" },
        "west":  { "uv": [ 7.75, 2.25, 8.25, 2.5 ], "texture": "#texture" },
        "east":  { "uv": [ 7.75, 2.25, 8.25, 2.5 ], "texture": "#texture" }
    }
},
{
    "__comment": "Axe",
    "from": [ 7.75, 15, 7.75 ],
    "to": [ 9, 15.75, 8.5 ],
    "faces": {
        "down":  { "uv": [ 8.25, 8.5, 7, 7.75 ], "texture": "#texture" },
        "up":    { "uv": [ 7.75, 7.75, 9, 8.5 ], "texture": "#texture" },
        "north": { "uv": [ 7, 0.25, 8.25, 1 ], "texture": "#texture" },
        "south": { "uv": [ 7.75, 0.25, 9, 1 ], "texture": "#texture" },
        "west":  { "uv": [ 7.75, 0.25, 8.5, 1 ], "texture": "#texture" },
        "east":  { "uv": [ 7.5, 0.25, 8.25, 1 ], "texture": "#texture" }
    }
},
{
    "__comment": "Axe",
    "from": [ 7.75, 1, 8.25 ],
    "to": [ 9.5, 2, 8.5 ],
    "faces": {
        "down":  { "uv": [ 8.25, 8.5, 6.5, 8.25 ], "texture": "#texture" },
        "up":    { "uv": [ 7.75, 8.25, 9.5, 8.5 ], "texture": "#texture" },
        "north": { "uv": [ 6.5, 14, 8.25, 15 ], "texture": "#texture" },
        "south": { "uv": [ 7.75, 14, 9.5, 15 ], "texture": "#texture" },
        "west":  { "uv": [ 8.25, 14, 8.5, 15 ], "texture": "#texture" },
        "east":  { "uv": [ 7.5, 14, 7.75, 15 ], "texture": "#texture" }
    }
},
{
    "__comment": "Axe",
    "from": [ 7.75, 10.5, 8.25 ],
    "to": [ 8, 11, 8.5 ],
    "faces": {
        "down":  { "uv": [ 8.25, 8.5, 8, 8.25 ], "texture": "#texture" },
        "up":    { "uv": [ 7.75, 8.25, 8, 8.5 ], "texture": "#texture" },
        "north": { "uv": [ 8, 5, 8.25, 5.5 ], "texture": "#texture" },
        "south": { "uv": [ 7.75, 5, 8, 5.5 ], "texture": "#texture" },
        "west":  { "uv": [ 8.25, 5, 8.5, 5.5 ], "texture": "#texture" },
        "east":  { "uv": [ 7.5, 5, 7.75, 5.5 ], "texture": "#texture" }
    }
},
{
    "__comment": "Axe",
    "from": [ 8, 1, 7.25 ],
    "to": [ 9.25, 2, 7.5 ],
    "faces": {
        "down":  { "uv": [ 8, 7.5, 6.75, 7.25 ], "texture": "#texture" },
        "up":    { "uv": [ 8, 7.25, 9.25, 7.5 ], "texture": "#texture" },
        "north": { "uv": [ 6.75, 14, 8, 15 ], "texture": "#texture" },
        "south": { "uv": [ 8, 14, 9.25, 15 ], "texture": "#texture" },
        "west":  { "uv": [ 7.25, 14, 7.5, 15 ], "texture": "#texture" },
        "east":  { "uv": [ 8.5, 14, 8.75, 15 ], "texture": "#texture" }
    }
},
{
    "__comment": "Axe",
    "from": [ 8, 2.75, 7.25 ],
    "to": [ 8.25, 5, 7.5 ],
    "faces": {
        "down":  { "uv": [ 8, 7.5, 7.75, 7.25 ], "texture": "#texture" },
        "up":    { "uv": [ 8, 7.25, 8.25, 7.5 ], "texture": "#texture" },
        "north": { "uv": [ 7.75, 11, 8, 13.25 ], "texture": "#texture" },
        "south": { "uv": [ 8, 11, 8.25, 13.25 ], "texture": "#texture" },
        "west":  { "uv": [ 7.25, 11, 7.5, 13.25 ], "texture": "#texture" },
        "east":  { "uv": [ 8.5, 11, 8.75, 13.25 ], "texture": "#texture" }
    }
},
{
    "__comment": "Axe",
    "from": [ 8, 0.25, 7.5 ],
    "to": [ 9.5, 0.75, 7.75 ],
    "faces": {
        "down":  { "uv": [ 8, 7.75, 6.5, 7.5 ], "texture": "#texture" },
        "up":    { "uv": [ 8, 7.5, 9.5, 7.75 ], "texture": "#texture" },
        "north": { "uv": [ 6.5, 15.25, 8, 15.75 ], "texture": "#texture" },
        "south": { "uv": [ 8, 15.25, 9.5, 15.75 ], "texture": "#texture" },
        "west":  { "uv": [ 7.5, 15.25, 7.75, 15.75 ], "texture": "#texture" },
        "east":  { "uv": [ 8.25, 15.25, 8.5, 15.75 ], "texture": "#texture" }
    }
},
{
    "__comment": "Axe",
    "from": [ 8, 8.25, 7.5 ],
    "to": [ 8.25, 8.75, 7.75 ],
    "faces": {
        "down":  { "uv": [ 8, 7.75, 7.75, 7.5 ], "texture": "#texture" },
        "up":    { "uv": [ 8, 7.5, 8.25, 7.75 ], "texture": "#texture" },
        "north": { "uv": [ 7.75, 7.25, 8, 7.75 ], "texture": "#texture" },
        "south": { "uv": [ 8, 7.25, 8.25, 7.75 ], "texture": "#texture" },
        "west":  { "uv": [ 7.5, 7.25, 7.75, 7.75 ], "texture": "#texture" },
        "east":  { "uv": [ 8.25, 7.25, 8.5, 7.75 ], "texture": "#texture" }
    }
},
{
    "__comment": "Axe",
    "from": [ 8, 0, 7.75 ],
    "to": [ 9, 0.25, 8.25 ],
    "faces": {
        "down":  { "uv": [ 8, 8.25, 7, 7.75 ], "texture": "#texture" },
        "up":    { "uv": [ 8, 7.75, 9, 8.25 ], "texture": "#texture" },
        "north": { "uv": [ 7, 15.75, 8, 16 ], "texture": "#texture" },
        "south": { "uv": [ 8, 15.75, 9, 16 ], "texture": "#texture" },
        "west":  { "uv": [ 7.75, 15.75, 8.25, 16 ], "texture": "#texture" },
        "east":  { "uv": [ 7.75, 15.75, 8.25, 16 ], "texture": "#texture" }
    }
},
{
    "__comment": "Axe",
    "from": [ 8, 9.75, 7.75 ],
    "to": [ 8.25, 10.5, 8.25 ],
    "faces": {
        "down":  { "uv": [ 8, 8.25, 7.75, 7.75 ], "texture": "#texture" },
        "up":    { "uv": [ 8, 7.75, 8.25, 8.25 ], "texture": "#texture" },
        "north": { "uv": [ 7.75, 5.5, 8, 6.25 ], "texture": "#texture" },
        "south": { "uv": [ 8, 5.5, 8.25, 6.25 ], "texture": "#texture" },
        "west":  { "uv": [ 7.75, 5.5, 8.25, 6.25 ], "texture": "#texture" },
        "east":  { "uv": [ 7.75, 5.5, 8.25, 6.25 ], "texture": "#texture" }
    }
},
{
    "__comment": "Axe",
    "from": [ 8, 14, 7.75 ],
    "to": [ 8.75, 15, 8.5 ],
    "faces": {
        "down":  { "uv": [ 8, 8.5, 7.25, 7.75 ], "texture": "#texture" },
        "up":    { "uv": [ 8, 7.75, 8.75, 8.5 ], "texture": "#texture" },
        "north": { "uv": [ 7.25, 1, 8, 2 ], "texture": "#texture" },
        "south": { "uv": [ 8, 1, 8.75, 2 ], "texture": "#texture" },
        "west":  { "uv": [ 7.75, 1, 8.5, 2 ], "texture": "#texture" },
        "east":  { "uv": [ 7.5, 1, 8.25, 2 ], "texture": "#texture" }
    }
},
{
    "__comment": "Axe",
    "from": [ 8, 0.25, 8.25 ],
    "to": [ 9.5, 1, 8.5 ],
    "faces": {
        "down":  { "uv": [ 8, 8.5, 6.5, 8.25 ], "texture": "#texture" },
        "up":    { "uv": [ 8, 8.25, 9.5, 8.5 ], "texture": "#texture" },
        "north": { "uv": [ 6.5, 15, 8, 15.75 ], "texture": "#texture" },
        "south": { "uv": [ 8, 15, 9.5, 15.75 ], "texture": "#texture" },
        "west":  { "uv": [ 8.25, 15, 8.5, 15.75 ], "texture": "#texture" },
        "east":  { "uv": [ 7.5, 15, 7.75, 15.75 ], "texture": "#texture" }
    }
},
{
    "__comment": "Axe",
    "from": [ 8, 7, 8.25 ],
    "to": [ 8.25, 8.5, 8.5 ],
    "faces": {
        "down":  { "uv": [ 8, 8.5, 7.75, 8.25 ], "texture": "#texture" },
        "up":    { "uv": [ 8, 8.25, 8.25, 8.5 ], "texture": "#texture" },
        "north": { "uv": [ 7.75, 7.5, 8, 9 ], "texture": "#texture" },
        "south": { "uv": [ 8, 7.5, 8.25, 9 ], "texture": "#texture" },
        "west":  { "uv": [ 8.25, 7.5, 8.5, 9 ], "texture": "#texture" },
        "east":  { "uv": [ 7.5, 7.5, 7.75, 9 ], "texture": "#texture" }
    }
},
{
    "__comment": "Axe",
    "from": [ 8.25, 0.5, 7.25 ],
    "to": [ 8.5, 1, 7.5 ],
    "faces": {
        "down":  { "uv": [ 7.75, 7.5, 7.5, 7.25 ], "texture": "#texture" },
        "up":    { "uv": [ 8.25, 7.25, 8.5, 7.5 ], "texture": "#texture" },
        "north": { "uv": [ 7.5, 15, 7.75, 15.5 ], "texture": "#texture" },
        "south": { "uv": [ 8.25, 15, 8.5, 15.5 ], "texture": "#texture" },
        "west":  { "uv": [ 7.25, 15, 7.5, 15.5 ], "texture": "#texture" },
        "east":  { "uv": [ 8.5, 15, 8.75, 15.5 ], "texture": "#texture" }
    }
},
{
    "__comment": "Axe",
    "from": [ 8.25, 2.75, 7.25 ],
    "to": [ 8.5, 4.25, 7.5 ],
    "faces": {
        "down":  { "uv": [ 7.75, 7.5, 7.5, 7.25 ], "texture": "#texture" },
        "up":    { "uv": [ 8.25, 7.25, 8.5, 7.5 ], "texture": "#texture" },
        "north": { "uv": [ 7.5, 11.75, 7.75, 13.25 ], "texture": "#texture" },
        "south": { "uv": [ 8.25, 11.75, 8.5, 13.25 ], "texture": "#texture" },
        "west":  { "uv": [ 7.25, 11.75, 7.5, 13.25 ], "texture": "#texture" },
        "east":  { "uv": [ 8.5, 11.75, 8.75, 13.25 ], "texture": "#texture" }
    }
},
{
    "__comment": "Axe",
    "from": [ 8.25, 0, 7.5 ],
    "to": [ 9, 0.25, 7.75 ],
    "faces": {
        "down":  { "uv": [ 7.75, 7.75, 7, 7.5 ], "texture": "#texture" },
        "up":    { "uv": [ 8.25, 7.5, 9, 7.75 ], "texture": "#texture" },
        "north": { "uv": [ 7, 15.75, 7.75, 16 ], "texture": "#texture" },
        "south": { "uv": [ 8.25, 15.75, 9, 16 ], "texture": "#texture" },
        "west":  { "uv": [ 7.5, 15.75, 7.75, 16 ], "texture": "#texture" },
        "east":  { "uv": [ 8.25, 15.75, 8.5, 16 ], "texture": "#texture" }
    }
},
{
    "__comment": "Axe",
    "from": [ 8.25, 5.75, 7.5 ],
    "to": [ 8.5, 6, 7.75 ],
    "faces": {
        "down":  { "uv": [ 7.75, 7.75, 7.5, 7.5 ], "texture": "#texture" },
        "up":    { "uv": [ 8.25, 7.5, 8.5, 7.75 ], "texture": "#texture" },
        "north": { "uv": [ 7.5, 10, 7.75, 10.25 ], "texture": "#texture" },
        "south": { "uv": [ 8.25, 10, 8.5, 10.25 ], "texture": "#texture" },
        "west":  { "uv": [ 7.5, 10, 7.75, 10.25 ], "texture": "#texture" },
        "east":  { "uv": [ 8.25, 10, 8.5, 10.25 ], "texture": "#texture" }
    }
},
{
    "__comment": "Axe",
    "from": [ 8.25, 6.5, 7.75 ],
    "to": [ 8.5, 7.25, 8.25 ],
    "faces": {
        "down":  { "uv": [ 7.75, 8.25, 7.5, 7.75 ], "texture": "#texture" },
        "up":    { "uv": [ 8.25, 7.75, 8.5, 8.25 ], "texture": "#texture" },
        "north": { "uv": [ 7.5, 8.75, 7.75, 9.5 ], "texture": "#texture" },
        "south": { "uv": [ 8.25, 8.75, 8.5, 9.5 ], "texture": "#texture" },
        "west":  { "uv": [ 7.75, 8.75, 8.25, 9.5 ], "texture": "#texture" },
        "east":  { "uv": [ 7.75, 8.75, 8.25, 9.5 ], "texture": "#texture" }
    }
},
{
    "__comment": "Axe",
    "from": [ 8.25, 13.75, 7.75 ],
    "to": [ 8.75, 14, 8.5 ],
    "faces": {
        "down":  { "uv": [ 7.75, 8.5, 7.25, 7.75 ], "texture": "#texture" },
        "up":    { "uv": [ 8.25, 7.75, 8.75, 8.5 ], "texture": "#texture" },
        "north": { "uv": [ 7.25, 2, 7.75, 2.25 ], "texture": "#texture" },
        "south": { "uv": [ 8.25, 2, 8.75, 2.25 ], "texture": "#texture" },
        "west":  { "uv": [ 7.75, 2, 8.5, 2.25 ], "texture": "#texture" },
        "east":  { "uv": [ 7.5, 2, 8.25, 2.25 ], "texture": "#texture" }
    }
},
{
    "__comment": "Axe",
    "from": [ 8.25, 0, 8.25 ],
    "to": [ 9, 0.25, 8.5 ],
    "faces": {
        "down":  { "uv": [ 7.75, 8.5, 7, 8.25 ], "texture": "#texture" },
        "up":    { "uv": [ 8.25, 8.25, 9, 8.5 ], "texture": "#texture" },
        "north": { "uv": [ 7, 15.75, 7.75, 16 ], "texture": "#texture" },
        "south": { "uv": [ 8.25, 15.75, 9, 16 ], "texture": "#texture" },
        "west":  { "uv": [ 8.25, 15.75, 8.5, 16 ], "texture": "#texture" },
        "east":  { "uv": [ 7.5, 15.75, 7.75, 16 ], "texture": "#texture" }
    }
},
{
    "__comment": "Axe",
    "from": [ 8.25, 5, 8.25 ],
    "to": [ 8.5, 5.5, 8.5 ],
    "faces": {
        "down":  { "uv": [ 7.75, 8.5, 7.5, 8.25 ], "texture": "#texture" },
        "up":    { "uv": [ 8.25, 8.25, 8.5, 8.5 ], "texture": "#texture" },
        "north": { "uv": [ 7.5, 10.5, 7.75, 11 ], "texture": "#texture" },
        "south": { "uv": [ 8.25, 10.5, 8.5, 11 ], "texture": "#texture" },
        "west":  { "uv": [ 8.25, 10.5, 8.5, 11 ], "texture": "#texture" },
        "east":  { "uv": [ 7.5, 10.5, 7.75, 11 ], "texture": "#texture" }
    }
},
{
    "__comment": "Axe",
    "from": [ 8.5, 0.75, 7.25 ],
    "to": [ 9.25, 1, 7.5 ],
    "faces": {
        "down":  { "uv": [ 7.5, 7.5, 6.75, 7.25 ], "texture": "#texture" },
        "up":    { "uv": [ 8.5, 7.25, 9.25, 7.5 ], "texture": "#texture" },
        "north": { "uv": [ 6.75, 15, 7.5, 15.25 ], "texture": "#texture" },
        "south": { "uv": [ 8.5, 15, 9.25, 15.25 ], "texture": "#texture" },
        "west":  { "uv": [ 7.25, 15, 7.5, 15.25 ], "texture": "#texture" },
        "east":  { "uv": [ 8.5, 15, 8.75, 15.25 ], "texture": "#texture" }
    }
},
{
    "__comment": "Axe",
    "from": [ 8.5, 2.75, 7.25 ],
    "to": [ 8.75, 3, 7.5 ],
    "faces": {
        "down":  { "uv": [ 7.5, 7.5, 7.25, 7.25 ], "texture": "#texture" },
        "up":    { "uv": [ 8.5, 7.25, 8.75, 7.5 ], "texture": "#texture" },
        "north": { "uv": [ 7.25, 13, 7.5, 13.25 ], "texture": "#texture" },
        "south": { "uv": [ 8.5, 13, 8.75, 13.25 ], "texture": "#texture" },
        "west":  { "uv": [ 7.25, 13, 7.5, 13.25 ], "texture": "#texture" },
        "east":  { "uv": [ 8.5, 13, 8.75, 13.25 ], "texture": "#texture" }
    }
},
{
    "__comment": "Axe",
    "from": [ 8.5, 4, 7.5 ],
    "to": [ 8.75, 4.25, 7.75 ],
    "faces": {
        "down":  { "uv": [ 7.5, 7.75, 7.25, 7.5 ], "texture": "#texture" },
        "up":    { "uv": [ 8.5, 7.5, 8.75, 7.75 ], "texture": "#texture" },
        "north": { "uv": [ 7.25, 11.75, 7.5, 12 ], "texture": "#texture" },
        "south": { "uv": [ 8.5, 11.75, 8.75, 12 ], "texture": "#texture" },
        "west":  { "uv": [ 7.5, 11.75, 7.75, 12 ], "texture": "#texture" },
        "east":  { "uv": [ 8.25, 11.75, 8.5, 12 ], "texture": "#texture" }
    }
},
{
    "__comment": "Axe",
    "from": [ 8.5, 4.5, 7.75 ],
    "to": [ 8.75, 4.75, 8.25 ],
    "faces": {
        "down":  { "uv": [ 7.5, 8.25, 7.25, 7.75 ], "texture": "#texture" },
        "up":    { "uv": [ 8.5, 7.75, 8.75, 8.25 ], "texture": "#texture" },
        "north": { "uv": [ 7.25, 11.25, 7.5, 11.5 ], "texture": "#texture" },
        "south": { "uv": [ 8.5, 11.25, 8.75, 11.5 ], "texture": "#texture" },
        "west":  { "uv": [ 7.75, 11.25, 8.25, 11.5 ], "texture": "#texture" },
        "east":  { "uv": [ 7.75, 11.25, 8.25, 11.5 ], "texture": "#texture" }
    }
},
{
    "__comment": "Axe",
    "from": [ 8.5, 13.5, 7.75 ],
    "to": [ 10.25, 13.75, 8.25 ],
    "faces": {
        "down":  { "uv": [ 7.5, 8.25, 5.75, 7.75 ], "texture": "#texture" },
        "up":    { "uv": [ 8.5, 7.75, 10.25, 8.25 ], "texture": "#texture" },
        "north": { "uv": [ 5.75, 2.25, 7.5, 2.5 ], "texture": "#texture" },
        "south": { "uv": [ 8.5, 2.25, 10.25, 2.5 ], "texture": "#texture" },
        "west":  { "uv": [ 7.75, 2.25, 8.25, 2.5 ], "texture": "#texture" },
        "east":  { "uv": [ 7.75, 2.25, 8.25, 2.5 ], "texture": "#texture" }
    }
},
{
    "__comment": "Axe",
    "from": [ 8.5, 3.5, 8.25 ],
    "to": [ 8.75, 4, 8.5 ],
    "faces": {
        "down":  { "uv": [ 7.5, 8.5, 7.25, 8.25 ], "texture": "#texture" },
        "up":    { "uv": [ 8.5, 8.25, 8.75, 8.5 ], "texture": "#texture" },
        "north": { "uv": [ 7.25, 12, 7.5, 12.5 ], "texture": "#texture" },
        "south": { "uv": [ 8.5, 12, 8.75, 12.5 ], "texture": "#texture" },
        "west":  { "uv": [ 8.25, 12, 8.5, 12.5 ], "texture": "#texture" },
        "east":  { "uv": [ 7.5, 12, 7.75, 12.5 ], "texture": "#texture" }
    }
},
{
    "__comment": "Axe",
    "from": [ 8.75, 2, 7.25 ],
    "to": [ 9, 2.5, 7.5 ],
    "faces": {
        "down":  { "uv": [ 7.25, 7.5, 7, 7.25 ], "texture": "#texture" },
        "up":    { "uv": [ 8.75, 7.25, 9, 7.5 ], "texture": "#texture" },
        "north": { "uv": [ 7, 13.5, 7.25, 14 ], "texture": "#texture" },
        "south": { "uv": [ 8.75, 13.5, 9, 14 ], "texture": "#texture" },
        "west":  { "uv": [ 7.25, 13.5, 7.5, 14 ], "texture": "#texture" },
        "east":  { "uv": [ 8.5, 13.5, 8.75, 14 ], "texture": "#texture" }
    }
},
{
    "__comment": "Axe",
    "from": [ 8.75, 2.5, 7.5 ],
    "to": [ 9, 3, 7.75 ],
    "faces": {
        "down":  { "uv": [ 7.25, 7.75, 7, 7.5 ], "texture": "#texture" },
        "up":    { "uv": [ 8.75, 7.5, 9, 7.75 ], "texture": "#texture" },
        "north": { "uv": [ 7, 13, 7.25, 13.5 ], "texture": "#texture" },
        "south": { "uv": [ 8.75, 13, 9, 13.5 ], "texture": "#texture" },
        "west":  { "uv": [ 7.5, 13, 7.75, 13.5 ], "texture": "#texture" },
        "east":  { "uv": [ 8.25, 13, 8.5, 13.5 ], "texture": "#texture" }
    }
},
{
    "__comment": "Axe",
    "from": [ 8.75, 13.75, 7.75 ],
    "to": [ 10, 15, 8.25 ],
    "faces": {
        "down":  { "uv": [ 7.25, 8.25, 6, 7.75 ], "texture": "#texture" },
        "up":    { "uv": [ 8.75, 7.75, 10, 8.25 ], "texture": "#texture" },
        "north": { "uv": [ 6, 1, 7.25, 2.25 ], "texture": "#texture" },
        "south": { "uv": [ 8.75, 1, 10, 2.25 ], "texture": "#texture" },
        "west":  { "uv": [ 7.75, 1, 8.25, 2.25 ], "texture": "#texture" },
        "east":  { "uv": [ 7.75, 1, 8.25, 2.25 ], "texture": "#texture" }
    }
},
{
    "__comment": "Axe",
    "from": [ 8.75, 2, 8.25 ],
    "to": [ 9, 3, 8.5 ],
    "faces": {
        "down":  { "uv": [ 7.25, 8.5, 7, 8.25 ], "texture": "#texture" },
        "up":    { "uv": [ 8.75, 8.25, 9, 8.5 ], "texture": "#texture" },
        "north": { "uv": [ 7, 13, 7.25, 14 ], "texture": "#texture" },
        "south": { "uv": [ 8.75, 13, 9, 14 ], "texture": "#texture" },
        "west":  { "uv": [ 8.25, 13, 8.5, 14 ], "texture": "#texture" },
        "east":  { "uv": [ 7.5, 13, 7.75, 14 ], "texture": "#texture" }
    }
},
{
    "__comment": "Axe",
    "from": [ 9, 2.5, 7.75 ],
    "to": [ 9.25, 2.75, 8.25 ],
    "faces": {
        "down":  { "uv": [ 7, 8.25, 6.75, 7.75 ], "texture": "#texture" },
        "up":    { "uv": [ 9, 7.75, 9.25, 8.25 ], "texture": "#texture" },
        "north": { "uv": [ 6.75, 13.25, 7, 13.5 ], "texture": "#texture" },
        "south": { "uv": [ 9, 13.25, 9.25, 13.5 ], "texture": "#texture" },
        "west":  { "uv": [ 7.75, 13.25, 8.25, 13.5 ], "texture": "#texture" },
        "east":  { "uv": [ 7.75, 13.25, 8.25, 13.5 ], "texture": "#texture" }
    }
},
{
    "__comment": "Axe",
    "from": [ 9, 13.25, 7.75 ],
    "to": [ 10.25, 13.5, 8.25 ],
    "faces": {
        "down":  { "uv": [ 7, 8.25, 5.75, 7.75 ], "texture": "#texture" },
        "up":    { "uv": [ 9, 7.75, 10.25, 8.25 ], "texture": "#texture" },
        "north": { "uv": [ 5.75, 2.5, 7, 2.75 ], "texture": "#texture" },
        "south": { "uv": [ 9, 2.5, 10.25, 2.75 ], "texture": "#texture" },
        "west":  { "uv": [ 7.75, 2.5, 8.25, 2.75 ], "texture": "#texture" },
        "east":  { "uv": [ 7.75, 2.5, 8.25, 2.75 ], "texture": "#texture" }
    }
},
{
    "__comment": "Axe",
    "from": [ 9, 15, 7.75 ],
    "to": [ 9.5, 15.75, 8.25 ],
    "faces": {
        "down":  { "uv": [ 7, 8.25, 6.5, 7.75 ], "texture": "#texture" },
        "up":    { "uv": [ 9, 7.75, 9.5, 8.25 ], "texture": "#texture" },
        "north": { "uv": [ 6.5, 0.25, 7, 1 ], "texture": "#texture" },
        "south": { "uv": [ 9, 0.25, 9.5, 1 ], "texture": "#texture" },
        "west":  { "uv": [ 7.75, 0.25, 8.25, 1 ], "texture": "#texture" },
        "east":  { "uv": [ 7.75, 0.25, 8.25, 1 ], "texture": "#texture" }
    }
},
{
    "__comment": "Axe",
    "from": [ 9, 2, 8.25 ],
    "to": [ 9.25, 2.5, 8.5 ],
    "faces": {
        "down":  { "uv": [ 7, 8.5, 6.75, 8.25 ], "texture": "#texture" },
        "up":    { "uv": [ 9, 8.25, 9.25, 8.5 ], "texture": "#texture" },
        "north": { "uv": [ 6.75, 13.5, 7, 14 ], "texture": "#texture" },
        "south": { "uv": [ 9, 13.5, 9.25, 14 ], "texture": "#texture" },
        "west":  { "uv": [ 8.25, 13.5, 8.5, 14 ], "texture": "#texture" },
        "east":  { "uv": [ 7.5, 13.5, 7.75, 14 ], "texture": "#texture" }
    }
},
{
    "__comment": "Axe",
    "from": [ 9.25, 1, 7.25 ],
    "to": [ 9.5, 1.5, 7.5 ],
    "faces": {
        "down":  { "uv": [ 6.75, 7.5, 6.5, 7.25 ], "texture": "#texture" },
        "up":    { "uv": [ 9.25, 7.25, 9.5, 7.5 ], "texture": "#texture" },
        "north": { "uv": [ 6.5, 14.5, 6.75, 15 ], "texture": "#texture" },
        "south": { "uv": [ 9.25, 14.5, 9.5, 15 ], "texture": "#texture" },
        "west":  { "uv": [ 7.25, 14.5, 7.5, 15 ], "texture": "#texture" },
        "east":  { "uv": [ 8.5, 14.5, 8.75, 15 ], "texture": "#texture" }
    }
},
{
    "__comment": "Axe",
    "from": [ 9.25, 1.75, 7.5 ],
    "to": [ 9.5, 2, 8.25 ],
    "faces": {
        "down":  { "uv": [ 6.75, 8.25, 6.5, 7.5 ], "texture": "#texture" },
        "up":    { "uv": [ 9.25, 7.5, 9.5, 8.25 ], "texture": "#texture" },
        "north": { "uv": [ 6.5, 14, 6.75, 14.25 ], "texture": "#texture" },
        "south": { "uv": [ 9.25, 14, 9.5, 14.25 ], "texture": "#texture" },
        "west":  { "uv": [ 7.5, 14, 8.25, 14.25 ], "texture": "#texture" },
        "east":  { "uv": [ 7.75, 14, 8.5, 14.25 ], "texture": "#texture" }
    }
},
{
    "__comment": "Axe",
    "from": [ 9.25, 2, 7.75 ],
    "to": [ 9.5, 2.25, 8.25 ],
    "faces": {
        "down":  { "uv": [ 6.75, 8.25, 6.5, 7.75 ], "texture": "#texture" },
        "up":    { "uv": [ 9.25, 7.75, 9.5, 8.25 ], "texture": "#texture" },
        "north": { "uv": [ 6.5, 13.75, 6.75, 14 ], "texture": "#texture" },
        "south": { "uv": [ 9.25, 13.75, 9.5, 14 ], "texture": "#texture" },
        "west":  { "uv": [ 7.75, 13.75, 8.25, 14 ], "texture": "#texture" },
        "east":  { "uv": [ 7.75, 13.75, 8.25, 14 ], "texture": "#texture" }
    }
},
{
    "__comment": "Axe",
    "from": [ 9.5, 0.5, 7.5 ],
    "to": [ 10, 0.75, 8.5 ],
    "faces": {
        "down":  { "uv": [ 6.5, 8.5, 6, 7.5 ], "texture": "#texture" },
        "up":    { "uv": [ 9.5, 7.5, 10, 8.5 ], "texture": "#texture" },
        "north": { "uv": [ 6, 15.25, 6.5, 15.5 ], "texture": "#texture" },
        "south": { "uv": [ 9.5, 15.25, 10, 15.5 ], "texture": "#texture" },
        "west":  { "uv": [ 7.5, 15.25, 8.5, 15.5 ], "texture": "#texture" },
        "east":  { "uv": [ 7.5, 15.25, 8.5, 15.5 ], "texture": "#texture" }
    }
},
{
    "__comment": "Axe",
    "from": [ 9.5, 1.75, 7.75 ],
    "to": [ 9.75, 2, 8.25 ],
    "faces": {
        "down":  { "uv": [ 6.5, 8.25, 6.25, 7.75 ], "texture": "#texture" },
        "up":    { "uv": [ 9.5, 7.75, 9.75, 8.25 ], "texture": "#texture" },
        "north": { "uv": [ 6.25, 14, 6.5, 14.25 ], "texture": "#texture" },
        "south": { "uv": [ 9.5, 14, 9.75, 14.25 ], "texture": "#texture" },
        "west":  { "uv": [ 7.75, 14, 8.25, 14.25 ], "texture": "#texture" },
        "east":  { "uv": [ 7.75, 14, 8.25, 14.25 ], "texture": "#texture" }
    }
},
{
    "__comment": "Axe",
    "from": [ 9.5, 13, 7.75 ],
    "to": [ 10.25, 13.25, 8.25 ],
    "faces": {
        "down":  { "uv": [ 6.5, 8.25, 5.75, 7.75 ], "texture": "#texture" },
        "up":    { "uv": [ 9.5, 7.75, 10.25, 8.25 ], "texture": "#texture" },
        "north": { "uv": [ 5.75, 2.75, 6.5, 3 ], "texture": "#texture" },
        "south": { "uv": [ 9.5, 2.75, 10.25, 3 ], "texture": "#texture" },
        "west":  { "uv": [ 7.75, 2.75, 8.25, 3 ], "texture": "#texture" },
        "east":  { "uv": [ 7.75, 2.75, 8.25, 3 ], "texture": "#texture" }
    }
},
{
    "__comment": "Axe",
    "from": [ 9.5, 15, 7.75 ],
    "to": [ 10, 15.5, 8.25 ],
    "faces": {
        "down":  { "uv": [ 6.5, 8.25, 6, 7.75 ], "texture": "#texture" },
        "up":    { "uv": [ 9.5, 7.75, 10, 8.25 ], "texture": "#texture" },
        "north": { "uv": [ 6, 0.5, 6.5, 1 ], "texture": "#texture" },
        "south": { "uv": [ 9.5, 0.5, 10, 1 ], "texture": "#texture" },
        "west":  { "uv": [ 7.75, 0.5, 8.25, 1 ], "texture": "#texture" },
        "east":  { "uv": [ 7.75, 0.5, 8.25, 1 ], "texture": "#texture" }
    }
},
{
    "__comment": "Axe",
    "from": [ 9.5, 0.75, 8.25 ],
    "to": [ 9.75, 1.5, 8.5 ],
    "faces": {
        "down":  { "uv": [ 6.5, 8.5, 6.25, 8.25 ], "texture": "#texture" },
        "up":    { "uv": [ 9.5, 8.25, 9.75, 8.5 ], "texture": "#texture" },
        "north": { "uv": [ 6.25, 14.5, 6.5, 15.25 ], "texture": "#texture" },
        "south": { "uv": [ 9.5, 14.5, 9.75, 15.25 ], "texture": "#texture" },
        "west":  { "uv": [ 8.25, 14.5, 8.5, 15.25 ], "texture": "#texture" },
        "east":  { "uv": [ 7.5, 14.5, 7.75, 15.25 ], "texture": "#texture" }
    }
},
{
    "__comment": "Axe",
    "from": [ 9.75, 1.25, 7.75 ],
    "to": [ 10, 1.5, 8.25 ],
    "faces": {
        "down":  { "uv": [ 6.25, 8.25, 6, 7.75 ], "texture": "#texture" },
        "up":    { "uv": [ 9.75, 7.75, 10, 8.25 ], "texture": "#texture" },
        "north": { "uv": [ 6, 14.5, 6.25, 14.75 ], "texture": "#texture" },
        "south": { "uv": [ 9.75, 14.5, 10, 14.75 ], "texture": "#texture" },
        "west":  { "uv": [ 7.75, 14.5, 8.25, 14.75 ], "texture": "#texture" },
        "east":  { "uv": [ 7.75, 14.5, 8.25, 14.75 ], "texture": "#texture" }
    }
},
{
    "__comment": "Axe",
    "from": [ 9.75, 12.75, 7.75 ],
    "to": [ 10.25, 13, 8.25 ],
    "faces": {
        "down":  { "uv": [ 6.25, 8.25, 5.75, 7.75 ], "texture": "#texture" },
        "up":    { "uv": [ 9.75, 7.75, 10.25, 8.25 ], "texture": "#texture" },
        "north": { "uv": [ 5.75, 3, 6.25, 3.25 ], "texture": "#texture" },
        "south": { "uv": [ 9.75, 3, 10.25, 3.25 ], "texture": "#texture" },
        "west":  { "uv": [ 7.75, 3, 8.25, 3.25 ], "texture": "#texture" },
        "east":  { "uv": [ 7.75, 3, 8.25, 3.25 ], "texture": "#texture" }
    }
},
{
    "__comment": "Axe",
    "from": [ 9.75, 0.75, 8.25 ],
    "to": [ 10, 1.25, 8.5 ],
    "faces": {
        "down":  { "uv": [ 6.25, 8.5, 6, 8.25 ], "texture": "#texture" },
        "up":    { "uv": [ 9.75, 8.25, 10, 8.5 ], "texture": "#texture" },
        "north": { "uv": [ 6, 14.75, 6.25, 15.25 ], "texture": "#texture" },
        "south": { "uv": [ 9.75, 14.75, 10, 15.25 ], "texture": "#texture" },
        "west":  { "uv": [ 8.25, 14.75, 8.5, 15.25 ], "texture": "#texture" },
        "east":  { "uv": [ 7.5, 14.75, 7.75, 15.25 ], "texture": "#texture" }
    }
},
{
    "__comment": "Axe",
    "from": [ 10, 0.75, 7.75 ],
    "to": [ 10.25, 1.25, 8.25 ],
    "faces": {
        "down":  { "uv": [ 6, 8.25, 5.75, 7.75 ], "texture": "#texture" },
        "up":    { "uv": [ 10, 7.75, 10.25, 8.25 ], "texture": "#texture" },
        "north": { "uv": [ 5.75, 14.75, 6, 15.25 ], "texture": "#texture" },
        "south": { "uv": [ 10, 14.75, 10.25, 15.25 ], "texture": "#texture" },
        "west":  { "uv": [ 7.75, 14.75, 8.25, 15.25 ], "texture": "#texture" },
        "east":  { "uv": [ 7.75, 14.75, 8.25, 15.25 ], "texture": "#texture" }
    }
},
{
    "__comment": "Axe",
    "from": [ 10, 13.75, 7.75 ],
    "to": [ 10.25, 14.75, 8.25 ],
    "faces": {
        "down":  { "uv": [ 6, 8.25, 5.75, 7.75 ], "texture": "#texture" },
        "up":    { "uv": [ 10, 7.75, 10.25, 8.25 ], "texture": "#texture" },
        "north": { "uv": [ 5.75, 1.25, 6, 2.25 ], "texture": "#texture" },
        "south": { "uv": [ 10, 1.25, 10.25, 2.25 ], "texture": "#texture" },
        "west":  { "uv": [ 7.75, 1.25, 8.25, 2.25 ], "texture": "#texture" },
        "east":  { "uv": [ 7.75, 1.25, 8.25, 2.25 ], "texture": "#texture" }
    }
},
{
    "__comment": "Axe",
    "from": [ 10, 12.5, 8 ],
    "to": [ 10.25, 12.75, 8.25 ],
    "faces": {
        "down":  { "uv": [ 6, 8.25, 5.75, 8 ], "texture": "#texture" },
        "up":    { "uv": [ 10, 8, 10.25, 8.25 ], "texture": "#texture" },
        "north": { "uv": [ 5.75, 3.25, 6, 3.5 ], "texture": "#texture" },
        "south": { "uv": [ 10, 3.25, 10.25, 3.5 ], "texture": "#texture" },
        "west":  { "uv": [ 8, 3.25, 8.25, 3.5 ], "texture": "#texture" },
        "east":  { "uv": [ 7.75, 3.25, 8, 3.5 ], "texture": "#texture" }
    }
},
{
    "__comment": "Axe",
    "from": [ 10, 14.75, 8 ],
    "to": [ 11, 15.5, 8.25 ],
    "faces": {
        "down":  { "uv": [ 6, 8.25, 5, 8 ], "texture": "#texture" },
        "up":    { "uv": [ 10, 8, 11, 8.25 ], "texture": "#texture" },
        "north": { "uv": [ 5, 0.5, 6, 1.25 ], "texture": "#texture" },
        "south": { "uv": [ 10, 0.5, 11, 1.25 ], "texture": "#texture" },
        "west":  { "uv": [ 8, 0.5, 8.25, 1.25 ], "texture": "#texture" },
        "east":  { "uv": [ 7.75, 0.5, 8, 1.25 ], "texture": "#texture" }
    }
},
{
    "__comment": "Axe",
    "from": [ 10.25, 12.75, 8 ],
    "to": [ 10.5, 14.75, 8.25 ],
    "faces": {
        "down":  { "uv": [ 5.75, 8.25, 5.5, 8 ], "texture": "#texture" },
        "up":    { "uv": [ 10.25, 8, 10.5, 8.25 ], "texture": "#texture" },
        "north": { "uv": [ 5.5, 1.25, 5.75, 3.25 ], "texture": "#texture" },
        "south": { "uv": [ 10.25, 1.25, 10.5, 3.25 ], "texture": "#texture" },
        "west":  { "uv": [ 8, 1.25, 8.25, 3.25 ], "texture": "#texture" },
        "east":  { "uv": [ 7.75, 1.25, 8, 3.25 ], "texture": "#texture" }
    }
},
{
    "__comment": "Axe",
    "from": [ 10.5, 13.25, 8 ],
    "to": [ 10.75, 14.75, 8.25 ],
    "faces": {
        "down":  { "uv": [ 5.5, 8.25, 5.25, 8 ], "texture": "#texture" },
        "up":    { "uv": [ 10.5, 8, 10.75, 8.25 ], "texture": "#texture" },
        "north": { "uv": [ 5.25, 1.25, 5.5, 2.75 ], "texture": "#texture" },
        "south": { "uv": [ 10.5, 1.25, 10.75, 2.75 ], "texture": "#texture" },
        "west":  { "uv": [ 8, 1.25, 8.25, 2.75 ], "texture": "#texture" },
        "east":  { "uv": [ 7.75, 1.25, 8, 2.75 ], "texture": "#texture" }
    }
},
{
    "__comment": "Axe",
    "from": [ 10.5, 15.5, 8 ],
    "to": [ 11, 15.75, 8.25 ],
    "faces": {
        "down":  { "uv": [ 5.5, 8.25, 5, 8 ], "texture": "#texture" },
        "up":    { "uv": [ 10.5, 8, 11, 8.25 ], "texture": "#texture" },
        "north": { "uv": [ 5, 0.25, 5.5, 0.5 ], "texture": "#texture" },
        "south": { "uv": [ 10.5, 0.25, 11, 0.5 ], "texture": "#texture" },
        "west":  { "uv": [ 8, 0.25, 8.25, 0.5 ], "texture": "#texture" },
        "east":  { "uv": [ 7.75, 0.25, 8, 0.5 ], "texture": "#texture" }
    }
},
{
    "__comment": "Axe",
    "from": [ 10.75, 14, 8 ],
    "to": [ 11, 14.75, 8.25 ],
    "faces": {
        "down":  { "uv": [ 5.25, 8.25, 5, 8 ], "texture": "#texture" },
        "up":    { "uv": [ 10.75, 8, 11, 8.25 ], "texture": "#texture" },
        "north": { "uv": [ 5, 1.25, 5.25, 2 ], "texture": "#texture" },
        "south": { "uv": [ 10.75, 1.25, 11, 2 ], "texture": "#texture" },
        "west":  { "uv": [ 8, 1.25, 8.25, 2 ], "texture": "#texture" },
        "east":  { "uv": [ 7.75, 1.25, 8, 2 ], "texture": "#texture" }
    }
}
],
"display": {
    "thirdperson_righthand": {
        "rotation": [ 0, 90, 0 ],
        "translation": [ 0, 3.21, 1.89 ],
        "scale": [ 1.5, 1.5, 1.5 ]
    },
    "thirdperson_lefthand": {
        "rotation": [ 0, -90, 0 ],
        "translation": [ 0, 3.21, 1.89 ],
        "scale": [ 1.5, 1.5, 1.5 ]
    },
    "head": {
        "rotation": [ -143, 41, 77 ],
        "translation": [ 11.53, 5.67, 10.02 ],
        "scale": [ 2, 2, 2 ]
    },
    "ground": {
        "rotation": [ 90, 0, 90 ],
        "translation": [ 0, 0, 3 ],
        "scale": [ 1, 1, 1 ]
    },
    "fixed": {
        "rotation": [ 0, 0, 0 ],
        "translation": [ 0, 0.2, -0.6 ],
        "scale": [ 1.2, 1.2, 1.2 ]
    },
    "firstperson_righthand": {
        "rotation": [ 0, 90, -5 ],
        "translation": [ 0.5, 4.3, 0 ],
        "scale": [ 1, 1, 1 ]
    },
    "firstperson_lefthand": {
        "rotation": [ 0, -90, 5 ],
        "translation": [ 0.5, 4.3, 0 ],
        "scale": [ 1, 1, 1 ]
    },
    "gui": {
        "rotation": [ 6, -176, 38 ],
        "translation": [ -0.57, -0.94, 0 ],
        "scale": [ 1.2, 1.2, 1.2 ]
    }
}
}