{
"__comment": "Made by (c) Yannik Pipek. Make sure to inform yourself about my therms of use before using any of my work",
"textures": {
    "particle": "items/wood_sword",
    "wooden sword wood": "items/wooden sword wood",
    "wooden sword blade": "items/wooden sword blade"
},
"elements": [ 
{
    "__comment": "crossguard",
    "from": [ 8.25, 3.25, 7.75 ],
    "to": [ 8.75, 3.5, 8.25 ],
    "faces": {
        "down":  { "uv": [ 7.75, 8.25, 7.25, 7.75 ], "texture": "#wooden sword wood" },
        "up":    { "uv": [ 8.25, 7.75, 8.75, 8.25 ], "texture": "#wooden sword wood" },
        "north": { "uv": [ 7.25, 12.5, 7.75, 12.75 ], "texture": "#wooden sword wood" },
        "south": { "uv": [ 8.25, 12.5, 8.75, 12.75 ], "texture": "#wooden sword wood" },
        "west":  { "uv": [ 7.75, 12.5, 8.25, 12.75 ], "texture": "#wooden sword wood" },
        "east":  { "uv": [ 7.75, 12.5, 8.25, 12.75 ], "texture": "#wooden sword wood" }
    }
},
{
    "__comment": "crossguard",
    "from": [ 7.25, 3.5, 8.25 ],
    "to": [ 8.75, 3.75, 8.5 ],
    "faces": {
        "down":  { "uv": [ 8.75, 8.5, 7.25, 8.25 ], "texture": "#wooden sword wood" },
        "up":    { "uv": [ 7.25, 8.25, 8.75, 8.5 ], "texture": "#wooden sword wood" },
        "north": { "uv": [ 7.25, 12.25, 8.75, 12.5 ], "texture": "#wooden sword wood" },
        "south": { "uv": [ 7.25, 12.25, 8.75, 12.5 ], "texture": "#wooden sword wood" },
        "west":  { "uv": [ 8.25, 12.25, 8.5, 12.5 ], "texture": "#wooden sword wood" },
        "east":  { "uv": [ 7.5, 12.25, 7.75, 12.5 ], "texture": "#wooden sword wood" }
    }
},
{
    "__comment": "Hand Hold",
    "from": [ 7.75, 2.5, 7.75 ],
    "to": [ 8.25, 3.25, 8 ],
    "faces": {
        "down":  { "uv": [ 8.25, 8, 7.75, 7.75 ], "texture": "#wooden sword wood" },
        "up":    { "uv": [ 7.75, 7.75, 8.25, 8 ], "texture": "#wooden sword wood" },
        "north": { "uv": [ 7.75, 12.75, 8.25, 13.5 ], "texture": "#wooden sword wood" },
        "south": { "uv": [ 7.75, 12.75, 8.25, 13.5 ], "texture": "#wooden sword wood" },
        "west":  { "uv": [ 7.75, 12.75, 8, 13.5 ], "texture": "#wooden sword wood" },
        "east":  { "uv": [ 8, 12.75, 8.25, 13.5 ], "texture": "#wooden sword wood" }
    }
},
{
    "__comment": "crossguard",
    "from": [ 7.5, 3.25, 7.5 ],
    "to": [ 8.5, 3.5, 7.75 ],
    "faces": {
        "down":  { "uv": [ 8.5, 7.75, 7.5, 7.5 ], "texture": "#wooden sword wood" },
        "up":    { "uv": [ 7.5, 7.5, 8.5, 7.75 ], "texture": "#wooden sword wood" },
        "north": { "uv": [ 7.5, 12.5, 8.5, 12.75 ], "texture": "#wooden sword wood" },
        "south": { "uv": [ 7.5, 12.5, 8.5, 12.75 ], "texture": "#wooden sword wood" },
        "west":  { "uv": [ 7.5, 12.5, 7.75, 12.75 ], "texture": "#wooden sword wood" },
        "east":  { "uv": [ 8.25, 12.5, 8.5, 12.75 ], "texture": "#wooden sword wood" }
    }
},
{
    "__comment": "Hand Hold",
    "from": [ 7.75, 0.25, 7.75 ],
    "to": [ 8.25, 2.5, 8.25 ],
    "faces": {
        "down":  { "uv": [ 8.25, 8.25, 7.75, 7.75 ], "texture": "#wooden sword wood" },
        "up":    { "uv": [ 7.75, 7.75, 8.25, 8.25 ], "texture": "#wooden sword wood" },
        "north": { "uv": [ 7.75, 13.5, 8.25, 15.75 ], "texture": "#wooden sword wood" },
        "south": { "uv": [ 7.75, 13.5, 8.25, 15.75 ], "texture": "#wooden sword wood" },
        "west":  { "uv": [ 7.75, 13.5, 8.25, 15.75 ], "texture": "#wooden sword wood" },
        "east":  { "uv": [ 7.75, 13.5, 8.25, 15.75 ], "texture": "#wooden sword wood" }
    }
},
{
    "__comment": "Hand Hold",
    "from": [ 7.75, 3.25, 7.75 ],
    "to": [ 8.25, 3.5, 8.25 ],
    "faces": {
        "down":  { "uv": [ 8.25, 8.25, 7.75, 7.75 ], "texture": "#wooden sword wood" },
        "up":    { "uv": [ 7.75, 7.75, 8.25, 8.25 ], "texture": "#wooden sword wood" },
        "north": { "uv": [ 7.75, 12.5, 8.25, 12.75 ], "texture": "#wooden sword wood" },
        "south": { "uv": [ 7.75, 12.5, 8.25, 12.75 ], "texture": "#wooden sword wood" },
        "west":  { "uv": [ 7.75, 12.5, 8.25, 12.75 ], "texture": "#wooden sword wood" },
        "east":  { "uv": [ 7.75, 12.5, 8.25, 12.75 ], "texture": "#wooden sword wood" }
    }
},
{
    "__comment": "Hand Hold",
    "from": [ 7.75, 0, 8 ],
    "to": [ 8, 0.25, 8.25 ],
    "faces": {
        "down":  { "uv": [ 8.25, 8.25, 8, 8 ], "texture": "#wooden sword wood" },
        "up":    { "uv": [ 7.75, 8, 8, 8.25 ], "texture": "#wooden sword wood" },
        "north": { "uv": [ 8, 15.75, 8.25, 16 ], "texture": "#wooden sword wood" },
        "south": { "uv": [ 7.75, 15.75, 8, 16 ], "texture": "#wooden sword wood" },
        "west":  { "uv": [ 8, 15.75, 8.25, 16 ], "texture": "#wooden sword wood" },
        "east":  { "uv": [ 7.75, 15.75, 8, 16 ], "texture": "#wooden sword wood" }
    }
},
{
    "__comment": "Hand Hold",
    "from": [ 7.75, 2.5, 8 ],
    "to": [ 8.25, 3.25, 8.25 ],
    "faces": {
        "down":  { "uv": [ 8.25, 8.25, 7.75, 8 ], "texture": "#wooden sword wood" },
        "up":    { "uv": [ 7.75, 8, 8.25, 8.25 ], "texture": "#wooden sword wood" },
        "north": { "uv": [ 7.75, 12.75, 8.25, 13.5 ], "texture": "#wooden sword wood" },
        "south": { "uv": [ 7.75, 12.75, 8.25, 13.5 ], "texture": "#wooden sword wood" },
        "west":  { "uv": [ 8, 12.75, 8.25, 13.5 ], "texture": "#wooden sword wood" },
        "east":  { "uv": [ 7.75, 12.75, 8, 13.5 ], "texture": "#wooden sword wood" }
    }
},
{
    "__comment": "crossguard*",
    "from": [ 7.25, 3.25, 7.75 ],
    "to": [ 7.75, 3.5, 8.25 ],
    "faces": {
        "down":  { "uv": [ 8.75, 8.25, 8.25, 7.75 ], "texture": "#wooden sword wood" },
        "up":    { "uv": [ 7.25, 7.75, 7.75, 8.25 ], "texture": "#wooden sword wood" },
        "north": { "uv": [ 8.25, 12.5, 8.75, 12.75 ], "texture": "#wooden sword wood" },
        "south": { "uv": [ 7.25, 12.5, 7.75, 12.75 ], "texture": "#wooden sword wood" },
        "west":  { "uv": [ 7.75, 12.5, 8.25, 12.75 ], "texture": "#wooden sword wood" },
        "east":  { "uv": [ 7.75, 12.5, 8.25, 12.75 ], "texture": "#wooden sword wood" }
    }
},
{
    "__comment": "crossguard*",
    "from": [ 7.5, 3.25, 8.25 ],
    "to": [ 8.5, 3.5, 8.5 ],
    "faces": {
        "down":  { "uv": [ 8.5, 8.5, 7.5, 8.25 ], "texture": "#wooden sword wood" },
        "up":    { "uv": [ 7.5, 8.25, 8.5, 8.5 ], "texture": "#wooden sword wood" },
        "north": { "uv": [ 7.5, 12.5, 8.5, 12.75 ], "texture": "#wooden sword wood" },
        "south": { "uv": [ 7.5, 12.5, 8.5, 12.75 ], "texture": "#wooden sword wood" },
        "west":  { "uv": [ 8.25, 12.5, 8.5, 12.75 ], "texture": "#wooden sword wood" },
        "east":  { "uv": [ 7.5, 12.5, 7.75, 12.75 ], "texture": "#wooden sword wood" }
    }
},
{
    "__comment": "crossguard*",
    "from": [ 7.25, 3.5, 7.5 ],
    "to": [ 8.75, 3.75, 7.75 ],
    "faces": {
        "down":  { "uv": [ 8.75, 7.75, 7.25, 7.5 ], "texture": "#wooden sword wood" },
        "up":    { "uv": [ 7.25, 7.5, 8.75, 7.75 ], "texture": "#wooden sword wood" },
        "north": { "uv": [ 7.25, 12.25, 8.75, 12.5 ], "texture": "#wooden sword wood" },
        "south": { "uv": [ 7.25, 12.25, 8.75, 12.5 ], "texture": "#wooden sword wood" },
        "west":  { "uv": [ 7.5, 12.25, 7.75, 12.5 ], "texture": "#wooden sword wood" },
        "east":  { "uv": [ 8.25, 12.25, 8.5, 12.5 ], "texture": "#wooden sword wood" }
    }
},
{
    "__comment": "Blade",
    "from": [ 7.5, 3.5, 7.75 ],
    "to": [ 7.75, 4.75, 8 ],
    "faces": {
        "down":  { "uv": [ 8.5, 8, 8.25, 7.75 ], "texture": "#wooden sword blade" },
        "up":    { "uv": [ 7.5, 7.75, 7.75, 8 ], "texture": "#wooden sword blade" },
        "north": { "uv": [ 8.25, 11.25, 8.5, 12.5 ], "texture": "#wooden sword blade" },
        "south": { "uv": [ 7.5, 11.25, 7.75, 12.5 ], "texture": "#wooden sword blade" },
        "west":  { "uv": [ 7.75, 11.25, 8, 12.5 ], "texture": "#wooden sword blade" },
        "east":  { "uv": [ 8, 11.25, 8.25, 12.5 ], "texture": "#wooden sword blade" }
    }
},
{
    "__comment": "Blade main",
    "from": [ 7.75, 3.5, 7.75 ],
    "to": [ 8, 14.5, 8 ],
    "faces": {
        "down":  { "uv": [ 8.25, 8, 8, 7.75 ], "texture": "#wooden sword blade" },
        "up":    { "uv": [ 7.75, 7.75, 8, 8 ], "texture": "#wooden sword blade" },
        "north": { "uv": [ 8, 1.5, 8.25, 12.5 ], "texture": "#wooden sword blade" },
        "south": { "uv": [ 7.75, 1.5, 8, 12.5 ], "texture": "#wooden sword blade" },
        "west":  { "uv": [ 7.75, 1.5, 8, 12.5 ], "texture": "#wooden sword blade" },
        "east":  { "uv": [ 8, 1.5, 8.25, 12.5 ], "texture": "#wooden sword blade" }
    }
},
{
    "__comment": "Blade*",
    "from": [ 7.5, 3.5, 8 ],
    "to": [ 7.75, 4.25, 8.25 ],
    "faces": {
        "down":  { "uv": [ 8.5, 8.25, 8.25, 8 ], "texture": "#wooden sword blade" },
        "up":    { "uv": [ 7.5, 8, 7.75, 8.25 ], "texture": "#wooden sword blade" },
        "north": { "uv": [ 8.25, 11.75, 8.5, 12.5 ], "texture": "#wooden sword blade" },
        "south": { "uv": [ 7.5, 11.75, 7.75, 12.5 ], "texture": "#wooden sword blade" },
        "west":  { "uv": [ 8, 11.75, 8.25, 12.5 ], "texture": "#wooden sword blade" },
        "east":  { "uv": [ 7.75, 11.75, 8, 12.5 ], "texture": "#wooden sword blade" }
    }
},
{
    "__comment": "Blade main*",
    "from": [ 8, 3.5, 7.75 ],
    "to": [ 8.25, 15, 8 ],
    "faces": {
        "down":  { "uv": [ 8, 8, 7.75, 7.75 ], "texture": "#wooden sword blade" },
        "up":    { "uv": [ 8, 7.75, 8.25, 8 ], "texture": "#wooden sword blade" },
        "north": { "uv": [ 7.75, 1, 8, 12.5 ], "texture": "#wooden sword blade" },
        "south": { "uv": [ 8, 1, 8.25, 12.5 ], "texture": "#wooden sword blade" },
        "west":  { "uv": [ 7.75, 1, 8, 12.5 ], "texture": "#wooden sword blade" },
        "east":  { "uv": [ 8, 1, 8.25, 12.5 ], "texture": "#wooden sword blade" }
    }
},
{
    "__comment": "Blade main*",
    "from": [ 7.75, 3.25, 8 ],
    "to": [ 8, 15.25, 8.25 ],
    "faces": {
        "down":  { "uv": [ 8.25, 8.25, 8, 8 ], "texture": "#wooden sword blade" },
        "up":    { "uv": [ 7.75, 8, 8, 8.25 ], "texture": "#wooden sword blade" },
        "north": { "uv": [ 8, 0.75, 8.25, 12.75 ], "texture": "#wooden sword blade" },
        "south": { "uv": [ 7.75, 0.75, 8, 12.75 ], "texture": "#wooden sword blade" },
        "west":  { "uv": [ 8, 0.75, 8.25, 12.75 ], "texture": "#wooden sword blade" },
        "east":  { "uv": [ 7.75, 0.75, 8, 12.75 ], "texture": "#wooden sword blade" }
    }
},
{
    "__comment": "Blade main*",
    "from": [ 8, 3.5, 8 ],
    "to": [ 8.25, 14.75, 8.25 ],
    "faces": {
        "down":  { "uv": [ 8, 8.25, 7.75, 8 ], "texture": "#wooden sword blade" },
        "up":    { "uv": [ 8, 8, 8.25, 8.25 ], "texture": "#wooden sword blade" },
        "north": { "uv": [ 7.75, 1.25, 8, 12.5 ], "texture": "#wooden sword blade" },
        "south": { "uv": [ 8, 1.25, 8.25, 12.5 ], "texture": "#wooden sword blade" },
        "west":  { "uv": [ 8, 1.25, 8.25, 12.5 ], "texture": "#wooden sword blade" },
        "east":  { "uv": [ 7.75, 1.25, 8, 12.5 ], "texture": "#wooden sword blade" }
    }
},
{
    "__comment": "Blade*",
    "from": [ 8.25, 3.5, 7.75 ],
    "to": [ 8.5, 4.25, 8 ],
    "faces": {
        "down":  { "uv": [ 7.75, 8, 7.5, 7.75 ], "texture": "#wooden sword blade" },
        "up":    { "uv": [ 8.25, 7.75, 8.5, 8 ], "texture": "#wooden sword blade" },
        "north": { "uv": [ 7.5, 11.75, 7.75, 12.5 ], "texture": "#wooden sword blade" },
        "south": { "uv": [ 8.25, 11.75, 8.5, 12.5 ], "texture": "#wooden sword blade" },
        "west":  { "uv": [ 7.75, 11.75, 8, 12.5 ], "texture": "#wooden sword blade" },
        "east":  { "uv": [ 8, 11.75, 8.25, 12.5 ], "texture": "#wooden sword blade" }
    }
},
{
    "__comment": "Blade*",
    "from": [ 8.25, 3.5, 8 ],
    "to": [ 8.5, 4.5, 8.25 ],
    "faces": {
        "down":  { "uv": [ 7.75, 8.25, 7.5, 8 ], "texture": "#wooden sword blade" },
        "up":    { "uv": [ 8.25, 8, 8.5, 8.25 ], "texture": "#wooden sword blade" },
        "north": { "uv": [ 7.5, 11.5, 7.75, 12.5 ], "texture": "#wooden sword blade" },
        "south": { "uv": [ 8.25, 11.5, 8.5, 12.5 ], "texture": "#wooden sword blade" },
        "west":  { "uv": [ 8, 11.5, 8.25, 12.5 ], "texture": "#wooden sword blade" },
        "east":  { "uv": [ 7.75, 11.5, 8, 12.5 ], "texture": "#wooden sword blade" }
    }
},
{
    "__comment": "crossguard*",
    "from": [ 7, 3.5, 7.75 ],
    "to": [ 7.5, 3.75, 8.25 ],
    "faces": {
        "down":  { "uv": [ 9, 8.25, 8.5, 7.75 ], "texture": "#wooden sword wood" },
        "up":    { "uv": [ 7, 7.75, 7.5, 8.25 ], "texture": "#wooden sword wood" },
        "north": { "uv": [ 8.5, 12.25, 9, 12.5 ], "texture": "#wooden sword wood" },
        "south": { "uv": [ 7, 12.25, 7.5, 12.5 ], "texture": "#wooden sword wood" },
        "west":  { "uv": [ 7.75, 12.25, 8.25, 12.5 ], "texture": "#wooden sword wood" },
        "east":  { "uv": [ 7.75, 12.25, 8.25, 12.5 ], "texture": "#wooden sword wood" }
    }
},
{
    "__comment": "crossguard*",
    "from": [ 8.5, 3.5, 7.75 ],
    "to": [ 9, 3.75, 8.25 ],
    "faces": {
        "down":  { "uv": [ 7.5, 8.25, 7, 7.75 ], "texture": "#wooden sword wood" },
        "up":    { "uv": [ 8.5, 7.75, 9, 8.25 ], "texture": "#wooden sword wood" },
        "north": { "uv": [ 7, 12.25, 7.5, 12.5 ], "texture": "#wooden sword wood" },
        "south": { "uv": [ 8.5, 12.25, 9, 12.5 ], "texture": "#wooden sword wood" },
        "west":  { "uv": [ 7.75, 12.25, 8.25, 12.5 ], "texture": "#wooden sword wood" },
        "east":  { "uv": [ 7.75, 12.25, 8.25, 12.5 ], "texture": "#wooden sword wood" }
    }
}
],
"display": {
    "thirdperson_righthand": {
        "rotation": [ 0, 90, 0 ],
        "translation": [ 0, 7.4, 1.5 ],
        "scale": [ 1.5, 1.5, 1.5 ]
    },
    "thirdperson_lefthand": {
        "rotation": [ 0, 90, 0 ],
        "translation": [ 0, 7.4, 1.5 ],
        "scale": [ 1.5, 1.5, 1.5 ]
    },
    "head": {
        "rotation": [ -122, 180, 132 ],
        "translation": [ -7.56, 0.38, -2.83 ],
        "scale": [ 2, 2, 2 ]
    },
    "ground": {
        "rotation": [ 90, 0, 0 ],
        "translation": [ 0, 0, 3.3 ],
        "scale": [ 1, 1, 1 ]
    },
    "fixed": {
        "rotation": [ 0, 0, 0 ],
        "translation": [ 0, 0.2, -0.55 ],
        "scale": [ 1.2, 1.2, 1.2 ]
    },
    "firstperson_righthand": {
        "rotation": [ 0, 85, -5 ],
        "translation": [ 0.5, 6, 0 ],
        "scale": [ 1, 1, 1 ]
    },
    "firstperson_lefthand": {
        "rotation": [ 0, 85, -5 ],
        "translation": [ 0, 6, 0 ],
        "scale": [ 1, 1, 1 ]
    },
    "gui": {
        "rotation": [ 7, 7, -45 ],
        "translation": [ 0, 0, 0 ],
        "scale": [ 1.35, 1.35, 1.35 ]
    }
}
}