{
    "variants": {
        "shape=north_south": [
            { "model": "normal_rail_flat", "weight": 10 },
            { "model": "normal_rail_flat_1", "weight": 1 },
            { "model": "normal_rail_flat_2", "weight": 1 },
            { "model": "normal_rail_flat_3", "weight": 1 },
            { "model": "normal_rail_flat_4", "weight": 1 }
        ],
        "shape=east_west": [
            { "model": "normal_rail_flat", "y": 90, "weight": 10 },
            { "model": "normal_rail_flat_1", "y": 90, "weight": 1 },
            { "model": "normal_rail_flat_2", "y": 90, "weight": 1 },
            { "model": "normal_rail_flat_3", "y": 90, "weight": 1 },
            { "model": "normal_rail_flat_4", "y": 90, "weight": 1 }
        ],
        "shape=ascending_east": [
		 { "model": "normal_rail_raised", "y": 90, "weight": 4 },
            { "model": "normal_rail_raised_1", "y": 90, "weight": 1 },
            { "model": "normal_rail_raised_2", "y": 90, "weight": 1 }
	   ],
        "shape=ascending_west": [
		 { "model": "normal_rail_raised", "y": 270, "weight": 4 },
		 { "model": "normal_rail_raised_1", "y": 270, "weight": 1 },
		 { "model": "normal_rail_raised_2", "y": 270, "weight": 1 }
	   ],
        "shape=ascending_north": [
		 { "model": "normal_rail_raised", "weight": 4 },
	 	 { "model": "normal_rail_raised_1", "weight": 1 },
	 	 { "model": "normal_rail_raised_2", "weight": 1 }
	   ],
        "shape=ascending_south": [
		 { "model": "normal_rail_raised", "y": 180, "weight": 4 },
		 { "model": "normal_rail_raised_1", "y": 180, "weight": 1 },
		 { "model": "normal_rail_raised_2", "y": 180, "weight": 1 }
	   ],
        "shape=south_east": [
            { "model": "normal_rail_curved", "weight": 4 },
            { "model": "normal_rail_curved_plank_1", "weight": 1 },
            { "model": "normal_rail_curved_plank_2", "weight": 1 }
        ],
        "shape=south_west": [
            { "model": "normal_rail_curved", "y": 90, "weight": 4 },
            { "model": "normal_rail_curved_1", "y": 90, "weight": 1 },
            { "model": "normal_rail_curved_2", "y": 90, "weight": 1 }
        ],
        "shape=north_west": [
            { "model": "normal_rail_curved", "y": 180, "weight": 4 },
            { "model": "normal_rail_curved_1", "y": 180, "weight": 1 },
            { "model": "normal_rail_curved_2", "y": 180, "weight": 1 }
        ],
        "shape=north_east": [
            { "model": "normal_rail_curved", "y": 270, "weight": 4 },
            { "model": "normal_rail_curved_1", "y": 270, "weight": 1 },
            { "model": "normal_rail_curved_2", "y": 270, "weight": 1 }
        ]
    }
}