{
"__comment": "Made by (c) Yannik Pipek. Make sure to inform yourself about my therms of use before using any of my work",
"textures": {
    "particle": "blocks/rail_activator particle",
    "texture": "blocks/rail_activator particle",
    "rail wood": "blocks/rail wood",
    "iron_block": "blocks/rail iron",
    "redstone off for 3d": "blocks/rail redstone off",
    "redstone on for 3d": "blocks/rail redstone on"
},
"elements": [ 
{
    "from": [ 2.25, 0, 13.75 ],
    "to": [ 3.25, 1.75, 14.75 ],
    "faces": {
        "down":  { "uv": [ 2.25, 14.75, 3.25, 13.75 ], "texture": "#rail wood" },
        "up":    { "uv": [ 2.25, 13.75, 3.25, 14.75 ], "texture": "#rail wood" },
        "north": { "uv": [ 12.75, 14.25, 13.75, 16 ], "texture": "#rail wood" },
        "south": { "uv": [ 2.25, 14.25, 3.25, 16 ], "texture": "#rail wood" },
        "west":  { "uv": [ 13.75, 14.25, 14.75, 16 ], "texture": "#rail wood" },
        "east":  { "uv": [ 1.25, 14.25, 2.25, 16 ], "texture": "#rail wood" }
    }
},
{
    "from": [ 12.75, 0, 13.75 ],
    "to": [ 13.75, 1.75, 14.75 ],
    "faces": {
        "down":  { "uv": [ 12.75, 14.75, 13.75, 13.75 ], "texture": "#rail wood" },
        "up":    { "uv": [ 12.75, 13.75, 13.75, 14.75 ], "texture": "#rail wood" },
        "north": { "uv": [ 2.25, 14.25, 3.25, 16 ], "texture": "#rail wood" },
        "south": { "uv": [ 12.75, 14.25, 13.75, 16 ], "texture": "#rail wood" },
        "west":  { "uv": [ 13.75, 14.25, 14.75, 16 ], "texture": "#rail wood" },
        "east":  { "uv": [ 1.25, 14.25, 2.25, 16 ], "texture": "#rail wood" }
    }
},
{
    "from": [ 12.75, 0, 9.5 ],
    "to": [ 13.75, 6, 10.5 ],
    "faces": {
        "down":  { "uv": [ 12.75, 10.5, 13.75, 9.5 ], "texture": "#rail wood" },
        "up":    { "uv": [ 12.75, 9.5, 13.75, 10.5 ], "texture": "#rail wood" },
        "north": { "uv": [ 2.25, 10, 3.25, 16 ], "texture": "#rail wood" },
        "south": { "uv": [ 12.75, 10, 13.75, 16 ], "texture": "#rail wood" },
        "west":  { "uv": [ 9.5, 10, 10.5, 16 ], "texture": "#rail wood" },
        "east":  { "uv": [ 5.5, 10, 6.5, 16 ], "texture": "#rail wood" }
    }
},
{
    "from": [ 12.75, 0, 5.75 ],
    "to": [ 13.75, 9.75, 6.75 ],
    "faces": {
        "down":  { "uv": [ 12.75, 6.75, 13.75, 5.75 ], "texture": "#rail wood" },
        "up":    { "uv": [ 12.75, 5.75, 13.75, 6.75 ], "texture": "#rail wood" },
        "north": { "uv": [ 2.25, 6.25, 3.25, 16 ], "texture": "#rail wood" },
        "south": { "uv": [ 12.75, 6.25, 13.75, 16 ], "texture": "#rail wood" },
        "west":  { "uv": [ 5.75, 6.25, 6.75, 16 ], "texture": "#rail wood" },
        "east":  { "uv": [ 9.25, 6.25, 10.25, 16 ], "texture": "#rail wood" }
    }
},
{
    "from": [ 12.75, 0, 1.5 ],
    "to": [ 13.75, 14, 2.5 ],
    "faces": {
        "down":  { "uv": [ 12.75, 2.5, 13.75, 1.5 ], "texture": "#rail wood" },
        "up":    { "uv": [ 12.75, 1.5, 13.75, 2.5 ], "texture": "#rail wood" },
        "north": { "uv": [ 2.25, 2, 3.25, 16 ], "texture": "#rail wood" },
        "south": { "uv": [ 12.75, 2, 13.75, 16 ], "texture": "#rail wood" },
        "west":  { "uv": [ 1.5, 2, 2.5, 16 ], "texture": "#rail wood" },
        "east":  { "uv": [ 13.5, 2, 14.5, 16 ], "texture": "#rail wood" }
    }
},
{
    "from": [ 2.25, 0, 5.75 ],
    "to": [ 3.25, 9.75, 6.75 ],
    "faces": {
        "down":  { "uv": [ 2.25, 6.75, 3.25, 5.75 ], "texture": "#rail wood" },
        "up":    { "uv": [ 2.25, 5.75, 3.25, 6.75 ], "texture": "#rail wood" },
        "north": { "uv": [ 12.75, 6.25, 13.75, 16 ], "texture": "#rail wood" },
        "south": { "uv": [ 2.25, 6.25, 3.25, 16 ], "texture": "#rail wood" },
        "west":  { "uv": [ 5.75, 6.25, 6.75, 16 ], "texture": "#rail wood" },
        "east":  { "uv": [ 9.25, 6.25, 10.25, 16 ], "texture": "#rail wood" }
    }
},
{
    "from": [ 2.25, 0, 9.5 ],
    "to": [ 3.25, 6, 10.5 ],
    "faces": {
        "down":  { "uv": [ 2.25, 10.5, 3.25, 9.5 ], "texture": "#rail wood" },
        "up":    { "uv": [ 2.25, 9.5, 3.25, 10.5 ], "texture": "#rail wood" },
        "north": { "uv": [ 12.75, 10, 13.75, 16 ], "texture": "#rail wood" },
        "south": { "uv": [ 2.25, 10, 3.25, 16 ], "texture": "#rail wood" },
        "west":  { "uv": [ 9.5, 10, 10.5, 16 ], "texture": "#rail wood" },
        "east":  { "uv": [ 5.5, 10, 6.5, 16 ], "texture": "#rail wood" }
    }
},
{
    "from": [ 2.25, 0, 1.5 ],
    "to": [ 3.25, 14, 2.5 ],
    "faces": {
        "down":  { "uv": [ 2.25, 2.5, 3.25, 1.5 ], "texture": "#rail wood" },
        "up":    { "uv": [ 2.25, 1.5, 3.25, 2.5 ], "texture": "#rail wood" },
        "north": { "uv": [ 12.75, 2, 13.75, 16 ], "texture": "#rail wood" },
        "south": { "uv": [ 2.25, 2, 3.25, 16 ], "texture": "#rail wood" },
        "west":  { "uv": [ 1.5, 2, 2.5, 16 ], "texture": "#rail wood" },
        "east":  { "uv": [ 13.5, 2, 14.5, 16 ], "texture": "#rail wood" }
    }
},
{
    "__comment": "rail iron below right*",
    "from": [ 2.75, 16.5, 0.25 ],
    "to": [ 3.25, 17, 22.5625 ],
    "rotation": { "origin": [ 2.75, 17, 0.25 ], "axis": "x", "angle": 45 },
    "faces": {
        "down":  { "uv": [ 2.75, 16, 3.25, 0 ], "texture": "#iron_block" },
        "up":    { "uv": [ 2.75, 0, 3.25, 16 ], "texture": "#iron_block" },
        "north": { "uv": [ 12.75, 14.75, 13.25, 15.25 ], "texture": "#iron_block" },
        "south": { "uv": [ 2.75, 14.75, 3.25, 15.25 ], "texture": "#iron_block" },
        "west":  { "uv": [ 0, 14.75, 16, 15.25 ], "texture": "#iron_block" },
        "east":  { "uv": [ 0, 14.75, 16, 15.25 ], "texture": "#iron_block" }
    }
},
{
    "__comment": "rail iron top right*",
    "from": [ 2.25, 16.3125, 0.5 ],
    "to": [ 2.75, 17.3125, 22.5 ],
    "rotation": { "origin": [ 2.25, 17.3125, 0.5 ], "axis": "x", "angle": 45 },
    "faces": {
        "down":  { "uv": [ 2.25, 16, 2.75, 0 ], "texture": "#iron_block" },
        "up":    { "uv": [ 2.25, 0, 2.75, 16 ], "texture": "#iron_block" },
        "north": { "uv": [ 13.25, 14.25, 13.75, 15.25 ], "texture": "#iron_block" },
        "south": { "uv": [ 2.25, 14.25, 2.75, 15.25 ], "texture": "#iron_block" },
        "west":  { "uv": [ 0, 14.25, 16, 15.25 ], "texture": "#iron_block" },
        "east":  { "uv": [ 0, 14.25, 16, 15.25 ], "texture": "#iron_block" }
    }
},
{
    "__comment": "Rail wood left",
    "from": [ 1.75, 15.5625, 0.25 ],
    "to": [ 3.75, 16.3125, 22.75 ],
    "rotation": { "origin": [ 1.75, 16.3125, 0.25 ], "axis": "x", "angle": 45 },
    "faces": {
        "down":  { "uv": [ 0, 2.25, 16, 0 ], "texture": "#rail wood" },
        "up":    { "uv": [ 0, 0, 16, 2.25 ], "rotation": 90, "texture": "#rail wood" },
        "north": { "uv": [ 12.25, 15.25, 14.25, 16 ], "texture": "#rail wood" },
        "south": { "uv": [ 1.75, 15.25, 3.75, 16 ], "texture": "#rail wood" },
        "west":  { "uv": [ 0, 15.25, 16, 16 ], "texture": "#rail wood" },
        "east":  { "uv": [ 0, 15.25, 16, 16 ], "texture": "#rail wood" }
    }
},
{
    "__comment": "Rail wood right",
    "from": [ 12.25, 15.5625, 0.25 ],
    "to": [ 14.25, 16.3125, 22.75 ],
    "rotation": { "origin": [ 12.25, 16.3125, 0.25 ], "axis": "x", "angle": 45 },
    "faces": {
        "down":  { "uv": [ 0, 2.25, 16, 0 ], "texture": "#rail wood" },
        "up":    { "uv": [ 0, 0, 16, 2.25 ], "rotation": 90, "texture": "#rail wood" },
        "north": { "uv": [ 12.25, 15.25, 14.25, 16 ], "texture": "#rail wood" },
        "south": { "uv": [ 1.75, 15.25, 3.75, 16 ], "texture": "#rail wood" },
        "west":  { "uv": [ 0, 15.25, 16, 16 ], "texture": "#rail wood" },
        "east":  { "uv": [ 0, 15.25, 16, 16 ], "texture": "#rail wood" }
    }
},
{
    "from": [ 0.25, 0, 6.5 ],
    "to": [ 16.5, 0.625, 8 ],
    "rotation": { "origin": [ 0.25, 0, 6.5 ], "axis": "y", "angle": 22.5 },
    "faces": {
        "down":  { "uv": [ 0, 4, 16, 2.5 ], "texture": "#rail wood" },
        "up":    { "uv": [ 0, 2.5, 16, 4 ], "texture": "#rail wood" },
        "north": { "uv": [ 0, 15.25, 16, 16 ], "texture": "#rail wood" },
        "south": { "uv": [ 0, 15.25, 16, 16 ], "texture": "#rail wood" },
        "west":  { "uv": [ 2.5, 15.25, 4, 16 ], "texture": "#rail wood" },
        "east":  { "uv": [ 12, 15.25, 13.5, 16 ], "texture": "#rail wood" }
    }
},
{
    "from": [ 0.1875, 0, 14.5 ],
    "to": [ 16.4375, 0.6875, 16 ],
    "rotation": { "origin": [ 0.1875, 0, 14.5 ], "axis": "y", "angle": 22.5 },
    "faces": {
        "down":  { "uv": [ 0, 4, 16, 2.5 ], "texture": "#rail wood" },
        "up":    { "uv": [ 0, 2.5, 16, 4 ], "texture": "#rail wood" },
        "north": { "uv": [ 0, 15.25, 16, 16 ], "texture": "#rail wood" },
        "south": { "uv": [ 0, 15.25, 16, 16 ], "texture": "#rail wood" },
        "west":  { "uv": [ 2.5, 15.25, 4, 16 ], "texture": "#rail wood" },
        "east":  { "uv": [ 12, 15.25, 13.5, 16 ], "texture": "#rail wood" }
    }
},
{
    "from": [ 0.6875, 0, 0.25 ],
    "to": [ 16.9375, 0.6875, 1.75 ],
    "rotation": { "origin": [ 0.6875, 0, 0.25 ], "axis": "y", "angle": -22.5 },
    "faces": {
        "down":  { "uv": [ 0, 4, 16, 2.5 ], "texture": "#rail wood" },
        "up":    { "uv": [ 0, 2.5, 16, 4 ], "texture": "#rail wood" },
        "north": { "uv": [ 0, 15.25, 16, 16 ], "texture": "#rail wood" },
        "south": { "uv": [ 0, 15.25, 16, 16 ], "texture": "#rail wood" },
        "west":  { "uv": [ 2.5, 15.25, 4, 16 ], "texture": "#rail wood" },
        "east":  { "uv": [ 12, 15.25, 13.5, 16 ], "texture": "#rail wood" }
    }
},
{
    "from": [ 0.75, 0, 8.25 ],
    "to": [ 17, 0.625, 9.75 ],
    "rotation": { "origin": [ 0.75, 0, 8.25 ], "axis": "y", "angle": -22.5 },
    "faces": {
        "down":  { "uv": [ 0, 4, 16, 2.5 ], "texture": "#rail wood" },
        "up":    { "uv": [ 0, 2.5, 16, 4 ], "texture": "#rail wood" },
        "north": { "uv": [ 0, 15.25, 16, 16 ], "texture": "#rail wood" },
        "south": { "uv": [ 0, 15.25, 16, 16 ], "texture": "#rail wood" },
        "west":  { "uv": [ 2.5, 15.25, 4, 16 ], "texture": "#rail wood" },
        "east":  { "uv": [ 12, 15.25, 13.5, 16 ], "texture": "#rail wood" }
    }
},
{
    "__comment": "rail iron top right",
    "from": [ 13.25, 16.3125, 0.5625 ],
    "to": [ 13.75, 17.3125, 22.5625 ],
    "rotation": { "origin": [ 13.25, 17.3125, 0.5625 ], "axis": "x", "angle": 45 },
    "faces": {
        "down":  { "uv": [ 2.25, 16, 2.75, 0 ], "texture": "#iron_block" },
        "up":    { "uv": [ 2.25, 0, 2.75, 16 ], "texture": "#iron_block" },
        "north": { "uv": [ 13.25, 14.25, 13.75, 15.25 ], "texture": "#iron_block" },
        "south": { "uv": [ 2.25, 14.25, 2.75, 15.25 ], "texture": "#iron_block" },
        "west":  { "uv": [ 0, 14.25, 16, 15.25 ], "texture": "#iron_block" },
        "east":  { "uv": [ 0, 14.25, 16, 15.25 ], "texture": "#iron_block" }
    }
},
{
    "__comment": "rail iron below right",
    "from": [ 12.75, 16.5, 0.25 ],
    "to": [ 13.25, 17, 22.5625 ],
    "rotation": { "origin": [ 12.75, 17, 0.25 ], "axis": "x", "angle": 45 },
    "faces": {
        "down":  { "uv": [ 2.75, 16, 3.25, 0 ], "texture": "#iron_block" },
        "up":    { "uv": [ 2.75, 0, 3.25, 16 ], "texture": "#iron_block" },
        "north": { "uv": [ 12.75, 14.75, 13.25, 15.25 ], "texture": "#iron_block" },
        "south": { "uv": [ 2.75, 14.75, 3.25, 15.25 ], "texture": "#iron_block" },
        "west":  { "uv": [ 0, 14.75, 16, 15.25 ], "texture": "#iron_block" },
        "east":  { "uv": [ 0, 14.75, 16, 15.25 ], "texture": "#iron_block" }
    }
},
{
    "__comment": "redstone",
    "from": [ 7.5, 13.25, 4 ],
    "to": [ 8.5, 14.25, 17.5 ],
    "rotation": { "origin": [ 7.5, 14.25, 4 ], "axis": "x", "angle": 45 },
    "faces": {
        "down":  { "uv": [ 7.5, 16, 8.5, 4 ], "texture": "#redstone on for 3d" },
        "up":    { "uv": [ 7.5, 4, 8.5, 16 ], "texture": "#redstone on for 3d" },
        "north": { "uv": [ 7.5, 1.75, 8.5, 2.75 ], "texture": "#redstone on for 3d" },
        "south": { "uv": [ 7.5, 1.75, 8.5, 2.75 ], "texture": "#redstone on for 3d" },
        "west":  { "uv": [ 4, 1.75, 16, 2.75 ], "texture": "#redstone on for 3d" },
        "east":  { "uv": [ 0, 1.75, 12, 2.75 ], "texture": "#redstone on for 3d" }
    }
},
{
    "from": [ 7.5625, 0, 11.6875 ],
    "to": [ 8.4375, 5.5, 12.4375 ],
    "faces": {
        "down":  { "uv": [ 7.5625, 12.4375, 8.4375, 11.6875 ], "texture": "#rail wood" },
        "up":    { "uv": [ 7.5625, 11.6875, 8.4375, 12.4375 ], "texture": "#rail wood" },
        "north": { "uv": [ 7.5625, 10.5, 8.4375, 16 ], "texture": "#rail wood" },
        "south": { "uv": [ 7.5625, 10.5, 8.4375, 16 ], "texture": "#rail wood" },
        "west":  { "uv": [ 11.6875, 10.5, 12.4375, 16 ], "texture": "#rail wood" },
        "east":  { "uv": [ 3.5625, 10.5, 4.3125, 16 ], "texture": "#rail wood" }
    }
},
{
    "from": [ 7.5625, 0, 3.75 ],
    "to": [ 8.4375, 13.375, 4.5 ],
    "faces": {
        "down":  { "uv": [ 7.5625, 4.5, 8.4375, 3.75 ], "texture": "#rail wood" },
        "up":    { "uv": [ 7.5625, 3.75, 8.4375, 4.5 ], "texture": "#rail wood" },
        "north": { "uv": [ 7.5625, 2.625, 8.4375, 16 ], "texture": "#rail wood" },
        "south": { "uv": [ 7.5625, 2.625, 8.4375, 16 ], "texture": "#rail wood" },
        "west":  { "uv": [ 3.75, 2.625, 4.5, 16 ], "texture": "#rail wood" },
        "east":  { "uv": [ 11.5, 2.625, 12.25, 16 ], "texture": "#rail wood" }
    }
}
]
}