{
"__comment": "Made by (c) Yannik Pipek. Make sure to inform yourself about my therms of use before using any of my work",
"textures": {
    "particle": "blocks/bookshelf",
    "bookshelf": "blocks/bookshelf",
    "planks oak": "blocks/planks_oak bookshelf",
    "texture": "blocks/planks_oak bookshelf",
    "planks_oak inside walls": "blocks/planks_oak  bookshelf inside walls",
    "planks_oak bookshelf inside floor": "blocks/planks_oak bookshelf inside floor",
    "books (bookshelf inside) type 1": "blocks/books (bookshelf inside) type 1"
},
"elements": [ 
{
    "__comment": "Book 4*",
    "from": [ 5, 0.75, 0.75 ],
    "to": [ 6.25, 6.25, 4 ],
    "faces": {
        "down":  { "uv": [ 9, 4, 10.25, 0 ], "texture": "#books (bookshelf inside) type 1" },
        "up":    { "uv": [ 9, 0, 10.25, 4 ], "texture": "#books (bookshelf inside) type 1" },
        "north": { "uv": [ 0, 0, 1.25, 5.75 ], "texture": "#books (bookshelf inside) type 1" },
        "south": { "uv": [ 1.5, 0, 2.75, 5.75 ], "texture": "#books (bookshelf inside) type 1" },
        "west":  { "uv": [ 2.75, 0, 7.25, 5.75 ], "texture": "#books (bookshelf inside) type 1" },
        "east":  { "uv": [ 3, 0, 7.25, 5.75 ], "texture": "#books (bookshelf inside) type 1" }
    }
},
{
    "__comment": "Book 4*",
    "from": [ 12, 0.75, 0.5 ],
    "to": [ 13.25, 6.25, 3.75 ],
    "rotation": { "origin": [ 12, 0.75, 0.5 ], "axis": "y", "angle": -22.5 },
    "faces": {
        "down":  { "uv": [ 9, 4, 10.25, 0 ], "texture": "#books (bookshelf inside) type 1" },
        "up":    { "uv": [ 9, 0, 10.25, 4 ], "texture": "#books (bookshelf inside) type 1" },
        "north": { "uv": [ 0, 0, 1.25, 5.75 ], "texture": "#books (bookshelf inside) type 1" },
        "south": { "uv": [ 1.5, 0, 2.75, 5.75 ], "texture": "#books (bookshelf inside) type 1" },
        "west":  { "uv": [ 2.75, 0, 7.25, 5.75 ], "texture": "#books (bookshelf inside) type 1" },
        "east":  { "uv": [ 3, 0, 7.25, 5.75 ], "texture": "#books (bookshelf inside) type 1" }
    }
},
{
    "__comment": "Book 4*",
    "from": [ 6.5, 0.75, 1.25 ],
    "to": [ 7.75, 6.25, 4.5 ],
    "faces": {
        "down":  { "uv": [ 9, 4, 10.25, 0 ], "texture": "#books (bookshelf inside) type 1" },
        "up":    { "uv": [ 9, 0, 10.25, 4 ], "texture": "#books (bookshelf inside) type 1" },
        "north": { "uv": [ 0, 0, 1.25, 5.75 ], "texture": "#books (bookshelf inside) type 1" },
        "south": { "uv": [ 1.5, 0, 2.75, 5.75 ], "texture": "#books (bookshelf inside) type 1" },
        "west":  { "uv": [ 2.75, 0, 7.25, 5.75 ], "texture": "#books (bookshelf inside) type 1" },
        "east":  { "uv": [ 3, 0, 7.25, 5.75 ], "texture": "#books (bookshelf inside) type 1" }
    }
},
{
    "__comment": "Book 4*",
    "from": [ 8, 0.75, 1 ],
    "to": [ 9.25, 6.25, 4.25 ],
    "faces": {
        "down":  { "uv": [ 9, 4, 10.25, 0 ], "texture": "#books (bookshelf inside) type 1" },
        "up":    { "uv": [ 9, 0, 10.25, 4 ], "texture": "#books (bookshelf inside) type 1" },
        "north": { "uv": [ 0, 0, 1.25, 5.75 ], "texture": "#books (bookshelf inside) type 1" },
        "south": { "uv": [ 1.5, 0, 2.75, 5.75 ], "texture": "#books (bookshelf inside) type 1" },
        "west":  { "uv": [ 2.75, 0, 7.25, 5.75 ], "texture": "#books (bookshelf inside) type 1" },
        "east":  { "uv": [ 3, 0, 7.25, 5.75 ], "texture": "#books (bookshelf inside) type 1" }
    }
},
{
    "__comment": "Book 4*",
    "from": [ 9.5, 0.75, 0.75 ],
    "to": [ 10.75, 6.25, 4 ],
    "faces": {
        "down":  { "uv": [ 9, 4, 10.25, 0 ], "texture": "#books (bookshelf inside) type 1" },
        "up":    { "uv": [ 9, 0, 10.25, 4 ], "texture": "#books (bookshelf inside) type 1" },
        "north": { "uv": [ 0, 0, 1.25, 5.75 ], "texture": "#books (bookshelf inside) type 1" },
        "south": { "uv": [ 1.5, 0, 2.75, 5.75 ], "texture": "#books (bookshelf inside) type 1" },
        "west":  { "uv": [ 2.75, 0, 7.25, 5.75 ], "texture": "#books (bookshelf inside) type 1" },
        "east":  { "uv": [ 3, 0, 7.25, 5.75 ], "texture": "#books (bookshelf inside) type 1" }
    }
},
{
    "__comment": "Book 4*",
    "from": [ 2.6875, 0.75, 0.75 ],
    "to": [ 3.9375, 6.25, 4 ],
    "rotation": { "origin": [ 2.6875, 0.75, 0.75 ], "axis": "y", "angle": 22.5 },
    "faces": {
        "down":  { "uv": [ 9, 4, 10.25, 0 ], "texture": "#books (bookshelf inside) type 1" },
        "up":    { "uv": [ 9, 0, 10.25, 4 ], "texture": "#books (bookshelf inside) type 1" },
        "north": { "uv": [ 0, 0, 1.25, 5.75 ], "texture": "#books (bookshelf inside) type 1" },
        "south": { "uv": [ 1.5, 0, 2.75, 5.75 ], "texture": "#books (bookshelf inside) type 1" },
        "west":  { "uv": [ 2.75, 0, 7.25, 5.75 ], "texture": "#books (bookshelf inside) type 1" },
        "east":  { "uv": [ 3, 0, 7.25, 5.75 ], "texture": "#books (bookshelf inside) type 1" }
    }
},
{
    "__comment": "Book 4*",
    "from": [ 9.25, 8.5, 0.75 ],
    "to": [ 10.5, 14, 4 ],
    "faces": {
        "down":  { "uv": [ 9, 4, 10.25, 0 ], "texture": "#books (bookshelf inside) type 1" },
        "up":    { "uv": [ 9, 0, 10.25, 4 ], "texture": "#books (bookshelf inside) type 1" },
        "north": { "uv": [ 0, 0, 1.25, 5.75 ], "texture": "#books (bookshelf inside) type 1" },
        "south": { "uv": [ 1.5, 0, 2.75, 5.75 ], "texture": "#books (bookshelf inside) type 1" },
        "west":  { "uv": [ 2.75, 0, 7.25, 5.75 ], "texture": "#books (bookshelf inside) type 1" },
        "east":  { "uv": [ 3, 0, 7.25, 5.75 ], "texture": "#books (bookshelf inside) type 1" }
    }
},
{
    "__comment": "Book 4*",
    "from": [ 2.75, 8.5, 0.75 ],
    "to": [ 4, 14, 4 ],
    "rotation": { "origin": [ 2.75, 8.5, 0.75 ], "axis": "y", "angle": 22.5 },
    "faces": {
        "down":  { "uv": [ 9, 4, 10.25, 0 ], "texture": "#books (bookshelf inside) type 1" },
        "up":    { "uv": [ 9, 0, 10.25, 4 ], "texture": "#books (bookshelf inside) type 1" },
        "north": { "uv": [ 0, 0, 1.25, 5.75 ], "texture": "#books (bookshelf inside) type 1" },
        "south": { "uv": [ 1.5, 0, 2.75, 5.75 ], "texture": "#books (bookshelf inside) type 1" },
        "west":  { "uv": [ 2.75, 0, 7.25, 5.75 ], "texture": "#books (bookshelf inside) type 1" },
        "east":  { "uv": [ 3, 0, 7.25, 5.75 ], "texture": "#books (bookshelf inside) type 1" }
    }
},
{
    "__comment": "Book 4*",
    "from": [ 8.5, 7.75, 0.5 ],
    "to": [ 9.75, 13.25, 3.75 ],
    "rotation": { "origin": [ 8.5, 13.25, 0.5 ], "axis": "z", "angle": -45 },
    "faces": {
        "down":  { "uv": [ 9, 4, 10.25, 0 ], "texture": "#books (bookshelf inside) type 1" },
        "up":    { "uv": [ 9, 0, 10.25, 4 ], "texture": "#books (bookshelf inside) type 1" },
        "north": { "uv": [ 0, 0, 1.25, 5.75 ], "texture": "#books (bookshelf inside) type 1" },
        "south": { "uv": [ 1.5, 0, 2.75, 5.75 ], "texture": "#books (bookshelf inside) type 1" },
        "west":  { "uv": [ 2.75, 0, 7.25, 5.75 ], "texture": "#books (bookshelf inside) type 1" },
        "east":  { "uv": [ 3, 0, 7.25, 5.75 ], "texture": "#books (bookshelf inside) type 1" }
    }
},
{
    "__comment": "Book 4",
    "from": [ 11.75, 8.5, 0.25 ],
    "to": [ 13, 14, 3.5 ],
    "rotation": { "origin": [ 11.75, 8.5, 0.25 ], "axis": "y", "angle": -22.5 },
    "faces": {
        "down":  { "uv": [ 9, 4, 10.25, 0 ], "texture": "#books (bookshelf inside) type 1" },
        "up":    { "uv": [ 9, 0, 10.25, 4 ], "texture": "#books (bookshelf inside) type 1" },
        "north": { "uv": [ 0, 0, 1.25, 5.75 ], "texture": "#books (bookshelf inside) type 1" },
        "south": { "uv": [ 1.5, 0, 2.75, 5.75 ], "texture": "#books (bookshelf inside) type 1" },
        "west":  { "uv": [ 2.75, 0, 7.25, 5.75 ], "texture": "#books (bookshelf inside) type 1" },
        "east":  { "uv": [ 3, 0, 7.25, 5.75 ], "texture": "#books (bookshelf inside) type 1" }
    }
},
{
    "__comment": "Book 3*",
    "from": [ 12.25, 8.5, 11 ],
    "to": [ 15.5, 14, 12.25 ],
    "faces": {
        "down":  { "uv": [ 1.75, 10.25, 5.75, 9 ], "texture": "#books (bookshelf inside) type 1" },
        "up":    { "uv": [ 1.75, 9, 5.75, 10.25 ], "texture": "#books (bookshelf inside) type 1" },
        "north": { "uv": [ 3, 0, 7.25, 5.75 ], "texture": "#books (bookshelf inside) type 1" },
        "south": { "uv": [ 3, 0, 7.25, 5.75 ], "texture": "#books (bookshelf inside) type 1" },
        "west":  { "uv": [ 1.5, 0, 2.75, 5.75 ], "texture": "#books (bookshelf inside) type 1" },
        "east":  { "uv": [ 0, 0, 1.25, 5.75 ], "texture": "#books (bookshelf inside) type 1" }
    }
},
{
    "__comment": "Book 3*",
    "from": [ 12.25, 8.5, 4 ],
    "to": [ 15.5, 14, 5.25 ],
    "rotation": { "origin": [ 12.25, 8.5, 4 ], "axis": "y", "angle": 22.5 },
    "faces": {
        "down":  { "uv": [ 1.75, 10.25, 5.75, 9 ], "texture": "#books (bookshelf inside) type 1" },
        "up":    { "uv": [ 1.75, 9, 5.75, 10.25 ], "texture": "#books (bookshelf inside) type 1" },
        "north": { "uv": [ 3, 0, 7.25, 5.75 ], "texture": "#books (bookshelf inside) type 1" },
        "south": { "uv": [ 3, 0, 7.25, 5.75 ], "texture": "#books (bookshelf inside) type 1" },
        "west":  { "uv": [ 1.5, 0, 2.75, 5.75 ], "texture": "#books (bookshelf inside) type 1" },
        "east":  { "uv": [ 0, 0, 1.25, 5.75 ], "texture": "#books (bookshelf inside) type 1" }
    }
},
{
    "__comment": "Book 3*",
    "from": [ 12, 8.5, 5 ],
    "to": [ 15.25, 14, 6.25 ],
    "faces": {
        "down":  { "uv": [ 1.75, 10.25, 5.75, 9 ], "texture": "#books (bookshelf inside) type 1" },
        "up":    { "uv": [ 1.75, 9, 5.75, 10.25 ], "texture": "#books (bookshelf inside) type 1" },
        "north": { "uv": [ 3, 0, 7.25, 5.75 ], "texture": "#books (bookshelf inside) type 1" },
        "south": { "uv": [ 3, 0, 7.25, 5.75 ], "texture": "#books (bookshelf inside) type 1" },
        "west":  { "uv": [ 1.5, 0, 2.75, 5.75 ], "texture": "#books (bookshelf inside) type 1" },
        "east":  { "uv": [ 0, 0, 1.25, 5.75 ], "texture": "#books (bookshelf inside) type 1" }
    }
},
{
    "__comment": "Book 3*",
    "from": [ 11.75, 8.5, 8.25 ],
    "to": [ 15, 14, 9.5 ],
    "rotation": { "origin": [ 11.75, 14, 8.25 ], "axis": "x", "angle": 22.5 },
    "faces": {
        "down":  { "uv": [ 1.75, 10.25, 5.75, 9 ], "texture": "#books (bookshelf inside) type 1" },
        "up":    { "uv": [ 1.75, 9, 5.75, 10.25 ], "texture": "#books (bookshelf inside) type 1" },
        "north": { "uv": [ 3, 0, 7.25, 5.75 ], "texture": "#books (bookshelf inside) type 1" },
        "south": { "uv": [ 3, 0, 7.25, 5.75 ], "texture": "#books (bookshelf inside) type 1" },
        "west":  { "uv": [ 1.5, 0, 2.75, 5.75 ], "texture": "#books (bookshelf inside) type 1" },
        "east":  { "uv": [ 0, 0, 1.25, 5.75 ], "texture": "#books (bookshelf inside) type 1" }
    }
},
{
    "__comment": "Book 3*",
    "from": [ 11.75, 0.75, 5.25 ],
    "to": [ 15, 6.25, 6.5 ],
    "faces": {
        "down":  { "uv": [ 1.75, 10.25, 5.75, 9 ], "texture": "#books (bookshelf inside) type 1" },
        "up":    { "uv": [ 1.75, 9, 5.75, 10.25 ], "texture": "#books (bookshelf inside) type 1" },
        "north": { "uv": [ 3, 0, 7.25, 5.75 ], "texture": "#books (bookshelf inside) type 1" },
        "south": { "uv": [ 3, 0, 7.25, 5.75 ], "texture": "#books (bookshelf inside) type 1" },
        "west":  { "uv": [ 1.5, 0, 2.75, 5.75 ], "texture": "#books (bookshelf inside) type 1" },
        "east":  { "uv": [ 0, 0, 1.25, 5.75 ], "texture": "#books (bookshelf inside) type 1" }
    }
},
{
    "__comment": "Book 3*",
    "from": [ 12, 8.5, 9.5 ],
    "to": [ 15.25, 14, 10.75 ],
    "faces": {
        "down":  { "uv": [ 1.75, 10.25, 5.75, 9 ], "texture": "#books (bookshelf inside) type 1" },
        "up":    { "uv": [ 1.75, 9, 5.75, 10.25 ], "texture": "#books (bookshelf inside) type 1" },
        "north": { "uv": [ 3, 0, 7.25, 5.75 ], "texture": "#books (bookshelf inside) type 1" },
        "south": { "uv": [ 3, 0, 7.25, 5.75 ], "texture": "#books (bookshelf inside) type 1" },
        "west":  { "uv": [ 1.5, 0, 2.75, 5.75 ], "texture": "#books (bookshelf inside) type 1" },
        "east":  { "uv": [ 0, 0, 1.25, 5.75 ], "texture": "#books (bookshelf inside) type 1" }
    }
},
{
    "__comment": "Book 3*",
    "from": [ 12.5, 0.75, 11 ],
    "to": [ 15.75, 6.25, 12.25 ],
    "rotation": { "origin": [ 12.5, 0.75, 11 ], "axis": "y", "angle": -22.5 },
    "faces": {
        "down":  { "uv": [ 1.75, 10.25, 5.75, 9 ], "texture": "#books (bookshelf inside) type 1" },
        "up":    { "uv": [ 1.75, 9, 5.75, 10.25 ], "texture": "#books (bookshelf inside) type 1" },
        "north": { "uv": [ 3, 0, 7.25, 5.75 ], "texture": "#books (bookshelf inside) type 1" },
        "south": { "uv": [ 3, 0, 7.25, 5.75 ], "texture": "#books (bookshelf inside) type 1" },
        "west":  { "uv": [ 1.5, 0, 2.75, 5.75 ], "texture": "#books (bookshelf inside) type 1" },
        "east":  { "uv": [ 0, 0, 1.25, 5.75 ], "texture": "#books (bookshelf inside) type 1" }
    }
},
{
    "__comment": "Book 3*",
    "from": [ 11.5, -1, 6.5 ],
    "to": [ 14.75, 4.5, 7.75 ],
    "rotation": { "origin": [ 11.5, 4.5, 6.5 ], "axis": "x", "angle": -45 },
    "faces": {
        "down":  { "uv": [ 1.75, 10.25, 5.75, 9 ], "texture": "#books (bookshelf inside) type 1" },
        "up":    { "uv": [ 1.75, 9, 5.75, 10.25 ], "texture": "#books (bookshelf inside) type 1" },
        "north": { "uv": [ 3, 0, 7.25, 5.75 ], "texture": "#books (bookshelf inside) type 1" },
        "south": { "uv": [ 3, 0, 7.25, 5.75 ], "texture": "#books (bookshelf inside) type 1" },
        "west":  { "uv": [ 1.5, 0, 2.75, 5.75 ], "texture": "#books (bookshelf inside) type 1" },
        "east":  { "uv": [ 0, 0, 1.25, 5.75 ], "texture": "#books (bookshelf inside) type 1" }
    }
},
{
    "__comment": "Book 3",
    "from": [ 12, 0.75, 4.25 ],
    "to": [ 15.25, 6.25, 5.5 ],
    "rotation": { "origin": [ 12, 0.75, 4.25 ], "axis": "y", "angle": 22.5 },
    "faces": {
        "down":  { "uv": [ 1.75, 10.25, 5.75, 9 ], "texture": "#books (bookshelf inside) type 1" },
        "up":    { "uv": [ 1.75, 9, 5.75, 10.25 ], "texture": "#books (bookshelf inside) type 1" },
        "north": { "uv": [ 3, 0, 7.25, 5.75 ], "texture": "#books (bookshelf inside) type 1" },
        "south": { "uv": [ 3, 0, 7.25, 5.75 ], "texture": "#books (bookshelf inside) type 1" },
        "west":  { "uv": [ 1.5, 0, 2.75, 5.75 ], "texture": "#books (bookshelf inside) type 1" },
        "east":  { "uv": [ 0, 0, 1.25, 5.75 ], "texture": "#books (bookshelf inside) type 1" }
    }
},
{
    "__comment": "Book 2*",
    "from": [ 0.5, 0.5, 10.5 ],
    "to": [ 3.75, 6, 11.75 ],
    "faces": {
        "down":  { "uv": [ 0, 8.75, 4, 7.5 ], "texture": "#books (bookshelf inside) type 1" },
        "up":    { "uv": [ 0, 7.5, 4, 8.75 ], "texture": "#books (bookshelf inside) type 1" },
        "north": { "uv": [ 3, 0, 7.25, 5.75 ], "texture": "#books (bookshelf inside) type 1" },
        "south": { "uv": [ 3, 0, 7.25, 5.75 ], "texture": "#books (bookshelf inside) type 1" },
        "west":  { "uv": [ 0, 0, 1.25, 5.75 ], "texture": "#books (bookshelf inside) type 1" },
        "east":  { "uv": [ 1.5, 0, 2.75, 5.75 ], "texture": "#books (bookshelf inside) type 1" }
    }
},
{
    "__comment": "Book 2*",
    "from": [ 1, 0.5, 8.75 ],
    "to": [ 4.25, 6, 10 ],
    "faces": {
        "down":  { "uv": [ 0, 8.75, 4, 7.5 ], "texture": "#books (bookshelf inside) type 1" },
        "up":    { "uv": [ 0, 7.5, 4, 8.75 ], "texture": "#books (bookshelf inside) type 1" },
        "north": { "uv": [ 3, 0, 7.25, 5.75 ], "texture": "#books (bookshelf inside) type 1" },
        "south": { "uv": [ 3, 0, 7.25, 5.75 ], "texture": "#books (bookshelf inside) type 1" },
        "west":  { "uv": [ 0, 0, 1.25, 5.75 ], "texture": "#books (bookshelf inside) type 1" },
        "east":  { "uv": [ 1.5, 0, 2.75, 5.75 ], "texture": "#books (bookshelf inside) type 1" }
    }
},
{
    "__comment": "Book 2*",
    "from": [ 1.25, 0.25, 5.5 ],
    "to": [ 4.5, 5.75, 6.75 ],
    "rotation": { "origin": [ 1.25, 5.75, 5.5 ], "axis": "x", "angle": -22.5 },
    "faces": {
        "down":  { "uv": [ 0, 8.75, 4, 7.5 ], "texture": "#books (bookshelf inside) type 1" },
        "up":    { "uv": [ 0, 7.5, 4, 8.75 ], "texture": "#books (bookshelf inside) type 1" },
        "north": { "uv": [ 3, 0, 7.25, 5.75 ], "texture": "#books (bookshelf inside) type 1" },
        "south": { "uv": [ 3, 0, 7.25, 5.75 ], "texture": "#books (bookshelf inside) type 1" },
        "west":  { "uv": [ 0, 0, 1.25, 5.75 ], "texture": "#books (bookshelf inside) type 1" },
        "east":  { "uv": [ 1.5, 0, 2.75, 5.75 ], "texture": "#books (bookshelf inside) type 1" }
    }
},
{
    "__comment": "Book 2*",
    "from": [ 1, 0.5, 3.25 ],
    "to": [ 4.25, 6, 4.5 ],
    "rotation": { "origin": [ 1, 0.5, 3.25 ], "axis": "y", "angle": -22.5 },
    "faces": {
        "down":  { "uv": [ 0, 8.75, 4, 7.5 ], "texture": "#books (bookshelf inside) type 1" },
        "up":    { "uv": [ 0, 7.5, 4, 8.75 ], "texture": "#books (bookshelf inside) type 1" },
        "north": { "uv": [ 3, 0, 7.25, 5.75 ], "texture": "#books (bookshelf inside) type 1" },
        "south": { "uv": [ 3, 0, 7.25, 5.75 ], "texture": "#books (bookshelf inside) type 1" },
        "west":  { "uv": [ 0, 0, 1.25, 5.75 ], "texture": "#books (bookshelf inside) type 1" },
        "east":  { "uv": [ 1.5, 0, 2.75, 5.75 ], "texture": "#books (bookshelf inside) type 1" }
    }
},
{
    "__comment": "Book 2*",
    "from": [ 0.5, 8.5, 3.5 ],
    "to": [ 3.75, 14, 4.75 ],
    "faces": {
        "down":  { "uv": [ 0, 8.75, 4, 7.5 ], "texture": "#books (bookshelf inside) type 1" },
        "up":    { "uv": [ 0, 7.5, 4, 8.75 ], "texture": "#books (bookshelf inside) type 1" },
        "north": { "uv": [ 3, 0, 7.25, 5.75 ], "texture": "#books (bookshelf inside) type 1" },
        "south": { "uv": [ 3, 0, 7.25, 5.75 ], "texture": "#books (bookshelf inside) type 1" },
        "west":  { "uv": [ 0, 0, 1.25, 5.75 ], "texture": "#books (bookshelf inside) type 1" },
        "east":  { "uv": [ 1.5, 0, 2.75, 5.75 ], "texture": "#books (bookshelf inside) type 1" }
    }
},
{
    "__comment": "Book 2*",
    "from": [ 0.5, 8.5, 9.5 ],
    "to": [ 3.75, 14, 10.75 ],
    "faces": {
        "down":  { "uv": [ 0, 8.75, 4, 7.5 ], "texture": "#books (bookshelf inside) type 1" },
        "up":    { "uv": [ 0, 7.5, 4, 8.75 ], "texture": "#books (bookshelf inside) type 1" },
        "north": { "uv": [ 3, 0, 7.25, 5.75 ], "texture": "#books (bookshelf inside) type 1" },
        "south": { "uv": [ 3, 0, 7.25, 5.75 ], "texture": "#books (bookshelf inside) type 1" },
        "west":  { "uv": [ 0, 0, 1.25, 5.75 ], "texture": "#books (bookshelf inside) type 1" },
        "east":  { "uv": [ 1.5, 0, 2.75, 5.75 ], "texture": "#books (bookshelf inside) type 1" }
    }
},
{
    "__comment": "Book 2*",
    "from": [ 1.25, 8.5, 8 ],
    "to": [ 4.5, 14, 9.25 ],
    "faces": {
        "down":  { "uv": [ 0, 8.75, 4, 7.5 ], "texture": "#books (bookshelf inside) type 1" },
        "up":    { "uv": [ 0, 7.5, 4, 8.75 ], "texture": "#books (bookshelf inside) type 1" },
        "north": { "uv": [ 3, 0, 7.25, 5.75 ], "texture": "#books (bookshelf inside) type 1" },
        "south": { "uv": [ 3, 0, 7.25, 5.75 ], "texture": "#books (bookshelf inside) type 1" },
        "west":  { "uv": [ 0, 0, 1.25, 5.75 ], "texture": "#books (bookshelf inside) type 1" },
        "east":  { "uv": [ 1.5, 0, 2.75, 5.75 ], "texture": "#books (bookshelf inside) type 1" }
    }
},
{
    "__comment": "Book 2*",
    "from": [ 0.5, 8.5, 11.75 ],
    "to": [ 3.75, 14, 13 ],
    "rotation": { "origin": [ 0.5, 8.5, 11.75 ], "axis": "y", "angle": 22.5 },
    "faces": {
        "down":  { "uv": [ 0, 8.75, 4, 7.5 ], "texture": "#books (bookshelf inside) type 1" },
        "up":    { "uv": [ 0, 7.5, 4, 8.75 ], "texture": "#books (bookshelf inside) type 1" },
        "north": { "uv": [ 3, 0, 7.25, 5.75 ], "texture": "#books (bookshelf inside) type 1" },
        "south": { "uv": [ 3, 0, 7.25, 5.75 ], "texture": "#books (bookshelf inside) type 1" },
        "west":  { "uv": [ 0, 0, 1.25, 5.75 ], "texture": "#books (bookshelf inside) type 1" },
        "east":  { "uv": [ 1.5, 0, 2.75, 5.75 ], "texture": "#books (bookshelf inside) type 1" }
    }
},
{
    "__comment": "back wall",
    "from": [ 5.25, 0.75, 5 ],
    "to": [ 10.75, 15.25, 11 ],
    "faces": {
        "down":  { "uv": [ 5.5, 10.75, 10.5, 5.25 ], "texture": "#planks_oak inside walls" },
        "up":    { "uv": [ 5.5, 5.25, 10.5, 10.75 ], "texture": "#planks_oak inside walls" },
        "north": { "uv": [ 5.5, 4, 10.5, 12 ], "texture": "#planks_oak inside walls" },
        "south": { "uv": [ 5.5, 4, 10.5, 12 ], "texture": "#planks_oak inside walls" },
        "west":  { "uv": [ 5.25, 4, 10.75, 12 ], "texture": "#planks_oak inside walls" },
        "east":  { "uv": [ 5.25, 4, 10.75, 12 ], "texture": "#planks_oak inside walls" }
    }
},
{
    "__comment": "Book 2",
    "from": [ 0.75, 8, 4.75 ],
    "to": [ 4, 13.5, 6 ],
    "rotation": { "origin": [ 0.75, 13.5, 4.75 ], "axis": "x", "angle": -22.5 },
    "faces": {
        "down":  { "uv": [ 0, 8.75, 4, 7.5 ], "texture": "#books (bookshelf inside) type 1" },
        "up":    { "uv": [ 0, 7.5, 4, 8.75 ], "texture": "#books (bookshelf inside) type 1" },
        "north": { "uv": [ 3, 0, 7.25, 5.75 ], "texture": "#books (bookshelf inside) type 1" },
        "south": { "uv": [ 3, 0, 7.25, 5.75 ], "texture": "#books (bookshelf inside) type 1" },
        "west":  { "uv": [ 0, 0, 1.25, 5.75 ], "texture": "#books (bookshelf inside) type 1" },
        "east":  { "uv": [ 1.5, 0, 2.75, 5.75 ], "texture": "#books (bookshelf inside) type 1" }
    }
},
{
    "__comment": "Book 1*",
    "from": [ 7.25, 0.25, 12 ],
    "to": [ 8.5, 5.75, 15.25 ],
    "rotation": { "origin": [ 7.25, 5.75, 12 ], "axis": "z", "angle": 22.5 },
    "faces": {
        "down":  { "uv": [ 7.5, 5.75, 8.75, 1.75 ], "texture": "#books (bookshelf inside) type 1" },
        "up":    { "uv": [ 7.5, 1.75, 8.75, 5.75 ], "texture": "#books (bookshelf inside) type 1" },
        "north": { "uv": [ 1.5, 0, 2.75, 5.75 ], "texture": "#books (bookshelf inside) type 1" },
        "south": { "uv": [ 0, 0, 1.25, 5.75 ], "texture": "#books (bookshelf inside) type 1" },
        "west":  { "uv": [ 2.75, 0, 7.25, 5.75 ], "texture": "#books (bookshelf inside) type 1" },
        "east":  { "uv": [ 3, 0, 7.25, 5.75 ], "texture": "#books (bookshelf inside) type 1" }
    }
},
{
    "__comment": "Book 1*",
    "from": [ 3.6875, 0.75, 12.125 ],
    "to": [ 4.9375, 6.25, 15.375 ],
    "rotation": { "origin": [ 3.6875, 0.75, 12.125 ], "axis": "y", "angle": -22.5 },
    "faces": {
        "down":  { "uv": [ 7.5, 5.75, 8.75, 1.75 ], "texture": "#books (bookshelf inside) type 1" },
        "up":    { "uv": [ 7.5, 1.75, 8.75, 5.75 ], "texture": "#books (bookshelf inside) type 1" },
        "north": { "uv": [ 1.5, 0, 2.75, 5.75 ], "texture": "#books (bookshelf inside) type 1" },
        "south": { "uv": [ 0, 0, 1.25, 5.75 ], "texture": "#books (bookshelf inside) type 1" },
        "west":  { "uv": [ 2.75, 0, 7.25, 5.75 ], "texture": "#books (bookshelf inside) type 1" },
        "east":  { "uv": [ 3, 0, 7.25, 5.75 ], "texture": "#books (bookshelf inside) type 1" }
    }
},
{
    "__comment": "Book 1*",
    "from": [ 4.5, 0.75, 12.25 ],
    "to": [ 5.75, 6.25, 15.5 ],
    "faces": {
        "down":  { "uv": [ 7.5, 5.75, 8.75, 1.75 ], "texture": "#books (bookshelf inside) type 1" },
        "up":    { "uv": [ 7.5, 1.75, 8.75, 5.75 ], "texture": "#books (bookshelf inside) type 1" },
        "north": { "uv": [ 1.5, 0, 2.75, 5.75 ], "texture": "#books (bookshelf inside) type 1" },
        "south": { "uv": [ 0, 0, 1.25, 5.75 ], "texture": "#books (bookshelf inside) type 1" },
        "west":  { "uv": [ 2.75, 0, 7.25, 5.75 ], "texture": "#books (bookshelf inside) type 1" },
        "east":  { "uv": [ 3, 0, 7.25, 5.75 ], "texture": "#books (bookshelf inside) type 1" }
    }
},
{
    "__comment": "Book 1*",
    "from": [ 10.5, 0.75, 12.5 ],
    "to": [ 11.75, 6.25, 15.75 ],
    "faces": {
        "down":  { "uv": [ 7.5, 5.75, 8.75, 1.75 ], "texture": "#books (bookshelf inside) type 1" },
        "up":    { "uv": [ 7.5, 1.75, 8.75, 5.75 ], "texture": "#books (bookshelf inside) type 1" },
        "north": { "uv": [ 1.5, 0, 2.75, 5.75 ], "texture": "#books (bookshelf inside) type 1" },
        "south": { "uv": [ 0, 0, 1.25, 5.75 ], "texture": "#books (bookshelf inside) type 1" },
        "west":  { "uv": [ 2.75, 0, 7.25, 5.75 ], "texture": "#books (bookshelf inside) type 1" },
        "east":  { "uv": [ 3, 0, 7.25, 5.75 ], "texture": "#books (bookshelf inside) type 1" }
    }
},
{
    "__comment": "Book 1*",
    "from": [ 11.5, 8.5, 12.75 ],
    "to": [ 12.75, 14, 16 ],
    "rotation": { "origin": [ 11.5, 8.5, 12.75 ], "axis": "y", "angle": 22.5 },
    "faces": {
        "down":  { "uv": [ 7.5, 5.75, 8.75, 1.75 ], "texture": "#books (bookshelf inside) type 1" },
        "up":    { "uv": [ 7.5, 1.75, 8.75, 5.75 ], "texture": "#books (bookshelf inside) type 1" },
        "north": { "uv": [ 1.5, 0, 2.75, 5.75 ], "texture": "#books (bookshelf inside) type 1" },
        "south": { "uv": [ 0, 0, 1.25, 5.75 ], "texture": "#books (bookshelf inside) type 1" },
        "west":  { "uv": [ 2.75, 0, 7.25, 5.75 ], "texture": "#books (bookshelf inside) type 1" },
        "east":  { "uv": [ 3, 0, 7.25, 5.75 ], "texture": "#books (bookshelf inside) type 1" }
    }
},
{
    "__comment": "Book 1*",
    "from": [ 10.25, 8.5, 12 ],
    "to": [ 11.5, 14, 15.25 ],
    "faces": {
        "down":  { "uv": [ 7.5, 5.75, 8.75, 1.75 ], "texture": "#books (bookshelf inside) type 1" },
        "up":    { "uv": [ 7.5, 1.75, 8.75, 5.75 ], "texture": "#books (bookshelf inside) type 1" },
        "north": { "uv": [ 1.5, 0, 2.75, 5.75 ], "texture": "#books (bookshelf inside) type 1" },
        "south": { "uv": [ 0, 0, 1.25, 5.75 ], "texture": "#books (bookshelf inside) type 1" },
        "west":  { "uv": [ 2.75, 0, 7.25, 5.75 ], "texture": "#books (bookshelf inside) type 1" },
        "east":  { "uv": [ 3, 0, 7.25, 5.75 ], "texture": "#books (bookshelf inside) type 1" }
    }
},
{
    "__comment": "Book 1*",
    "from": [ 7.5, 7.75, 12.5 ],
    "to": [ 8.75, 13.25, 15.75 ],
    "rotation": { "origin": [ 7.5, 13.25, 12.5 ], "axis": "z", "angle": -45 },
    "faces": {
        "down":  { "uv": [ 7.5, 5.75, 8.75, 1.75 ], "texture": "#books (bookshelf inside) type 1" },
        "up":    { "uv": [ 7.5, 1.75, 8.75, 5.75 ], "texture": "#books (bookshelf inside) type 1" },
        "north": { "uv": [ 1.5, 0, 2.75, 5.75 ], "texture": "#books (bookshelf inside) type 1" },
        "south": { "uv": [ 0, 0, 1.25, 5.75 ], "texture": "#books (bookshelf inside) type 1" },
        "west":  { "uv": [ 2.75, 0, 7.25, 5.75 ], "texture": "#books (bookshelf inside) type 1" },
        "east":  { "uv": [ 3, 0, 7.25, 5.75 ], "texture": "#books (bookshelf inside) type 1" }
    }
},
{
    "__comment": "Book 1*",
    "from": [ 9, 8.5, 11.5 ],
    "to": [ 10.25, 14, 14.75 ],
    "rotation": { "origin": [ 9, 14, 11.5 ], "axis": "z", "angle": -22.5 },
    "faces": {
        "down":  { "uv": [ 7.5, 5.75, 8.75, 1.75 ], "texture": "#books (bookshelf inside) type 1" },
        "up":    { "uv": [ 7.5, 1.75, 8.75, 5.75 ], "texture": "#books (bookshelf inside) type 1" },
        "north": { "uv": [ 1.5, 0, 2.75, 5.75 ], "texture": "#books (bookshelf inside) type 1" },
        "south": { "uv": [ 0, 0, 1.25, 5.75 ], "texture": "#books (bookshelf inside) type 1" },
        "west":  { "uv": [ 2.75, 0, 7.25, 5.75 ], "texture": "#books (bookshelf inside) type 1" },
        "east":  { "uv": [ 3, 0, 7.25, 5.75 ], "texture": "#books (bookshelf inside) type 1" }
    }
},
{
    "__comment": "Book 1",
    "from": [ 5.75, 0.25, 11.75 ],
    "to": [ 7, 5.75, 15 ],
    "rotation": { "origin": [ 5.75, 5.75, 11.75 ], "axis": "z", "angle": 22.5 },
    "faces": {
        "down":  { "uv": [ 7.5, 5.75, 8.75, 1.75 ], "texture": "#books (bookshelf inside) type 1" },
        "up":    { "uv": [ 7.5, 1.75, 8.75, 5.75 ], "texture": "#books (bookshelf inside) type 1" },
        "north": { "uv": [ 1.5, 0, 2.75, 5.75 ], "texture": "#books (bookshelf inside) type 1" },
        "south": { "uv": [ 0, 0, 1.25, 5.75 ], "texture": "#books (bookshelf inside) type 1" },
        "west":  { "uv": [ 2.75, 0, 7.25, 5.75 ], "texture": "#books (bookshelf inside) type 1" },
        "east":  { "uv": [ 3, 0, 7.25, 5.75 ], "texture": "#books (bookshelf inside) type 1" }
    }
},
{
    "__comment": "Wall*",
    "from": [ 0.0625, 0.75, 0.8125 ],
    "to": [ 1.0625, 15.25, 22.3125 ],
    "rotation": { "origin": [ 0.0625, 0.75, 0.8125 ], "axis": "y", "angle": 45 },
    "faces": {
        "down":  { "uv": [ 2, 12, 2.75, 4 ], "texture": "#planks_oak inside walls" },
        "up":    { "uv": [ 2, 4, 2.75, 12 ], "texture": "#planks_oak inside walls" },
        "north": { "uv": [ 13.25, 4, 14, 12 ], "texture": "#planks_oak inside walls" },
        "south": { "uv": [ 2, 4, 2.75, 12 ], "texture": "#planks_oak inside walls" },
        "west":  { "uv": [ 2, 4, 14, 12 ], "texture": "#planks_oak inside walls" },
        "east":  { "uv": [ 2, 4, 14, 12 ], "texture": "#planks_oak inside walls" }
    }
},
{
    "__comment": "Wall",
    "from": [ 15.1875, 0.75, 0.0625 ],
    "to": [ 16.1875, 15.25, 21.5625 ],
    "rotation": { "origin": [ 15.1875, 0.75, 0.0625 ], "axis": "y", "angle": -45 },
    "faces": {
        "down":  { "uv": [ 2, 12, 2.75, 4 ], "texture": "#planks_oak inside walls" },
        "up":    { "uv": [ 2, 4, 2.75, 12 ], "texture": "#planks_oak inside walls" },
        "north": { "uv": [ 13.25, 4, 14, 12 ], "texture": "#planks_oak inside walls" },
        "south": { "uv": [ 2, 4, 2.75, 12 ], "texture": "#planks_oak inside walls" },
        "west":  { "uv": [ 2, 4, 14, 12 ], "texture": "#planks_oak inside walls" },
        "east":  { "uv": [ 2, 4, 14, 12 ], "texture": "#planks_oak inside walls" }
    }
},
{
    "__comment": "strut top*",
    "from": [ 0, 8.5, 15.25 ],
    "to": [ 0.75, 15.25, 16 ],
    "faces": {
        "down":  { "uv": [ 0, 16, 0.75, 15.25 ], "texture": "#texture" },
        "up":    { "uv": [ 0, 15.25, 0.75, 16 ], "texture": "#texture" },
        "north": { "uv": [ 15.25, 0.75, 16, 7.5 ], "texture": "#texture" },
        "south": { "uv": [ 0, 0.75, 0.75, 7.5 ], "texture": "#texture" },
        "west":  { "uv": [ 15.25, 0.75, 16, 7.5 ], "texture": "#texture" },
        "east":  { "uv": [ 0, 0.75, 0.75, 7.5 ], "texture": "#texture" }
    }
},
{
    "__comment": "strut top*",
    "from": [ 15.25, 8.5, 15.25 ],
    "to": [ 16, 15.25, 16 ],
    "faces": {
        "down":  { "uv": [ 15.25, 16, 16, 15.25 ], "texture": "#texture" },
        "up":    { "uv": [ 15.25, 15.25, 16, 16 ], "texture": "#texture" },
        "north": { "uv": [ 0, 0.75, 0.75, 7.5 ], "texture": "#texture" },
        "south": { "uv": [ 15.25, 0.75, 16, 7.5 ], "texture": "#texture" },
        "west":  { "uv": [ 15.25, 0.75, 16, 7.5 ], "texture": "#texture" },
        "east":  { "uv": [ 0, 0.75, 0.75, 7.5 ], "texture": "#texture" }
    }
},
{
    "__comment": "strut top*",
    "from": [ 15.25, 8.5, 0 ],
    "to": [ 16, 15.25, 0.75 ],
    "faces": {
        "down":  { "uv": [ 15.25, 0.75, 16, 0 ], "texture": "#texture" },
        "up":    { "uv": [ 15.25, 0, 16, 0.75 ], "texture": "#texture" },
        "north": { "uv": [ 0, 0.75, 0.75, 7.5 ], "texture": "#texture" },
        "south": { "uv": [ 15.25, 0.75, 16, 7.5 ], "texture": "#texture" },
        "west":  { "uv": [ 0, 0.75, 0.75, 7.5 ], "texture": "#texture" },
        "east":  { "uv": [ 15.25, 0.75, 16, 7.5 ], "texture": "#texture" }
    }
},
{
    "__comment": "strut top",
    "from": [ 0, 8.5, 0 ],
    "to": [ 0.75, 15.25, 0.75 ],
    "faces": {
        "down":  { "uv": [ 0, 0.75, 0.75, 0 ], "texture": "#texture" },
        "up":    { "uv": [ 0, 0, 0.75, 0.75 ], "texture": "#texture" },
        "north": { "uv": [ 15.25, 0.75, 16, 7.5 ], "texture": "#texture" },
        "south": { "uv": [ 0, 0.75, 0.75, 7.5 ], "texture": "#texture" },
        "west":  { "uv": [ 0, 0.75, 0.75, 7.5 ], "texture": "#texture" },
        "east":  { "uv": [ 15.25, 0.75, 16, 7.5 ], "texture": "#texture" }
    }
},
{
    "__comment": "strut bottom*",
    "from": [ 0, 0.75, 15.25 ],
    "to": [ 0.75, 7.5, 16 ],
    "faces": {
        "down":  { "uv": [ 0, 16, 0.75, 15.25 ], "texture": "#texture" },
        "up":    { "uv": [ 0, 15.25, 0.75, 16 ], "texture": "#texture" },
        "north": { "uv": [ 15.25, 8.5, 16, 15.25 ], "texture": "#texture" },
        "south": { "uv": [ 0, 8.5, 0.75, 15.25 ], "texture": "#texture" },
        "west":  { "uv": [ 15.25, 8.5, 16, 15.25 ], "texture": "#texture" },
        "east":  { "uv": [ 0, 8.5, 0.75, 15.25 ], "texture": "#texture" }
    }
},
{
    "__comment": "strut bottom*",
    "from": [ 15.25, 0.75, 15.25 ],
    "to": [ 16, 7.5, 16 ],
    "faces": {
        "down":  { "uv": [ 15.25, 16, 16, 15.25 ], "texture": "#texture" },
        "up":    { "uv": [ 15.25, 15.25, 16, 16 ], "texture": "#texture" },
        "north": { "uv": [ 0, 8.5, 0.75, 15.25 ], "texture": "#texture" },
        "south": { "uv": [ 15.25, 8.5, 16, 15.25 ], "texture": "#texture" },
        "west":  { "uv": [ 15.25, 8.5, 16, 15.25 ], "texture": "#texture" },
        "east":  { "uv": [ 0, 8.5, 0.75, 15.25 ], "texture": "#texture" }
    }
},
{
    "__comment": "strut bottom*",
    "from": [ 15.25, 0.75, 0 ],
    "to": [ 16, 7.5, 0.75 ],
    "faces": {
        "down":  { "uv": [ 15.25, 0.75, 16, 0 ], "texture": "#texture" },
        "up":    { "uv": [ 15.25, 0, 16, 0.75 ], "texture": "#texture" },
        "north": { "uv": [ 0, 8.5, 0.75, 15.25 ], "texture": "#texture" },
        "south": { "uv": [ 15.25, 8.5, 16, 15.25 ], "texture": "#texture" },
        "west":  { "uv": [ 0, 8.5, 0.75, 15.25 ], "texture": "#texture" },
        "east":  { "uv": [ 15.25, 8.5, 16, 15.25 ], "texture": "#texture" }
    }
},
{
    "__comment": "plate mid",
    "from": [ 0, 7.5, 0 ],
    "to": [ 16, 8.5, 16 ],
    "faces": {
        "down":  { "uv": [ 0, 16, 16, 0.25 ], "texture": "#planks_oak bookshelf inside floor" },
        "up":    { "uv": [ 0, 0.25, 16, 16 ], "texture": "#planks_oak bookshelf inside floor" },
        "north": { "uv": [ 0, 7.5, 16, 8.5 ], "texture": "#planks oak" },
        "south": { "uv": [ 0, 7.5, 16, 8.5 ], "texture": "#planks oak" },
        "west":  { "uv": [ 0.25, 7.5, 16, 8.5 ], "texture": "#planks oak" },
        "east":  { "uv": [ 0, 7.5, 15.75, 8.5 ], "texture": "#planks oak" }
    }
},
{
    "__comment": "strut bottom",
    "from": [ 0, 0.75, 0 ],
    "to": [ 0.75, 7.5, 0.75 ],
    "faces": {
        "down":  { "uv": [ 0, 0.75, 0.75, 0 ], "texture": "#texture" },
        "up":    { "uv": [ 0, 0, 0.75, 0.75 ], "texture": "#texture" },
        "north": { "uv": [ 15.25, 8.5, 16, 15.25 ], "texture": "#texture" },
        "south": { "uv": [ 0, 8.5, 0.75, 15.25 ], "texture": "#texture" },
        "west":  { "uv": [ 0, 8.5, 0.75, 15.25 ], "texture": "#texture" },
        "east":  { "uv": [ 15.25, 8.5, 16, 15.25 ], "texture": "#texture" }
    }
},
{
    "__comment": "plate bottom",
    "from": [ 0, 0, 0 ],
    "to": [ 16, 0.75, 16 ],
    "faces": {
        "down":  { "uv": [ 0, 16, 16, 0 ], "texture": "#planks oak" },
        "up":    { "uv": [ 0, 0, 16, 16 ], "texture": "#planks_oak bookshelf inside floor" },
        "north": { "uv": [ 0, 15.25, 16, 16 ], "texture": "#planks oak" },
        "south": { "uv": [ 0, 15.25, 16, 16 ], "texture": "#planks oak" },
        "west":  { "uv": [ 0, 15.25, 16, 16 ], "texture": "#planks oak" },
        "east":  { "uv": [ 0, 15.25, 16, 16 ], "texture": "#planks oak" }
    }
},
{
    "__comment": "plate top",
    "from": [ 0, 15.25, 0 ],
    "to": [ 16, 16, 16 ],
    "faces": {
        "down":  { "uv": [ 0, 16, 16, 0 ], "texture": "#planks_oak bookshelf inside floor" },
        "up":    { "uv": [ 0, 0, 16, 16 ], "texture": "#planks oak" },
        "north": { "uv": [ 0, 0, 16, 0.75 ], "texture": "#planks oak" },
        "south": { "uv": [ 0, 0, 16, 0.75 ], "texture": "#planks oak" },
        "west":  { "uv": [ 0, 0, 16, 0.75 ], "texture": "#planks oak" },
        "east":  { "uv": [ 0, 0, 16, 0.75 ], "texture": "#planks oak" }
    }
}
],
"display": {
    "thirdperson_righthand": {
        "rotation": [ 0, 0, 0 ],
        "translation": [ 0, 1.32, 1.13 ],
        "scale": [ 0.2, 0.2, 0.2 ]
    },
    "thirdperson_lefthand": {
        "rotation": [ 0, 0, 0 ],
        "translation": [ 0, 1.32, 1.13 ],
        "scale": [ 0.2, 0.2, 0.2 ]
    },
    "head": {
        "rotation": [ 0, 0, 0 ],
        "translation": [ 0, 14, 0 ],
        "scale": [ 1, 1, 1 ]
    },
    "ground": {
        "rotation": [ 0, 0, 0 ],
        "translation": [ 0, 1.5, 0 ],
        "scale": [ 0.3, 0.3, 0.3 ]
    },
    "fixed": {
        "rotation": [ 0, 0, 0 ],
        "translation": [ 0, 0, 0 ],
        "scale": [ 1, 1, 1 ]
    },
    "firstperson_righthand": {
        "rotation": [ 0, 10, 0 ],
        "translation": [ 0, 1.2, 1 ],
        "scale": [ 0.3, 0.3, 0.3 ]
    },
    "firstperson_lefthand": {
        "rotation": [ 0, 10, 0 ],
        "translation": [ 0, 1.2, 1 ],
        "scale": [ 0.3, 0.3, 0.3 ]
    },
    "gui": {
        "rotation": [ 14, 14, 0 ],
        "translation": [ 0, 0, 0 ],
        "scale": [ 0.8, 0.8, 0.8 ]
    }
}
}