{
"__comment": "Made by (c) Yannik Pipek. Make sure to inform yourself about my therms of use before using any of my work",
"textures": {
    "particle": "blocks/crafting_table_top",
    "crafting table frame wood": "blocks/crafting table frame wood",
    "Crafting Table Bottom": "blocks/Crafting Table Bottom",
    "crafting_table_top": "blocks/crafting_table_top",
    "crafting_table_side": "blocks/crafting_table_side",
    "crafting_table_front": "blocks/crafting_table_front",
    "iron crafting table crafting fra": "blocks/iron crafting table crafting frame"
},
"elements": [ 
{
    "__comment": "Bottom Edges*",
    "from": [ 1.25, 0, 14.75 ],
    "to": [ 14.75, 1.25, 16 ],
    "faces": {
        "down":  { "uv": [ 1.25, 16, 14.75, 14.75 ], "texture": "#crafting table frame wood" },
        "up":    { "uv": [ 1.25, 14.75, 14.75, 16 ], "texture": "#crafting table frame wood" },
        "north": { "uv": [ 1.25, 14.75, 14.75, 16 ], "texture": "#crafting table frame wood" },
        "south": { "uv": [ 1.25, 14.75, 14.75, 16 ], "texture": "#crafting table frame wood" },
        "west":  { "uv": [ 14.75, 14.75, 16, 16 ], "texture": "#crafting table frame wood" },
        "east":  { "uv": [ 0, 14.75, 1.25, 16 ], "texture": "#crafting table frame wood" }
    }
},
{
    "__comment": "Bottom Edges*",
    "from": [ 0, 0, 1.25 ],
    "to": [ 1.25, 1.25, 14.75 ],
    "faces": {
        "down":  { "uv": [ 0, 14.75, 1.25, 1.25 ], "texture": "#crafting table frame wood" },
        "up":    { "uv": [ 0, 1.25, 1.25, 14.75 ], "texture": "#crafting table frame wood" },
        "north": { "uv": [ 14.75, 14.75, 16, 16 ], "texture": "#crafting table frame wood" },
        "south": { "uv": [ 0, 14.75, 1.25, 16 ], "texture": "#crafting table frame wood" },
        "west":  { "uv": [ 1.25, 14.75, 14.75, 16 ], "texture": "#crafting table frame wood" },
        "east":  { "uv": [ 1.25, 14.75, 14.75, 16 ], "texture": "#crafting table frame wood" }
    }
},
{
    "__comment": "Bottom Edges*",
    "from": [ 14.75, 0, 1.25 ],
    "to": [ 16, 1.25, 14.75 ],
    "faces": {
        "down":  { "uv": [ 1.25, 14.75, 0, 1.25 ], "texture": "#crafting table frame wood" },
        "up":    { "uv": [ 14.75, 1.25, 16, 14.75 ], "texture": "#crafting table frame wood" },
        "north": { "uv": [ 0, 14.75, 1.25, 16 ], "texture": "#crafting table frame wood" },
        "south": { "uv": [ 14.75, 14.75, 16, 16 ], "texture": "#crafting table frame wood" },
        "west":  { "uv": [ 1.25, 14.75, 14.75, 16 ], "texture": "#crafting table frame wood" },
        "east":  { "uv": [ 1.25, 14.75, 14.75, 16 ], "texture": "#crafting table frame wood" }
    }
},
{
    "__comment": "Bottom Edges*",
    "from": [ 1.25, 0, 0 ],
    "to": [ 14.75, 1.25, 1.25 ],
    "faces": {
        "down":  { "uv": [ 1.25, 1.25, 14.75, 0 ], "texture": "#crafting table frame wood" },
        "up":    { "uv": [ 1.25, 0, 14.75, 1.25 ], "texture": "#crafting table frame wood" },
        "north": { "uv": [ 1.25, 14.75, 14.75, 16 ], "texture": "#crafting table frame wood" },
        "south": { "uv": [ 1.25, 14.75, 14.75, 16 ], "texture": "#crafting table frame wood" },
        "west":  { "uv": [ 0, 14.75, 1.25, 16 ], "texture": "#crafting table frame wood" },
        "east":  { "uv": [ 14.75, 14.75, 16, 16 ], "texture": "#crafting table frame wood" }
    }
},
{
    "__comment": "Top Edges*",
    "from": [ 1.25, 14.75, 14.75 ],
    "to": [ 14.75, 16, 16 ],
    "faces": {
        "down":  { "uv": [ 1.25, 16, 14.75, 14.75 ], "texture": "#crafting table frame wood" },
        "up":    { "uv": [ 1.25, 14.75, 14.75, 16 ], "texture": "#crafting table frame wood" },
        "north": { "uv": [ 1.25, 0, 14.75, 1.25 ], "texture": "#crafting table frame wood" },
        "south": { "uv": [ 1.25, 0, 14.75, 1.25 ], "texture": "#crafting table frame wood" },
        "west":  { "uv": [ 14.75, 0, 16, 1.25 ], "texture": "#crafting table frame wood" },
        "east":  { "uv": [ 0, 0, 1.25, 1.25 ], "texture": "#crafting table frame wood" }
    }
},
{
    "__comment": "Top Edges*",
    "from": [ 1.25, 14.75, 0 ],
    "to": [ 14.75, 16, 1.25 ],
    "faces": {
        "down":  { "uv": [ 1.25, 1.25, 14.75, 0 ], "texture": "#crafting table frame wood" },
        "up":    { "uv": [ 1.25, 0, 14.75, 1.25 ], "texture": "#crafting table frame wood" },
        "north": { "uv": [ 1.25, 0, 14.75, 1.25 ], "texture": "#crafting table frame wood" },
        "south": { "uv": [ 1.25, 0, 14.75, 1.25 ], "texture": "#crafting table frame wood" },
        "west":  { "uv": [ 0, 0, 1.25, 1.25 ], "texture": "#crafting table frame wood" },
        "east":  { "uv": [ 14.75, 0, 16, 1.25 ], "texture": "#crafting table frame wood" }
    }
},
{
    "__comment": "Top Edges*",
    "from": [ 14.75, 14.75, 1.25 ],
    "to": [ 16, 16, 14.75 ],
    "faces": {
        "down":  { "uv": [ 14.75, 14.75, 16, 1.25 ], "texture": "#crafting table frame wood" },
        "up":    { "uv": [ 14.75, 1.25, 16, 14.75 ], "texture": "#crafting table frame wood" },
        "north": { "uv": [ 0, 0, 1.25, 1.25 ], "texture": "#crafting table frame wood" },
        "south": { "uv": [ 14.75, 0, 16, 1.25 ], "texture": "#crafting table frame wood" },
        "west":  { "uv": [ 1.25, 0, 14.75, 1.25 ], "texture": "#crafting table frame wood" },
        "east":  { "uv": [ 1.25, 0, 14.75, 1.25 ], "texture": "#crafting table frame wood" }
    }
},
{
    "__comment": "Top Edges",
    "from": [ 0, 14.75, 1.25 ],
    "to": [ 1.25, 16, 14.75 ],
    "faces": {
        "down":  { "uv": [ 0, 14.75, 1.25, 1.25 ], "texture": "#crafting table frame wood" },
        "up":    { "uv": [ 0, 1.25, 1.25, 14.75 ], "texture": "#crafting table frame wood" },
        "north": { "uv": [ 14.75, 0, 16, 1.25 ], "texture": "#crafting table frame wood" },
        "south": { "uv": [ 0, 0, 1.25, 1.25 ], "texture": "#crafting table frame wood" },
        "west":  { "uv": [ 1.25, 0, 14.75, 1.25 ], "texture": "#crafting table frame wood" },
        "east":  { "uv": [ 1.25, 0, 14.75, 1.25 ], "texture": "#crafting table frame wood" }
    }
},
{
    "__comment": "Side Corners",
    "from": [ 0, 0, 14.75 ],
    "to": [ 1.25, 16, 16 ],
    "faces": {
        "down":  { "uv": [ 0, 16, 1.25, 14.75 ], "texture": "#crafting table frame wood" },
        "up":    { "uv": [ 0, 14.75, 1.25, 16 ], "texture": "#crafting table frame wood" },
        "north": { "uv": [ 14.75, 0, 16, 16 ], "texture": "#crafting table frame wood" },
        "south": { "uv": [ 0, 0, 1.25, 16 ], "texture": "#crafting table frame wood" },
        "west":  { "uv": [ 14.75, 0, 16, 16 ], "texture": "#crafting table frame wood" },
        "east":  { "uv": [ 0, 0, 1.25, 16 ], "texture": "#crafting table frame wood" }
    }
},
{
    "__comment": "Side Corners",
    "from": [ 14.75, 0, 14.75 ],
    "to": [ 16, 16, 16 ],
    "faces": {
        "down":  { "uv": [ 14.75, 16, 16, 14.75 ], "texture": "#crafting table frame wood" },
        "up":    { "uv": [ 14.75, 14.75, 16, 16 ], "texture": "#crafting table frame wood" },
        "north": { "uv": [ 0, 0, 1.25, 16 ], "texture": "#crafting table frame wood" },
        "south": { "uv": [ 14.75, 0, 16, 16 ], "texture": "#crafting table frame wood" },
        "west":  { "uv": [ 14.75, 0, 16, 16 ], "texture": "#crafting table frame wood" },
        "east":  { "uv": [ 0, 0, 1.25, 16 ], "texture": "#crafting table frame wood" }
    }
},
{
    "__comment": "Side Corners",
    "from": [ 14.75, 0, 0 ],
    "to": [ 16, 16, 1.25 ],
    "faces": {
        "down":  { "uv": [ 14.75, 1.25, 16, 0 ], "texture": "#crafting table frame wood" },
        "up":    { "uv": [ 14.75, 0, 16, 1.25 ], "texture": "#crafting table frame wood" },
        "north": { "uv": [ 0, 0, 1.25, 16 ], "texture": "#crafting table frame wood" },
        "south": { "uv": [ 14.75, 0, 16, 16 ], "texture": "#crafting table frame wood" },
        "west":  { "uv": [ 0, 0, 1.25, 16 ], "texture": "#crafting table frame wood" },
        "east":  { "uv": [ 14.75, 0, 16, 16 ], "texture": "#crafting table frame wood" }
    }
},
{
    "__comment": "Side Corners",
    "from": [ 0, 0, 0 ],
    "to": [ 1.25, 16, 1.25 ],
    "faces": {
        "down":  { "uv": [ 0, 1.25, 1.25, 0 ], "texture": "#crafting table frame wood" },
        "up":    { "uv": [ 0, 0, 1.25, 1.25 ], "texture": "#crafting table frame wood" },
        "north": { "uv": [ 14.75, 0, 16, 16 ], "texture": "#crafting table frame wood" },
        "south": { "uv": [ 0, 0, 1.25, 16 ], "texture": "#crafting table frame wood" },
        "west":  { "uv": [ 0, 0, 1.25, 16 ], "texture": "#crafting table frame wood" },
        "east":  { "uv": [ 14.75, 0, 16, 16 ], "texture": "#crafting table frame wood" }
    }
},
{
    "__comment": "Crafting Table Inner",
    "from": [ 0.5, 0.5, 0.5 ],
    "to": [ 15.5, 15.5, 15.5 ],
    "faces": {
        "down":  { "uv": [ 15.5, 15.5, 0.5, 0.5 ], "texture": "#Crafting Table Bottom" },
        "up":    { "uv": [ 0.5, 0.5, 15.5, 15.5 ], "texture": "#crafting_table_top" },
        "north": { "uv": [ 0.5, 0.5, 15.5, 15.5 ], "texture": "#crafting_table_side" },
        "south": { "uv": [ 0.5, 0.5, 15.5, 15.5 ], "texture": "#crafting_table_front" },
        "west":  { "uv": [ 0.5, 0.5, 15.5, 15.5 ], "texture": "#crafting_table_side" },
        "east":  { "uv": [ 0.5, 0.5, 15.5, 15.5 ], "texture": "#crafting_table_side" }
    }
},
{
    "__comment": "Crafting Frame",
    "from": [ 4.5, 15.5, 4.5 ],
    "to": [ 11.5, 15.75, 5 ],
    "faces": {
        "down":  { "uv": [ 11.5, 5, 4.5, 4.5 ], "texture": "#iron crafting table crafting fra" },
        "up":    { "uv": [ 4.5, 4.5, 11.5, 5 ], "texture": "#iron crafting table crafting fra" },
        "north": { "uv": [ 4.5, 0.25, 11.5, 0.5 ], "texture": "#iron crafting table crafting fra" },
        "south": { "uv": [ 4.5, 0.25, 11.5, 0.5 ], "texture": "#iron crafting table crafting fra" },
        "west":  { "uv": [ 4.5, 0.25, 5, 0.5 ], "texture": "#iron crafting table crafting fra" },
        "east":  { "uv": [ 11, 0.25, 11.5, 0.5 ], "texture": "#iron crafting table crafting fra" }
    }
},
{
    "__comment": "Crafting Frame*",
    "from": [ 4.5, 15.5, 11 ],
    "to": [ 11.5, 15.75, 11.5 ],
    "faces": {
        "down":  { "uv": [ 11.5, 11.5, 4.5, 11 ], "texture": "#iron crafting table crafting fra" },
        "up":    { "uv": [ 4.5, 11, 11.5, 11.5 ], "texture": "#iron crafting table crafting fra" },
        "north": { "uv": [ 4.5, 0.25, 11.5, 0.5 ], "texture": "#iron crafting table crafting fra" },
        "south": { "uv": [ 4.5, 0.25, 11.5, 0.5 ], "texture": "#iron crafting table crafting fra" },
        "west":  { "uv": [ 11, 0.25, 11.5, 0.5 ], "texture": "#iron crafting table crafting fra" },
        "east":  { "uv": [ 4.5, 0.25, 5, 0.5 ], "texture": "#iron crafting table crafting fra" }
    }
},
{
    "__comment": "Crafting Frame*",
    "from": [ 4.5, 15.5, 5 ],
    "to": [ 5, 15.75, 11 ],
    "faces": {
        "down":  { "uv": [ 11.5, 11, 11, 5 ], "texture": "#iron crafting table crafting fra" },
        "up":    { "uv": [ 4.5, 5, 5, 11 ], "texture": "#iron crafting table crafting fra" },
        "north": { "uv": [ 11, 0.25, 11.5, 0.5 ], "texture": "#iron crafting table crafting fra" },
        "south": { "uv": [ 4.5, 0.25, 5, 0.5 ], "texture": "#iron crafting table crafting fra" },
        "west":  { "uv": [ 5, 0.25, 11, 0.5 ], "texture": "#iron crafting table crafting fra" },
        "east":  { "uv": [ 5, 0.25, 11, 0.5 ], "texture": "#iron crafting table crafting fra" }
    }
},
{
    "__comment": "Crafting Frame*",
    "from": [ 11, 15.5, 5 ],
    "to": [ 11.5, 15.75, 11 ],
    "faces": {
        "down":  { "uv": [ 5, 11, 4.5, 5 ], "texture": "#iron crafting table crafting fra" },
        "up":    { "uv": [ 11, 5, 11.5, 11 ], "texture": "#iron crafting table crafting fra" },
        "north": { "uv": [ 4.5, 0.25, 5, 0.5 ], "texture": "#iron crafting table crafting fra" },
        "south": { "uv": [ 11, 0.25, 11.5, 0.5 ], "texture": "#iron crafting table crafting fra" },
        "west":  { "uv": [ 5, 0.25, 11, 0.5 ], "texture": "#iron crafting table crafting fra" },
        "east":  { "uv": [ 5, 0.25, 11, 0.5 ], "texture": "#iron crafting table crafting fra" }
    }
},
{
    "__comment": "Crafting Frame*",
    "from": [ 6.75, 15.5, 5 ],
    "to": [ 7, 15.75, 11 ],
    "faces": {
        "down":  { "uv": [ 9.25, 11, 9, 5 ], "texture": "#iron crafting table crafting fra" },
        "up":    { "uv": [ 6.75, 5, 7, 11 ], "texture": "#iron crafting table crafting fra" },
        "north": { "uv": [ 9, 0.25, 9.25, 0.5 ], "texture": "#iron crafting table crafting fra" },
        "south": { "uv": [ 6.75, 0.25, 7, 0.5 ], "texture": "#iron crafting table crafting fra" },
        "west":  { "uv": [ 5, 0.25, 11, 0.5 ], "texture": "#iron crafting table crafting fra" },
        "east":  { "uv": [ 5, 0.25, 11, 0.5 ], "texture": "#iron crafting table crafting fra" }
    }
},
{
    "__comment": "Crafting Frame*",
    "from": [ 9, 15.5, 5 ],
    "to": [ 9.25, 15.75, 11 ],
    "faces": {
        "down":  { "uv": [ 7, 11, 6.75, 5 ], "texture": "#iron crafting table crafting fra" },
        "up":    { "uv": [ 9, 5, 9.25, 11 ], "texture": "#iron crafting table crafting fra" },
        "north": { "uv": [ 6.75, 0.25, 7, 0.5 ], "texture": "#iron crafting table crafting fra" },
        "south": { "uv": [ 9, 0.25, 9.25, 0.5 ], "texture": "#iron crafting table crafting fra" },
        "west":  { "uv": [ 5, 0.25, 11, 0.5 ], "texture": "#iron crafting table crafting fra" },
        "east":  { "uv": [ 5, 0.25, 11, 0.5 ], "texture": "#iron crafting table crafting fra" }
    }
},
{
    "__comment": "Crafting Frame*",
    "from": [ 5, 15.5, 6.75 ],
    "to": [ 11, 15.75, 7 ],
    "faces": {
        "down":  { "uv": [ 11, 7, 5, 6.75 ], "texture": "#iron crafting table crafting fra" },
        "up":    { "uv": [ 5, 6.75, 11, 7 ], "texture": "#iron crafting table crafting fra" },
        "north": { "uv": [ 5, 0.25, 11, 0.5 ], "texture": "#iron crafting table crafting fra" },
        "south": { "uv": [ 5, 0.25, 11, 0.5 ], "texture": "#iron crafting table crafting fra" },
        "west":  { "uv": [ 6.75, 0.25, 7, 0.5 ], "texture": "#iron crafting table crafting fra" },
        "east":  { "uv": [ 9, 0.25, 9.25, 0.5 ], "texture": "#iron crafting table crafting fra" }
    }
},
{
    "__comment": "Crafting Frame*",
    "from": [ 5, 15.5, 9 ],
    "to": [ 11, 15.75, 9.25 ],
    "faces": {
        "down":  { "uv": [ 11, 9.25, 5, 9 ], "texture": "#iron crafting table crafting fra" },
        "up":    { "uv": [ 5, 9, 11, 9.25 ], "texture": "#iron crafting table crafting fra" },
        "north": { "uv": [ 5, 0.25, 11, 0.5 ], "texture": "#iron crafting table crafting fra" },
        "south": { "uv": [ 5, 0.25, 11, 0.5 ], "texture": "#iron crafting table crafting fra" },
        "west":  { "uv": [ 9, 0.25, 9.25, 0.5 ], "texture": "#iron crafting table crafting fra" },
        "east":  { "uv": [ 6.75, 0.25, 7, 0.5 ], "texture": "#iron crafting table crafting fra" }
    }
},
{
    "__comment": "Top Corners",
    "from": [ 1.25, 15.25, 1.25 ],
    "to": [ 3.5, 15.75, 3.5 ],
    "faces": {
        "down":  { "uv": [ 14.75, 3.5, 12.5, 1.25 ], "texture": "#crafting table frame wood" },
        "up":    { "uv": [ 1.25, 1.25, 3.5, 3.5 ], "texture": "#crafting table frame wood" },
        "north": { "uv": [ 12.5, 0.25, 14.75, 0.75 ], "texture": "#crafting table frame wood" },
        "south": { "uv": [ 1.25, 0.25, 3.5, 0.75 ], "texture": "#crafting table frame wood" },
        "west":  { "uv": [ 1.25, 0.25, 3.5, 0.75 ], "texture": "#crafting table frame wood" },
        "east":  { "uv": [ 12.5, 0.25, 14.75, 0.75 ], "texture": "#crafting table frame wood" }
    }
},
{
    "__comment": "Top Corners*",
    "from": [ 12.5, 15.25, 1.25 ],
    "to": [ 14.75, 15.75, 3.5 ],
    "faces": {
        "down":  { "uv": [ 3.5, 3.5, 1.25, 1.25 ], "texture": "#crafting table frame wood" },
        "up":    { "uv": [ 12.5, 1.25, 14.75, 3.5 ], "texture": "#crafting table frame wood" },
        "north": { "uv": [ 1.25, 0.25, 3.5, 0.75 ], "texture": "#crafting table frame wood" },
        "south": { "uv": [ 12.5, 0.25, 14.75, 0.75 ], "texture": "#crafting table frame wood" },
        "west":  { "uv": [ 1.25, 0.25, 3.5, 0.75 ], "texture": "#crafting table frame wood" },
        "east":  { "uv": [ 12.5, 0.25, 14.75, 0.75 ], "texture": "#crafting table frame wood" }
    }
},
{
    "__comment": "Top Corners*",
    "from": [ 12.5, 15.25, 12.5 ],
    "to": [ 14.75, 15.75, 14.75 ],
    "faces": {
        "down":  { "uv": [ 3.5, 14.75, 1.25, 12.5 ], "texture": "#crafting table frame wood" },
        "up":    { "uv": [ 12.5, 12.5, 14.75, 14.75 ], "texture": "#crafting table frame wood" },
        "north": { "uv": [ 1.25, 0.25, 3.5, 0.75 ], "texture": "#crafting table frame wood" },
        "south": { "uv": [ 12.5, 0.25, 14.75, 0.75 ], "texture": "#crafting table frame wood" },
        "west":  { "uv": [ 12.5, 0.25, 14.75, 0.75 ], "texture": "#crafting table frame wood" },
        "east":  { "uv": [ 1.25, 0.25, 3.5, 0.75 ], "texture": "#crafting table frame wood" }
    }
},
{
    "__comment": "Top Corners*",
    "from": [ 1.25, 15.25, 12.5 ],
    "to": [ 3.5, 15.75, 14.75 ],
    "faces": {
        "down":  { "uv": [ 14.75, 14.75, 12.5, 12.5 ], "texture": "#crafting table frame wood" },
        "up":    { "uv": [ 1.25, 12.5, 3.5, 14.75 ], "texture": "#crafting table frame wood" },
        "north": { "uv": [ 12.5, 0.25, 14.75, 0.75 ], "texture": "#crafting table frame wood" },
        "south": { "uv": [ 1.25, 0.25, 3.5, 0.75 ], "texture": "#crafting table frame wood" },
        "west":  { "uv": [ 12.5, 0.25, 14.75, 0.75 ], "texture": "#crafting table frame wood" },
        "east":  { "uv": [ 1.25, 0.25, 3.5, 0.75 ], "texture": "#crafting table frame wood" }
    }
},
{
    "__comment": "Rivets",
    "from": [ 1.75, 15.25, 10.5 ],
    "to": [ 2.25, 15.75, 11 ],
    "faces": {
        "down":  { "uv": [ 14.25, 11, 13.75, 10.5 ], "texture": "#iron crafting table crafting fra" },
        "up":    { "uv": [ 1.75, 10.5, 2.25, 11 ], "texture": "#iron crafting table crafting fra" },
        "north": { "uv": [ 13.75, 0.25, 14.25, 0.75 ], "texture": "#iron crafting table crafting fra" },
        "south": { "uv": [ 1.75, 0.25, 2.25, 0.75 ], "texture": "#iron crafting table crafting fra" },
        "west":  { "uv": [ 10.5, 0.25, 11, 0.75 ], "texture": "#iron crafting table crafting fra" },
        "east":  { "uv": [ 5, 0.25, 5.5, 0.75 ], "texture": "#iron crafting table crafting fra" }
    }
},
{
    "__comment": "Rivets*",
    "from": [ 1.75, 15.25, 8.5 ],
    "to": [ 2.25, 15.75, 9 ],
    "faces": {
        "down":  { "uv": [ 14.25, 9, 13.75, 8.5 ], "texture": "#iron crafting table crafting fra" },
        "up":    { "uv": [ 1.75, 8.5, 2.25, 9 ], "texture": "#iron crafting table crafting fra" },
        "north": { "uv": [ 13.75, 0.25, 14.25, 0.75 ], "texture": "#iron crafting table crafting fra" },
        "south": { "uv": [ 1.75, 0.25, 2.25, 0.75 ], "texture": "#iron crafting table crafting fra" },
        "west":  { "uv": [ 8.5, 0.25, 9, 0.75 ], "texture": "#iron crafting table crafting fra" },
        "east":  { "uv": [ 7, 0.25, 7.5, 0.75 ], "texture": "#iron crafting table crafting fra" }
    }
},
{
    "__comment": "Rivets*",
    "from": [ 1.75, 15.25, 6.25 ],
    "to": [ 2.25, 15.75, 6.75 ],
    "faces": {
        "down":  { "uv": [ 14.25, 6.75, 13.75, 6.25 ], "texture": "#iron crafting table crafting fra" },
        "up":    { "uv": [ 1.75, 6.25, 2.25, 6.75 ], "texture": "#iron crafting table crafting fra" },
        "north": { "uv": [ 13.75, 0.25, 14.25, 0.75 ], "texture": "#iron crafting table crafting fra" },
        "south": { "uv": [ 1.75, 0.25, 2.25, 0.75 ], "texture": "#iron crafting table crafting fra" },
        "west":  { "uv": [ 6.25, 0.25, 6.75, 0.75 ], "texture": "#iron crafting table crafting fra" },
        "east":  { "uv": [ 9.25, 0.25, 9.75, 0.75 ], "texture": "#iron crafting table crafting fra" }
    }
},
{
    "__comment": "Rivets*",
    "from": [ 1.75, 15.25, 3.75 ],
    "to": [ 2.25, 15.75, 4.25 ],
    "faces": {
        "down":  { "uv": [ 14.25, 4.25, 13.75, 3.75 ], "texture": "#iron crafting table crafting fra" },
        "up":    { "uv": [ 1.75, 3.75, 2.25, 4.25 ], "texture": "#iron crafting table crafting fra" },
        "north": { "uv": [ 13.75, 0.25, 14.25, 0.75 ], "texture": "#iron crafting table crafting fra" },
        "south": { "uv": [ 1.75, 0.25, 2.25, 0.75 ], "texture": "#iron crafting table crafting fra" },
        "west":  { "uv": [ 3.75, 0.25, 4.25, 0.75 ], "texture": "#iron crafting table crafting fra" },
        "east":  { "uv": [ 11.75, 0.25, 12.25, 0.75 ], "texture": "#iron crafting table crafting fra" }
    }
},
{
    "__comment": "Rivets*",
    "from": [ 4.75, 15.25, 1.5 ],
    "to": [ 5.25, 15.75, 2 ],
    "faces": {
        "down":  { "uv": [ 11.25, 2, 10.75, 1.5 ], "texture": "#iron crafting table crafting fra" },
        "up":    { "uv": [ 4.75, 1.5, 5.25, 2 ], "texture": "#iron crafting table crafting fra" },
        "north": { "uv": [ 10.75, 0.25, 11.25, 0.75 ], "texture": "#iron crafting table crafting fra" },
        "south": { "uv": [ 4.75, 0.25, 5.25, 0.75 ], "texture": "#iron crafting table crafting fra" },
        "west":  { "uv": [ 1.5, 0.25, 2, 0.75 ], "texture": "#iron crafting table crafting fra" },
        "east":  { "uv": [ 14, 0.25, 14.5, 0.75 ], "texture": "#iron crafting table crafting fra" }
    }
},
{
    "__comment": "Rivets*",
    "from": [ 7, 15.25, 1.5 ],
    "to": [ 7.5, 15.75, 2 ],
    "faces": {
        "down":  { "uv": [ 9, 2, 8.5, 1.5 ], "texture": "#iron crafting table crafting fra" },
        "up":    { "uv": [ 7, 1.5, 7.5, 2 ], "texture": "#iron crafting table crafting fra" },
        "north": { "uv": [ 8.5, 0.25, 9, 0.75 ], "texture": "#iron crafting table crafting fra" },
        "south": { "uv": [ 7, 0.25, 7.5, 0.75 ], "texture": "#iron crafting table crafting fra" },
        "west":  { "uv": [ 1.5, 0.25, 2, 0.75 ], "texture": "#iron crafting table crafting fra" },
        "east":  { "uv": [ 14, 0.25, 14.5, 0.75 ], "texture": "#iron crafting table crafting fra" }
    }
},
{
    "__comment": "Rivets*",
    "from": [ 9.25, 15.25, 1.5 ],
    "to": [ 9.75, 15.75, 2 ],
    "faces": {
        "down":  { "uv": [ 6.75, 2, 6.25, 1.5 ], "texture": "#iron crafting table crafting fra" },
        "up":    { "uv": [ 9.25, 1.5, 9.75, 2 ], "texture": "#iron crafting table crafting fra" },
        "north": { "uv": [ 6.25, 0.25, 6.75, 0.75 ], "texture": "#iron crafting table crafting fra" },
        "south": { "uv": [ 9.25, 0.25, 9.75, 0.75 ], "texture": "#iron crafting table crafting fra" },
        "west":  { "uv": [ 1.5, 0.25, 2, 0.75 ], "texture": "#iron crafting table crafting fra" },
        "east":  { "uv": [ 14, 0.25, 14.5, 0.75 ], "texture": "#iron crafting table crafting fra" }
    }
},
{
    "__comment": "Rivets*",
    "from": [ 11.5, 15.25, 1.5 ],
    "to": [ 12, 15.75, 2 ],
    "faces": {
        "down":  { "uv": [ 4.5, 2, 4, 1.5 ], "texture": "#iron crafting table crafting fra" },
        "up":    { "uv": [ 11.5, 1.5, 12, 2 ], "texture": "#iron crafting table crafting fra" },
        "north": { "uv": [ 4, 0.25, 4.5, 0.75 ], "texture": "#iron crafting table crafting fra" },
        "south": { "uv": [ 11.5, 0.25, 12, 0.75 ], "texture": "#iron crafting table crafting fra" },
        "west":  { "uv": [ 1.5, 0.25, 2, 0.75 ], "texture": "#iron crafting table crafting fra" },
        "east":  { "uv": [ 14, 0.25, 14.5, 0.75 ], "texture": "#iron crafting table crafting fra" }
    }
},
{
    "__comment": "Rivets*",
    "from": [ 13.75, 15.25, 4 ],
    "to": [ 14.25, 15.75, 4.5 ],
    "faces": {
        "down":  { "uv": [ 2.25, 4.5, 1.75, 4 ], "texture": "#iron crafting table crafting fra" },
        "up":    { "uv": [ 13.75, 4, 14.25, 4.5 ], "texture": "#iron crafting table crafting fra" },
        "north": { "uv": [ 1.75, 0.25, 2.25, 0.75 ], "texture": "#iron crafting table crafting fra" },
        "south": { "uv": [ 13.75, 0.25, 14.25, 0.75 ], "texture": "#iron crafting table crafting fra" },
        "west":  { "uv": [ 4, 0.25, 4.5, 0.75 ], "texture": "#iron crafting table crafting fra" },
        "east":  { "uv": [ 11.5, 0.25, 12, 0.75 ], "texture": "#iron crafting table crafting fra" }
    }
},
{
    "__comment": "Rivets*",
    "from": [ 13.75, 15.25, 6.25 ],
    "to": [ 14.25, 15.75, 6.75 ],
    "faces": {
        "down":  { "uv": [ 2.25, 6.75, 1.75, 6.25 ], "texture": "#iron crafting table crafting fra" },
        "up":    { "uv": [ 13.75, 6.25, 14.25, 6.75 ], "texture": "#iron crafting table crafting fra" },
        "north": { "uv": [ 1.75, 0.25, 2.25, 0.75 ], "texture": "#iron crafting table crafting fra" },
        "south": { "uv": [ 13.75, 0.25, 14.25, 0.75 ], "texture": "#iron crafting table crafting fra" },
        "west":  { "uv": [ 6.25, 0.25, 6.75, 0.75 ], "texture": "#iron crafting table crafting fra" },
        "east":  { "uv": [ 9.25, 0.25, 9.75, 0.75 ], "texture": "#iron crafting table crafting fra" }
    }
},
{
    "__comment": "Rivets*",
    "from": [ 13.75, 15.25, 8.5 ],
    "to": [ 14.25, 15.75, 9 ],
    "faces": {
        "down":  { "uv": [ 2.25, 9, 1.75, 8.5 ], "texture": "#iron crafting table crafting fra" },
        "up":    { "uv": [ 13.75, 8.5, 14.25, 9 ], "texture": "#iron crafting table crafting fra" },
        "north": { "uv": [ 1.75, 0.25, 2.25, 0.75 ], "texture": "#iron crafting table crafting fra" },
        "south": { "uv": [ 13.75, 0.25, 14.25, 0.75 ], "texture": "#iron crafting table crafting fra" },
        "west":  { "uv": [ 8.5, 0.25, 9, 0.75 ], "texture": "#iron crafting table crafting fra" },
        "east":  { "uv": [ 7, 0.25, 7.5, 0.75 ], "texture": "#iron crafting table crafting fra" }
    }
},
{
    "__comment": "Rivets*",
    "from": [ 13.5, 15.25, 10.75 ],
    "to": [ 14.25, 15.75, 11.25 ],
    "faces": {
        "down":  { "uv": [ 2.5, 11.25, 1.75, 10.75 ], "texture": "#iron crafting table crafting fra" },
        "up":    { "uv": [ 13.5, 10.75, 14.25, 11.25 ], "texture": "#iron crafting table crafting fra" },
        "north": { "uv": [ 1.75, 0.25, 2.5, 0.75 ], "texture": "#iron crafting table crafting fra" },
        "south": { "uv": [ 13.5, 0.25, 14.25, 0.75 ], "texture": "#iron crafting table crafting fra" },
        "west":  { "uv": [ 10.75, 0.25, 11.25, 0.75 ], "texture": "#iron crafting table crafting fra" },
        "east":  { "uv": [ 4.75, 0.25, 5.25, 0.75 ], "texture": "#iron crafting table crafting fra" }
    }
},
{
    "__comment": "Rivets*",
    "from": [ 11.25, 15.25, 13.25 ],
    "to": [ 11.75, 15.75, 13.75 ],
    "faces": {
        "down":  { "uv": [ 4.75, 13.75, 4.25, 13.25 ], "texture": "#iron crafting table crafting fra" },
        "up":    { "uv": [ 11.25, 13.25, 11.75, 13.75 ], "texture": "#iron crafting table crafting fra" },
        "north": { "uv": [ 4.25, 0.25, 4.75, 0.75 ], "texture": "#iron crafting table crafting fra" },
        "south": { "uv": [ 11.25, 0.25, 11.75, 0.75 ], "texture": "#iron crafting table crafting fra" },
        "west":  { "uv": [ 13.25, 0.25, 13.75, 0.75 ], "texture": "#iron crafting table crafting fra" },
        "east":  { "uv": [ 2.25, 0.25, 2.75, 0.75 ], "texture": "#iron crafting table crafting fra" }
    }
},
{
    "__comment": "Rivets*",
    "from": [ 9.25, 15.25, 13.25 ],
    "to": [ 9.75, 15.75, 13.75 ],
    "faces": {
        "down":  { "uv": [ 6.75, 13.75, 6.25, 13.25 ], "texture": "#iron crafting table crafting fra" },
        "up":    { "uv": [ 9.25, 13.25, 9.75, 13.75 ], "texture": "#iron crafting table crafting fra" },
        "north": { "uv": [ 6.25, 0.25, 6.75, 0.75 ], "texture": "#iron crafting table crafting fra" },
        "south": { "uv": [ 9.25, 0.25, 9.75, 0.75 ], "texture": "#iron crafting table crafting fra" },
        "west":  { "uv": [ 13.25, 0.25, 13.75, 0.75 ], "texture": "#iron crafting table crafting fra" },
        "east":  { "uv": [ 2.25, 0.25, 2.75, 0.75 ], "texture": "#iron crafting table crafting fra" }
    }
},
{
    "__comment": "Rivets*",
    "from": [ 6.75, 15.25, 13.25 ],
    "to": [ 7.5, 15.75, 13.75 ],
    "faces": {
        "down":  { "uv": [ 9.25, 13.75, 8.5, 13.25 ], "texture": "#iron crafting table crafting fra" },
        "up":    { "uv": [ 6.75, 13.25, 7.5, 13.75 ], "texture": "#iron crafting table crafting fra" },
        "north": { "uv": [ 8.5, 0.25, 9.25, 0.75 ], "texture": "#iron crafting table crafting fra" },
        "south": { "uv": [ 6.75, 0.25, 7.5, 0.75 ], "texture": "#iron crafting table crafting fra" },
        "west":  { "uv": [ 13.25, 0.25, 13.75, 0.75 ], "texture": "#iron crafting table crafting fra" },
        "east":  { "uv": [ 2.25, 0.25, 2.75, 0.75 ], "texture": "#iron crafting table crafting fra" }
    }
},
{
    "__comment": "Rivets*",
    "from": [ 4.75, 15.25, 13.25 ],
    "to": [ 5.25, 15.75, 13.75 ],
    "faces": {
        "down":  { "uv": [ 11.25, 13.75, 10.75, 13.25 ], "texture": "#iron crafting table crafting fra" },
        "up":    { "uv": [ 4.75, 13.25, 5.25, 13.75 ], "texture": "#iron crafting table crafting fra" },
        "north": { "uv": [ 10.75, 0.25, 11.25, 0.75 ], "texture": "#iron crafting table crafting fra" },
        "south": { "uv": [ 4.75, 0.25, 5.25, 0.75 ], "texture": "#iron crafting table crafting fra" },
        "west":  { "uv": [ 13.25, 0.25, 13.75, 0.75 ], "texture": "#iron crafting table crafting fra" },
        "east":  { "uv": [ 2.25, 0.25, 2.75, 0.75 ], "texture": "#iron crafting table crafting fra" }
    }
},
{
    "__comment": "Top Corners*",
    "from": [ 1.25, 15.5, 13.5 ],
    "to": [ 2.5, 16, 14.75 ],
    "faces": {
        "down":  { "uv": [ 8.5, 7.25, 7.25, 6 ], "texture": "#crafting table frame wood" },
        "up":    { "uv": [ 7.25, 6, 8.5, 7.25 ], "texture": "#crafting table frame wood" },
        "north": { "uv": [ 13.5, 0, 14.75, 0.5 ], "texture": "#crafting table frame wood" },
        "south": { "uv": [ 1.25, 0, 2.5, 0.5 ], "texture": "#crafting table frame wood" },
        "west":  { "uv": [ 13.5, 0, 14.75, 0.5 ], "texture": "#crafting table frame wood" },
        "east":  { "uv": [ 1.25, 0, 2.5, 0.5 ], "texture": "#crafting table frame wood" }
    }
},
{
    "__comment": "Top Corners*",
    "from": [ 13.5, 15.5, 1.25 ],
    "to": [ 14.75, 16, 2.5 ],
    "faces": {
        "down":  { "uv": [ 8.5, 7.25, 7.25, 6 ], "texture": "#crafting table frame wood" },
        "up":    { "uv": [ 7.25, 6, 8.5, 7.25 ], "texture": "#crafting table frame wood" },
        "north": { "uv": [ 13.5, 0, 14.75, 0.5 ], "texture": "#crafting table frame wood" },
        "south": { "uv": [ 1.25, 0, 2.5, 0.5 ], "texture": "#crafting table frame wood" },
        "west":  { "uv": [ 13.5, 0, 14.75, 0.5 ], "texture": "#crafting table frame wood" },
        "east":  { "uv": [ 1.25, 0, 2.5, 0.5 ], "texture": "#crafting table frame wood" }
    }
},
{
    "__comment": "Top Corners*",
    "from": [ 1.25, 15.5, 1.25 ],
    "to": [ 2.5, 16, 2.5 ],
    "faces": {
        "down":  { "uv": [ 8.5, 7.25, 7.25, 6 ], "texture": "#crafting table frame wood" },
        "up":    { "uv": [ 7.25, 6, 8.5, 7.25 ], "texture": "#crafting table frame wood" },
        "north": { "uv": [ 13.5, 0, 14.75, 0.5 ], "texture": "#crafting table frame wood" },
        "south": { "uv": [ 1.25, 0, 2.5, 0.5 ], "texture": "#crafting table frame wood" },
        "west":  { "uv": [ 13.5, 0, 14.75, 0.5 ], "texture": "#crafting table frame wood" },
        "east":  { "uv": [ 1.25, 0, 2.5, 0.5 ], "texture": "#crafting table frame wood" }
    }
},
{
    "__comment": "Top Corners*",
    "from": [ 13.5, 15.5, 13.5 ],
    "to": [ 14.75, 16, 14.75 ],
    "faces": {
        "down":  { "uv": [ 8.5, 7.25, 7.25, 6 ], "texture": "#crafting table frame wood" },
        "up":    { "uv": [ 7.25, 6, 8.5, 7.25 ], "texture": "#crafting table frame wood" },
        "north": { "uv": [ 13.5, 0, 14.75, 0.5 ], "texture": "#crafting table frame wood" },
        "south": { "uv": [ 1.25, 0, 2.5, 0.5 ], "texture": "#crafting table frame wood" },
        "west":  { "uv": [ 13.5, 0, 14.75, 0.5 ], "texture": "#crafting table frame wood" },
        "east":  { "uv": [ 1.25, 0, 2.5, 0.5 ], "texture": "#crafting table frame wood" }
    }
}
],
"display": {
    "thirdperson_righthand": {
        "rotation": [ 0, 0, 0 ],
        "translation": [ 0, 1.32, 1.13 ],
        "scale": [ 0.2, 0.2, 0.2 ]
    },
    "thirdperson_lefthand": {
        "rotation": [ 0, 0, 0 ],
        "translation": [ 0, 1.32, 1.13 ],
        "scale": [ 0.2, 0.2, 0.2 ]
    },
    "head": {
        "rotation": [ 0, 0, 0 ],
        "translation": [ 0, 14, 0 ],
        "scale": [ 1, 1, 1 ]
    },
    "ground": {
        "rotation": [ 0, 0, 0 ],
        "translation": [ 0, 1.5, 0 ],
        "scale": [ 0.3, 0.3, 0.3 ]
    },
    "fixed": {
        "rotation": [ 0, 0, 0 ],
        "translation": [ 0, 0, 0 ],
        "scale": [ 1, 1, 1 ]
    },
    "firstperson_righthand": {
        "rotation": [ 0, 10, 0 ],
        "translation": [ 0, 1.2, 1 ],
        "scale": [ 0.3, 0.3, 0.3 ]
    },
    "firstperson_lefthand": {
        "rotation": [ 0, 10, 0 ],
        "translation": [ 0, 1.2, 1 ],
        "scale": [ 0.3, 0.3, 0.3 ]
    },
    "gui": {
        "rotation": [ 14, 14, 0 ],
        "translation": [ 0, 0, 0 ],
        "scale": [ 0.8, 0.8, 0.8 ]
    }
}
}