{
"__comment": "Made by (c) Yannik Pipek. Make sure to inform yourself about my therms of use before using any of my work",
"textures": {
    "particle": "blocks/rail_normal",
    "texture": "blocks/rail_normal",
    "rail wood": "blocks/rail wood",
    "iron_block": "blocks/rail iron",
    "redstone off for 3d": "blocks/rail redstone off",
    "redstone on for 3d": "blocks/rail redstone on"
},
"elements": [ 
{
    "from": [ 7.25, 5.75, 7.25 ],
    "to": [ 8.75, 6.5, 8.75 ],
    "faces": {
        "down":  { "uv": [ 7.25, 8.75, 8.75, 7.25 ], "texture": "#iron_block" },
        "up":    { "uv": [ 7.25, 7.25, 8.75, 8.75 ], "texture": "#iron_block" },
        "north": { "uv": [ 7.25, 9.5, 8.75, 10.25 ], "texture": "#iron_block" },
        "south": { "uv": [ 7.25, 9.5, 8.75, 10.25 ], "texture": "#iron_block" },
        "west":  { "uv": [ 7.25, 9.5, 8.75, 10.25 ], "texture": "#iron_block" },
        "east":  { "uv": [ 7.25, 9.5, 8.75, 10.25 ], "texture": "#iron_block" }
    }
},
{
    "from": [ 9.25, 5.25, 6.75 ],
    "to": [ 10, 6, 9.25 ],
    "faces": {
        "down":  { "uv": [ 9.25, 9.25, 10, 6.75 ], "texture": "#iron_block" },
        "up":    { "uv": [ 9.25, 6.75, 10, 9.25 ], "texture": "#iron_block" },
        "north": { "uv": [ 6, 10, 6.75, 10.75 ], "texture": "#iron_block" },
        "south": { "uv": [ 9.25, 10, 10, 10.75 ], "texture": "#iron_block" },
        "west":  { "uv": [ 6.75, 10, 9.25, 10.75 ], "texture": "#iron_block" },
        "east":  { "uv": [ 6.75, 10, 9.25, 10.75 ], "texture": "#iron_block" }
    }
},
{
    "from": [ 6, 5.25, 6.75 ],
    "to": [ 6.75, 6, 9.25 ],
    "faces": {
        "down":  { "uv": [ 6, 9.25, 6.75, 6.75 ], "texture": "#iron_block" },
        "up":    { "uv": [ 6, 6.75, 6.75, 9.25 ], "texture": "#iron_block" },
        "north": { "uv": [ 9.25, 10, 10, 10.75 ], "texture": "#iron_block" },
        "south": { "uv": [ 6, 10, 6.75, 10.75 ], "texture": "#iron_block" },
        "west":  { "uv": [ 6.75, 10, 9.25, 10.75 ], "texture": "#iron_block" },
        "east":  { "uv": [ 6.75, 10, 9.25, 10.75 ], "texture": "#iron_block" }
    }
},
{
    "from": [ 6, 5.25, 9.25 ],
    "to": [ 10, 6, 10 ],
    "faces": {
        "down":  { "uv": [ 6, 10, 10, 9.25 ], "texture": "#iron_block" },
        "up":    { "uv": [ 6, 9.25, 10, 10 ], "texture": "#iron_block" },
        "north": { "uv": [ 6, 10, 10, 10.75 ], "texture": "#iron_block" },
        "south": { "uv": [ 6, 10, 10, 10.75 ], "texture": "#iron_block" },
        "west":  { "uv": [ 9.25, 10, 10, 10.75 ], "texture": "#iron_block" },
        "east":  { "uv": [ 6, 10, 6.75, 10.75 ], "texture": "#iron_block" }
    }
},
{
    "from": [ 6, 0, 6 ],
    "to": [ 6.75, 5.25, 6.75 ],
    "faces": {
        "down":  { "uv": [ 9.25, 10, 10, 9.25 ], "texture": "#iron_block" },
        "up":    { "uv": [ 9.25, 9.25, 10, 10 ], "texture": "#iron_block" },
        "north": { "uv": [ 6, 10.75, 6.75, 16 ], "texture": "#iron_block" },
        "south": { "uv": [ 9.25, 10.75, 10, 16 ], "texture": "#iron_block" },
        "west":  { "uv": [ 9.25, 10.75, 10, 16 ], "texture": "#iron_block" },
        "east":  { "uv": [ 6, 10.75, 6.75, 16 ], "texture": "#iron_block" }
    }
},
{
    "from": [ 6, 5.25, 6 ],
    "to": [ 10, 6, 6.75 ],
    "faces": {
        "down":  { "uv": [ 6, 6.75, 10, 6 ], "texture": "#iron_block" },
        "up":    { "uv": [ 6, 6, 10, 6.75 ], "texture": "#iron_block" },
        "north": { "uv": [ 6, 10, 10, 10.75 ], "texture": "#iron_block" },
        "south": { "uv": [ 6, 10, 10, 10.75 ], "texture": "#iron_block" },
        "west":  { "uv": [ 6, 10, 6.75, 10.75 ], "texture": "#iron_block" },
        "east":  { "uv": [ 9.25, 10, 10, 10.75 ], "texture": "#iron_block" }
    }
},
{
    "from": [ 6, 0, 9.25 ],
    "to": [ 6.75, 5.25, 10 ],
    "faces": {
        "down":  { "uv": [ 9.25, 10, 10, 9.25 ], "texture": "#iron_block" },
        "up":    { "uv": [ 9.25, 9.25, 10, 10 ], "texture": "#iron_block" },
        "north": { "uv": [ 6, 10.75, 6.75, 16 ], "texture": "#iron_block" },
        "south": { "uv": [ 9.25, 10.75, 10, 16 ], "texture": "#iron_block" },
        "west":  { "uv": [ 9.25, 10.75, 10, 16 ], "texture": "#iron_block" },
        "east":  { "uv": [ 6, 10.75, 6.75, 16 ], "texture": "#iron_block" }
    }
},
{
    "from": [ 9.25, 0, 6 ],
    "to": [ 10, 5.25, 6.75 ],
    "faces": {
        "down":  { "uv": [ 9.25, 6.75, 10, 6 ], "texture": "#iron_block" },
        "up":    { "uv": [ 9.25, 6, 10, 6.75 ], "texture": "#iron_block" },
        "north": { "uv": [ 6, 10.75, 6.75, 16 ], "texture": "#iron_block" },
        "south": { "uv": [ 9.25, 10.75, 10, 16 ], "texture": "#iron_block" },
        "west":  { "uv": [ 6, 10.75, 6.75, 16 ], "texture": "#iron_block" },
        "east":  { "uv": [ 9.25, 10.75, 10, 16 ], "texture": "#iron_block" }
    }
},
{
    "from": [ 12.75, 0, 1.4375 ],
    "to": [ 13.75, 1.9375, 2.4375 ],
    "faces": {
        "down":  { "uv": [ 12.75, 2.4375, 13.75, 1.4375 ], "texture": "#rail wood" },
        "up":    { "uv": [ 12.75, 1.4375, 13.75, 2.4375 ], "texture": "#rail wood" },
        "north": { "uv": [ 2.25, 14.0625, 3.25, 16 ], "texture": "#rail wood" },
        "south": { "uv": [ 12.75, 14.0625, 13.75, 16 ], "texture": "#rail wood" },
        "west":  { "uv": [ 1.4375, 14.0625, 2.4375, 16 ], "texture": "#rail wood" },
        "east":  { "uv": [ 13.5625, 14.0625, 14.5625, 16 ], "texture": "#rail wood" }
    }
},
{
    "from": [ 12.75, 0, 9.5 ],
    "to": [ 13.75, 10.25, 10.5 ],
    "faces": {
        "down":  { "uv": [ 12.75, 10.5, 13.75, 9.5 ], "texture": "#rail wood" },
        "up":    { "uv": [ 12.75, 9.5, 13.75, 10.5 ], "texture": "#rail wood" },
        "north": { "uv": [ 2.25, 5.75, 3.25, 16 ], "texture": "#rail wood" },
        "south": { "uv": [ 12.75, 5.75, 13.75, 16 ], "texture": "#rail wood" },
        "west":  { "uv": [ 9.5, 5.75, 10.5, 16 ], "texture": "#rail wood" },
        "east":  { "uv": [ 5.5, 5.75, 6.5, 16 ], "texture": "#rail wood" }
    }
},
{
    "from": [ 12.75, 0, 5.75 ],
    "to": [ 13.75, 6.5, 6.75 ],
    "faces": {
        "down":  { "uv": [ 12.75, 6.75, 13.75, 5.75 ], "texture": "#rail wood" },
        "up":    { "uv": [ 12.75, 5.75, 13.75, 6.75 ], "texture": "#rail wood" },
        "north": { "uv": [ 2.25, 9.5, 3.25, 16 ], "texture": "#rail wood" },
        "south": { "uv": [ 12.75, 9.5, 13.75, 16 ], "texture": "#rail wood" },
        "west":  { "uv": [ 5.75, 9.5, 6.75, 16 ], "texture": "#rail wood" },
        "east":  { "uv": [ 9.25, 9.5, 10.25, 16 ], "texture": "#rail wood" }
    }
},
{
    "from": [ 12.75, 0, 13.75 ],
    "to": [ 13.75, 14.5, 14.75 ],
    "faces": {
        "down":  { "uv": [ 12.75, 14.75, 13.75, 13.75 ], "texture": "#rail wood" },
        "up":    { "uv": [ 12.75, 13.75, 13.75, 14.75 ], "texture": "#rail wood" },
        "north": { "uv": [ 2.25, 1.5, 3.25, 16 ], "texture": "#rail wood" },
        "south": { "uv": [ 12.75, 1.5, 13.75, 16 ], "texture": "#rail wood" },
        "west":  { "uv": [ 13.75, 1.5, 14.75, 16 ], "texture": "#rail wood" },
        "east":  { "uv": [ 1.25, 1.5, 2.25, 16 ], "texture": "#rail wood" }
    }
},
{
    "__comment": "rail iron below right*",
    "from": [ 12.75, 0.75, 0 ],
    "to": [ 13.25, 1.25, 22.3125 ],
    "rotation": { "origin": [ 12.75, 1.25, 0 ], "axis": "x", "angle": -45 },
    "faces": {
        "down":  { "uv": [ 2.75, 16, 3.25, 0 ], "texture": "#iron_block" },
        "up":    { "uv": [ 2.75, 0, 3.25, 16 ], "texture": "#iron_block" },
        "north": { "uv": [ 12.75, 14.75, 13.25, 15.25 ], "texture": "#iron_block" },
        "south": { "uv": [ 2.75, 14.75, 3.25, 15.25 ], "texture": "#iron_block" },
        "west":  { "uv": [ 0, 14.75, 16, 15.25 ], "texture": "#iron_block" },
        "east":  { "uv": [ 0, 14.75, 16, 15.25 ], "texture": "#iron_block" }
    }
},
{
    "__comment": "rail iron top right*",
    "from": [ 13.25, 0.75, -0.125 ],
    "to": [ 13.75, 1.75, 21.875 ],
    "rotation": { "origin": [ 13.25, 1.75, -0.125 ], "axis": "x", "angle": -45 },
    "faces": {
        "down":  { "uv": [ 2.25, 16, 2.75, 0 ], "texture": "#iron_block" },
        "up":    { "uv": [ 2.25, 0, 2.75, 16 ], "texture": "#iron_block" },
        "north": { "uv": [ 13.25, 14.25, 13.75, 15.25 ], "texture": "#iron_block" },
        "south": { "uv": [ 2.25, 14.25, 2.75, 15.25 ], "texture": "#iron_block" },
        "west":  { "uv": [ 0, 14.25, 16, 15.25 ], "texture": "#iron_block" },
        "east":  { "uv": [ 0, 14.25, 16, 15.25 ], "texture": "#iron_block" }
    }
},
{
    "from": [ 2.25, 0, 1.4375 ],
    "to": [ 3.25, 2.1875, 2.4375 ],
    "faces": {
        "down":  { "uv": [ 2.25, 2.4375, 3.25, 1.4375 ], "texture": "#rail wood" },
        "up":    { "uv": [ 2.25, 1.4375, 3.25, 2.4375 ], "texture": "#rail wood" },
        "north": { "uv": [ 12.75, 13.8125, 13.75, 16 ], "texture": "#rail wood" },
        "south": { "uv": [ 2.25, 13.8125, 3.25, 16 ], "texture": "#rail wood" },
        "west":  { "uv": [ 1.4375, 13.8125, 2.4375, 16 ], "texture": "#rail wood" },
        "east":  { "uv": [ 13.5625, 13.8125, 14.5625, 16 ], "texture": "#rail wood" }
    }
},
{
    "from": [ 2.25, 0, 9.4375 ],
    "to": [ 3.25, 10.25, 10.4375 ],
    "faces": {
        "down":  { "uv": [ 2.25, 10.4375, 3.25, 9.4375 ], "texture": "#rail wood" },
        "up":    { "uv": [ 2.25, 9.4375, 3.25, 10.4375 ], "texture": "#rail wood" },
        "north": { "uv": [ 12.75, 5.75, 13.75, 16 ], "texture": "#rail wood" },
        "south": { "uv": [ 2.25, 5.75, 3.25, 16 ], "texture": "#rail wood" },
        "west":  { "uv": [ 9.4375, 5.75, 10.4375, 16 ], "texture": "#rail wood" },
        "east":  { "uv": [ 5.5625, 5.75, 6.5625, 16 ], "texture": "#rail wood" }
    }
},
{
    "from": [ 2.25, 0, 5.75 ],
    "to": [ 3.25, 6.5, 6.75 ],
    "faces": {
        "down":  { "uv": [ 2.25, 6.75, 3.25, 5.75 ], "texture": "#rail wood" },
        "up":    { "uv": [ 2.25, 5.75, 3.25, 6.75 ], "texture": "#rail wood" },
        "north": { "uv": [ 12.75, 9.5, 13.75, 16 ], "texture": "#rail wood" },
        "south": { "uv": [ 2.25, 9.5, 3.25, 16 ], "texture": "#rail wood" },
        "west":  { "uv": [ 5.75, 9.5, 6.75, 16 ], "texture": "#rail wood" },
        "east":  { "uv": [ 9.25, 9.5, 10.25, 16 ], "texture": "#rail wood" }
    }
},
{
    "from": [ 2.25, 0, 13.75 ],
    "to": [ 3.25, 14.5, 14.75 ],
    "faces": {
        "down":  { "uv": [ 2.25, 14.75, 3.25, 13.75 ], "texture": "#rail wood" },
        "up":    { "uv": [ 2.25, 13.75, 3.25, 14.75 ], "texture": "#rail wood" },
        "north": { "uv": [ 12.75, 1.5, 13.75, 16 ], "texture": "#rail wood" },
        "south": { "uv": [ 2.25, 1.5, 3.25, 16 ], "texture": "#rail wood" },
        "west":  { "uv": [ 13.75, 1.5, 14.75, 16 ], "texture": "#rail wood" },
        "east":  { "uv": [ 1.25, 1.5, 2.25, 16 ], "texture": "#rail wood" }
    }
},
{
    "__comment": "rail iron below right*",
    "from": [ 2.75, 0.75, 0 ],
    "to": [ 3.25, 1.25, 22.3125 ],
    "rotation": { "origin": [ 2.75, 1.25, 0 ], "axis": "x", "angle": -45 },
    "faces": {
        "down":  { "uv": [ 2.75, 16, 3.25, 0 ], "texture": "#iron_block" },
        "up":    { "uv": [ 2.75, 0, 3.25, 16 ], "texture": "#iron_block" },
        "north": { "uv": [ 12.75, 14.75, 13.25, 15.25 ], "texture": "#iron_block" },
        "south": { "uv": [ 2.75, 14.75, 3.25, 15.25 ], "texture": "#iron_block" },
        "west":  { "uv": [ 0, 14.75, 16, 15.25 ], "texture": "#iron_block" },
        "east":  { "uv": [ 0, 14.75, 16, 15.25 ], "texture": "#iron_block" }
    }
},
{
    "__comment": "rail iron top right*",
    "from": [ 2.25, 0.75, -0.125 ],
    "to": [ 2.75, 1.75, 21.875 ],
    "rotation": { "origin": [ 2.25, 1.75, -0.125 ], "axis": "x", "angle": -45 },
    "faces": {
        "down":  { "uv": [ 2.25, 16, 2.75, 0 ], "texture": "#iron_block" },
        "up":    { "uv": [ 2.25, 0, 2.75, 16 ], "texture": "#iron_block" },
        "north": { "uv": [ 13.25, 14.25, 13.75, 15.25 ], "texture": "#iron_block" },
        "south": { "uv": [ 2.25, 14.25, 2.75, 15.25 ], "texture": "#iron_block" },
        "west":  { "uv": [ 0, 14.25, 16, 15.25 ], "texture": "#iron_block" },
        "east":  { "uv": [ 0, 14.25, 16, 15.25 ], "texture": "#iron_block" }
    }
},
{
    "__comment": "Rail wood left",
    "from": [ 1.75, -0.3125, -0.3125 ],
    "to": [ 3.75, 0.4375, 22.4375 ],
    "rotation": { "origin": [ 1.75, 0.4375, -0.3125 ], "axis": "x", "angle": -45 },
    "faces": {
        "down":  { "uv": [ 0, 2.25, 16, 0 ], "rotation": 90, "texture": "#rail wood" },
        "up":    { "uv": [ 0, 0, 16, 2.25 ], "rotation": 90, "texture": "#rail wood" },
        "north": { "uv": [ 12.25, 15.25, 14.25, 16 ], "texture": "#rail wood" },
        "south": { "uv": [ 1.75, 15.25, 3.75, 16 ], "texture": "#rail wood" },
        "west":  { "uv": [ 0, 15.25, 16, 16 ], "texture": "#rail wood" },
        "east":  { "uv": [ 0, 15.25, 16, 16 ], "texture": "#rail wood" }
    }
},
{
    "__comment": "Rail wood right",
    "from": [ 12.25, -0.375, -0.1875 ],
    "to": [ 14.25, 0.375, 22.3125 ],
    "rotation": { "origin": [ 12.25, 0.375, -0.1875 ], "axis": "x", "angle": -45 },
    "faces": {
        "down":  { "uv": [ 0, 2.25, 16, 0 ], "rotation": 90, "texture": "#rail wood" },
        "up":    { "uv": [ 0, 0, 16, 2.25 ], "rotation": 90, "texture": "#rail wood" },
        "north": { "uv": [ 12.25, 15.25, 14.25, 16 ], "texture": "#rail wood" },
        "south": { "uv": [ 1.75, 15.25, 3.75, 16 ], "texture": "#rail wood" },
        "west":  { "uv": [ 0, 15.25, 16, 16 ], "texture": "#rail wood" },
        "east":  { "uv": [ 0, 15.25, 16, 16 ], "texture": "#rail wood" }
    }
},
{
    "from": [ 0.25, 0, 6.5 ],
    "to": [ 16.5, 0.625, 8 ],
    "rotation": { "origin": [ 0.25, 0, 6.5 ], "axis": "y", "angle": 22.5 },
    "faces": {
        "down":  { "uv": [ 0, 4, 16, 2.5 ], "texture": "#rail wood" },
        "up":    { "uv": [ 0, 2.5, 16, 4 ], "texture": "#rail wood" },
        "north": { "uv": [ 0, 15.25, 16, 16 ], "texture": "#rail wood" },
        "south": { "uv": [ 0, 15.25, 16, 16 ], "texture": "#rail wood" },
        "west":  { "uv": [ 2.5, 15.25, 4, 16 ], "texture": "#rail wood" },
        "east":  { "uv": [ 12, 15.25, 13.5, 16 ], "texture": "#rail wood" }
    }
},
{
    "from": [ 0.1875, 0, 14.5 ],
    "to": [ 16.4375, 0.6875, 16 ],
    "rotation": { "origin": [ 0.1875, 0, 14.5 ], "axis": "y", "angle": 22.5 },
    "faces": {
        "down":  { "uv": [ 0, 4, 16, 2.5 ], "texture": "#rail wood" },
        "up":    { "uv": [ 0, 2.5, 16, 4 ], "texture": "#rail wood" },
        "north": { "uv": [ 0, 15.25, 16, 16 ], "texture": "#rail wood" },
        "south": { "uv": [ 0, 15.25, 16, 16 ], "texture": "#rail wood" },
        "west":  { "uv": [ 2.5, 15.25, 4, 16 ], "texture": "#rail wood" },
        "east":  { "uv": [ 12, 15.25, 13.5, 16 ], "texture": "#rail wood" }
    }
},
{
    "from": [ 0.6875, 0, 0.25 ],
    "to": [ 16.9375, 0.6875, 1.75 ],
    "rotation": { "origin": [ 0.6875, 0, 0.25 ], "axis": "y", "angle": -22.5 },
    "faces": {
        "down":  { "uv": [ 0, 4, 16, 2.5 ], "texture": "#rail wood" },
        "up":    { "uv": [ 0, 2.5, 16, 4 ], "texture": "#rail wood" },
        "north": { "uv": [ 0, 15.25, 16, 16 ], "texture": "#rail wood" },
        "south": { "uv": [ 0, 15.25, 16, 16 ], "texture": "#rail wood" },
        "west":  { "uv": [ 2.5, 15.25, 4, 16 ], "texture": "#rail wood" },
        "east":  { "uv": [ 12, 15.25, 13.5, 16 ], "texture": "#rail wood" }
    }
},
{
    "from": [ 0.75, 0, 8.25 ],
    "to": [ 17, 0.625, 9.75 ],
    "rotation": { "origin": [ 0.75, 0, 8.25 ], "axis": "y", "angle": -22.5 },
    "faces": {
        "down":  { "uv": [ 0, 4, 16, 2.5 ], "texture": "#rail wood" },
        "up":    { "uv": [ 0, 2.5, 16, 4 ], "texture": "#rail wood" },
        "north": { "uv": [ 0, 15.25, 16, 16 ], "texture": "#rail wood" },
        "south": { "uv": [ 0, 15.25, 16, 16 ], "texture": "#rail wood" },
        "west":  { "uv": [ 2.5, 15.25, 4, 16 ], "texture": "#rail wood" },
        "east":  { "uv": [ 12, 15.25, 13.5, 16 ], "texture": "#rail wood" }
    }
},
{
    "__comment": "redstone",
    "from": [ 6.75, 5.5, 6.75 ],
    "to": [ 9.25, 5.75, 9.25 ],
    "faces": {
        "down":  { "uv": [ 6.75, 9.25, 9.25, 6.75 ], "texture": "#redstone on for 3d" },
        "up":    { "uv": [ 6.75, 6.75, 9.25, 9.25 ], "texture": "#redstone on for 3d" },
        "north": { "uv": [ 6.75, 10.25, 9.25, 10.5 ], "texture": "#redstone on for 3d" },
        "south": { "uv": [ 6.75, 10.25, 9.25, 10.5 ], "texture": "#redstone on for 3d" },
        "west":  { "uv": [ 6.75, 10.25, 9.25, 10.5 ], "texture": "#redstone on for 3d" },
        "east":  { "uv": [ 6.75, 10.25, 9.25, 10.5 ], "texture": "#redstone on for 3d" }
    }
},
{
    "from": [ 9.25, 0, 9.25 ],
    "to": [ 10, 5.25, 10 ],
    "faces": {
        "down":  { "uv": [ 9.25, 10, 10, 9.25 ], "texture": "#iron_block" },
        "up":    { "uv": [ 9.25, 9.25, 10, 10 ], "texture": "#iron_block" },
        "north": { "uv": [ 6, 10.75, 6.75, 16 ], "texture": "#iron_block" },
        "south": { "uv": [ 9.25, 10.75, 10, 16 ], "texture": "#iron_block" },
        "west":  { "uv": [ 9.25, 10.75, 10, 16 ], "texture": "#iron_block" },
        "east":  { "uv": [ 6, 10.75, 6.75, 16 ], "texture": "#iron_block" }
    }
}
]
}