{
"__comment": "Made by (c) Yannik Pipek. Make sure to inform yourself about my therms of use before using any of my work",
"textures": {
    "particle": "blocks/rail_normal",
    "texture": "blocks/rail_normal",
    "rail wood": "blocks/rail wood",
    "iron_block": "blocks/iron_block",
    "redstone off for 3d": "blocks/redstone off for 3d",
    "redstone on for 3d": "blocks/redstone on for 3d"
},
"elements": [ 
{
    "from": [ 7, 0, 7.25 ],
    "to": [ 9, 1.25, 8.75 ],
    "faces": {
        "down":  { "uv": [ 7, 8.75, 9, 7.25 ], "texture": "#iron_block" },
        "up":    { "uv": [ 7, 7.25, 9, 8.75 ], "texture": "#iron_block" },
        "north": { "uv": [ 7, 14.75, 9, 16 ], "texture": "#iron_block" },
        "south": { "uv": [ 7, 14.75, 9, 16 ], "texture": "#iron_block" },
        "west":  { "uv": [ 7.25, 14.75, 8.75, 16 ], "texture": "#iron_block" },
        "east":  { "uv": [ 7.25, 14.75, 8.75, 16 ], "texture": "#iron_block" }
    }
},
{
    "__comment": "redstone",
    "from": [ 6.5, 0, 6.75 ],
    "to": [ 9.5, 0.5, 9.25 ],
    "faces": {
        "down":  { "uv": [ 6.5, 9.25, 9.5, 6.75 ], "texture": "#redstone on for 3d" },
        "up":    { "uv": [ 6.5, 6.75, 9.5, 9.25 ], "texture": "#redstone on for 3d" },
        "north": { "uv": [ 6.5, 15.5, 9.5, 16 ], "texture": "#redstone on for 3d" },
        "south": { "uv": [ 6.5, 15.5, 9.5, 16 ], "texture": "#redstone off for 3d" },
        "west":  { "uv": [ 6.75, 15.5, 9.25, 16 ], "texture": "#redstone on for 3d" },
        "east":  { "uv": [ 6.75, 15.5, 9.25, 16 ], "texture": "#redstone on for 3d" }
    }
},
{
    "from": [ 6, 0, 6.75 ],
    "to": [ 6.5, 0.75, 9.25 ],
    "faces": {
        "down":  { "uv": [ 6, 9.25, 6.5, 6.75 ], "texture": "#iron_block" },
        "up":    { "uv": [ 6, 6.75, 6.5, 9.25 ], "texture": "#iron_block" },
        "north": { "uv": [ 9.5, 15.25, 10, 16 ], "texture": "#iron_block" },
        "south": { "uv": [ 6, 15.25, 6.5, 16 ], "texture": "#iron_block" },
        "west":  { "uv": [ 6.75, 15.25, 9.25, 16 ], "texture": "#iron_block" },
        "east":  { "uv": [ 6.75, 15.25, 9.25, 16 ], "texture": "#iron_block" }
    }
},
{
    "from": [ 9.5, 0, 6.75 ],
    "to": [ 10, 0.75, 9.25 ],
    "faces": {
        "down":  { "uv": [ 9.5, 9.25, 10, 6.75 ], "texture": "#iron_block" },
        "up":    { "uv": [ 9.5, 6.75, 10, 9.25 ], "texture": "#iron_block" },
        "north": { "uv": [ 6, 15.25, 6.5, 16 ], "texture": "#iron_block" },
        "south": { "uv": [ 9.5, 15.25, 10, 16 ], "texture": "#iron_block" },
        "west":  { "uv": [ 6.75, 15.25, 9.25, 16 ], "texture": "#iron_block" },
        "east":  { "uv": [ 6.75, 15.25, 9.25, 16 ], "texture": "#iron_block" }
    }
},
{
    "from": [ 6, 0, 6.25 ],
    "to": [ 10, 0.75, 6.75 ],
    "faces": {
        "down":  { "uv": [ 6, 6.75, 10, 6.25 ], "texture": "#iron_block" },
        "up":    { "uv": [ 6, 6.25, 10, 6.75 ], "texture": "#iron_block" },
        "north": { "uv": [ 6, 15.25, 10, 16 ], "texture": "#iron_block" },
        "south": { "uv": [ 6, 15.25, 10, 16 ], "texture": "#iron_block" },
        "west":  { "uv": [ 6.25, 15.25, 6.75, 16 ], "texture": "#iron_block" },
        "east":  { "uv": [ 9.25, 15.25, 9.75, 16 ], "texture": "#iron_block" }
    }
},
{
    "from": [ 6, 0, 9.25 ],
    "to": [ 10, 0.75, 9.75 ],
    "faces": {
        "down":  { "uv": [ 6, 9.75, 10, 9.25 ], "texture": "#iron_block" },
        "up":    { "uv": [ 6, 9.25, 10, 9.75 ], "texture": "#iron_block" },
        "north": { "uv": [ 6, 15.25, 10, 16 ], "texture": "#iron_block" },
        "south": { "uv": [ 6, 15.25, 10, 16 ], "texture": "#iron_block" },
        "west":  { "uv": [ 9.25, 15.25, 9.75, 16 ], "texture": "#iron_block" },
        "east":  { "uv": [ 6.25, 15.25, 6.75, 16 ], "texture": "#iron_block" }
    }
},
{
    "from": [ 3.75, 0, 7.75 ],
    "to": [ 6, 0.75, 8.25 ],
    "faces": {
        "down":  { "uv": [ 3.75, 8.25, 6, 7.75 ], "texture": "#iron_block" },
        "up":    { "uv": [ 3.75, 7.75, 6, 8.25 ], "texture": "#iron_block" },
        "north": { "uv": [ 10, 15.25, 12.25, 16 ], "texture": "#iron_block" },
        "south": { "uv": [ 3.75, 15.25, 6, 16 ], "texture": "#iron_block" },
        "west":  { "uv": [ 7.75, 15.25, 8.25, 16 ], "texture": "#iron_block" },
        "east":  { "uv": [ 7.75, 15.25, 8.25, 16 ], "texture": "#iron_block" }
    }
},
{
    "from": [ 10, 0, 7.75 ],
    "to": [ 12.25, 0.75, 8.25 ],
    "faces": {
        "down":  { "uv": [ 10, 8.25, 12.25, 7.75 ], "texture": "#iron_block" },
        "up":    { "uv": [ 10, 7.75, 12.25, 8.25 ], "texture": "#iron_block" },
        "north": { "uv": [ 3.75, 15.25, 6, 16 ], "texture": "#iron_block" },
        "south": { "uv": [ 10, 15.25, 12.25, 16 ], "texture": "#iron_block" },
        "west":  { "uv": [ 7.75, 15.25, 8.25, 16 ], "texture": "#iron_block" },
        "east":  { "uv": [ 7.75, 15.25, 8.25, 16 ], "texture": "#iron_block" }
    }
},
{
    "__comment": "Rail wood left",
    "from": [ 1.75, 0, 0 ],
    "to": [ 3.75, 0.75, 16 ],
    "faces": {
        "down":  { "uv": [ 0, 15.75, 16, 13.5 ], "texture": "#rail wood" },
        "up":    { "uv": [ 0, 13.5, 16, 15.75 ], "rotation": 90, "texture": "#rail wood" },
        "north": { "uv": [ 12.25, 15.25, 14.25, 16 ], "texture": "#rail wood" },
        "south": { "uv": [ 1.75, 15.25, 3.75, 16 ], "texture": "#rail wood" },
        "west":  { "uv": [ 0, 15.25, 16, 16 ], "texture": "#rail wood" },
        "east":  { "uv": [ 0, 15.25, 16, 16 ], "texture": "#rail wood" }
    }
},
{
    "__comment": "Rail wood right",
    "from": [ 12.25, 0, 0 ],
    "to": [ 14.25, 0.75, 16 ],
    "faces": {
        "down":  { "uv": [ 0, 2.25, 16, 0 ], "texture": "#rail wood" },
        "up":    { "uv": [ 0, 0, 16, 2.25 ], "rotation": 90, "texture": "#rail wood" },
        "north": { "uv": [ 12.25, 15.25, 14.25, 16 ], "texture": "#rail wood" },
        "south": { "uv": [ 1.75, 15.25, 3.75, 16 ], "texture": "#rail wood" },
        "west":  { "uv": [ 0, 15.25, 16, 16 ], "texture": "#rail wood" },
        "east":  { "uv": [ 0, 15.25, 16, 16 ], "texture": "#rail wood" }
    }
},
{
    "__comment": "rail iron below left",
    "from": [ 2.75, 0.75, 0 ],
    "to": [ 3.25, 1.25, 16 ],
    "faces": {
        "down":  { "uv": [ 2.75, 16, 3.25, 0 ], "texture": "#iron_block" },
        "up":    { "uv": [ 2.75, 0, 3.25, 16 ], "texture": "#iron_block" },
        "north": { "uv": [ 12.75, 14.75, 13.25, 15.25 ], "texture": "#iron_block" },
        "south": { "uv": [ 2.75, 14.75, 3.25, 15.25 ], "texture": "#iron_block" },
        "west":  { "uv": [ 0, 14.75, 16, 15.25 ], "texture": "#iron_block" },
        "east":  { "uv": [ 0, 14.75, 16, 15.25 ], "texture": "#iron_block" }
    }
},
{
    "__comment": "rail iron top left",
    "from": [ 2.25, 0.75, 0 ],
    "to": [ 2.75, 1.75, 16 ],
    "faces": {
        "down":  { "uv": [ 2.25, 16, 2.75, 0 ], "texture": "#iron_block" },
        "up":    { "uv": [ 2.25, 0, 2.75, 16 ], "texture": "#iron_block" },
        "north": { "uv": [ 13.25, 14.25, 13.75, 15.25 ], "texture": "#iron_block" },
        "south": { "uv": [ 2.25, 14.25, 2.75, 15.25 ], "texture": "#iron_block" },
        "west":  { "uv": [ 0, 14.25, 16, 15.25 ], "texture": "#iron_block" },
        "east":  { "uv": [ 0, 14.25, 16, 15.25 ], "texture": "#iron_block" }
    }
},
{
    "from": [ 0.25, 0, 6.5 ],
    "to": [ 16.5, 0.625, 8 ],
    "rotation": { "origin": [ 0.25, 0, 6.5 ], "axis": "y", "angle": 22.5 },
    "faces": {
        "down":  { "uv": [ 0, 4, 16, 2.5 ], "texture": "#rail wood" },
        "up":    { "uv": [ 0, 2.5, 16, 4 ], "texture": "#rail wood" },
        "north": { "uv": [ 0, 15.25, 16, 16 ], "texture": "#rail wood" },
        "south": { "uv": [ 0, 15.25, 16, 16 ], "texture": "#rail wood" },
        "west":  { "uv": [ 2.5, 15.25, 4, 16 ], "texture": "#rail wood" },
        "east":  { "uv": [ 12, 15.25, 13.5, 16 ], "texture": "#rail wood" }
    }
},
{
    "from": [ 0.1875, 0, 14.5 ],
    "to": [ 16.4375, 0.6875, 16 ],
    "rotation": { "origin": [ 0.1875, 0, 14.5 ], "axis": "y", "angle": 22.5 },
    "faces": {
        "down":  { "uv": [ 0, 4, 16, 2.5 ], "texture": "#rail wood" },
        "up":    { "uv": [ 0, 2.5, 16, 4 ], "texture": "#rail wood" },
        "north": { "uv": [ 0, 15.25, 16, 16 ], "texture": "#rail wood" },
        "south": { "uv": [ 0, 15.25, 16, 16 ], "texture": "#rail wood" },
        "west":  { "uv": [ 2.5, 15.25, 4, 16 ], "texture": "#rail wood" },
        "east":  { "uv": [ 12, 15.25, 13.5, 16 ], "texture": "#rail wood" }
    }
},
{
    "from": [ 0.6875, 0, 0.25 ],
    "to": [ 17, 0.6875, 1.75 ],
    "rotation": { "origin": [ 0.6875, 0, 0.25 ], "axis": "y", "angle": -22.5 },
    "faces": {
        "down":  { "uv": [ 0, 4, 16, 2.5 ], "texture": "#rail wood" },
        "up":    { "uv": [ 0, 2.5, 16, 4 ], "texture": "#rail wood" },
        "north": { "uv": [ 0, 15.25, 16, 16 ], "texture": "#rail wood" },
        "south": { "uv": [ 0, 15.25, 16, 16 ], "texture": "#rail wood" },
        "west":  { "uv": [ 2.5, 15.25, 4, 16 ], "texture": "#rail wood" },
        "east":  { "uv": [ 12, 15.25, 13.5, 16 ], "texture": "#rail wood" }
    }
},
{
    "from": [ 0.75, 0, 8.25 ],
    "to": [ 17, 0.625, 9.75 ],
    "rotation": { "origin": [ 0.75, 0, 8.25 ], "axis": "y", "angle": -22.5 },
    "faces": {
        "down":  { "uv": [ 0, 4, 16, 2.5 ], "texture": "#rail wood" },
        "up":    { "uv": [ 0, 2.5, 16, 4 ], "texture": "#rail wood" },
        "north": { "uv": [ 0, 15.25, 16, 16 ], "texture": "#rail wood" },
        "south": { "uv": [ 0, 15.25, 16, 16 ], "texture": "#rail wood" },
        "west":  { "uv": [ 2.5, 15.25, 4, 16 ], "texture": "#rail wood" },
        "east":  { "uv": [ 12, 15.25, 13.5, 16 ], "texture": "#rail wood" }
    }
},
{
    "__comment": "rail iron top right",
    "from": [ 13.25, 0.75, 0 ],
    "to": [ 13.75, 1.75, 16 ],
    "faces": {
        "down":  { "uv": [ 2.25, 16, 2.75, 0 ], "texture": "#iron_block" },
        "up":    { "uv": [ 2.25, 0, 2.75, 16 ], "texture": "#iron_block" },
        "north": { "uv": [ 13.25, 14.25, 13.75, 15.25 ], "texture": "#iron_block" },
        "south": { "uv": [ 2.25, 14.25, 2.75, 15.25 ], "texture": "#iron_block" },
        "west":  { "uv": [ 0, 14.25, 16, 15.25 ], "texture": "#iron_block" },
        "east":  { "uv": [ 0, 14.25, 16, 15.25 ], "texture": "#iron_block" }
    }
},
{
    "__comment": "rail iron below right",
    "from": [ 12.75, 0.75, 0 ],
    "to": [ 13.25, 1.25, 16 ],
    "faces": {
        "down":  { "uv": [ 2.75, 16, 3.25, 0 ], "texture": "#iron_block" },
        "up":    { "uv": [ 2.75, 0, 3.25, 16 ], "texture": "#iron_block" },
        "north": { "uv": [ 12.75, 14.75, 13.25, 15.25 ], "texture": "#iron_block" },
        "south": { "uv": [ 2.75, 14.75, 3.25, 15.25 ], "texture": "#iron_block" },
        "west":  { "uv": [ 0, 14.75, 16, 15.25 ], "texture": "#iron_block" },
        "east":  { "uv": [ 0, 14.75, 16, 15.25 ], "texture": "#iron_block" }
    }
}
]
}