{
"textures": {
    "particle": "blocks/flower_pot",
    "flowerpot": "blocks/flower_pot",
    "dirt": "blocks/dirt"
},
"elements": [ 
{
    "__comment": "Side 4",
    "from": [ 5, 0, 5 ],
    "to": [ 6, 6, 11 ],
    "faces": {
        "down":  { "uv": [ 5, 5, 6, 11 ], "texture": "#flowerpot", "cullface": "down" },
        "up":    { "uv": [ 5, 5, 6, 11 ], "texture": "#flowerpot" },
        "north": { "uv": [ 10, 10, 11, 16 ], "texture": "#flowerpot" },
        "south": { "uv": [ 5, 10, 6, 16 ], "texture": "#flowerpot" },
        "west":  { "uv": [ 5, 10, 11, 16 ], "texture": "#flowerpot" },
        "east":  { "uv": [ 5, 10, 11, 16 ], "texture": "#flowerpot" }
    }
},
{
    "__comment": "Side 3",
    "from": [ 10, 0, 5 ],
    "to": [ 11, 6, 11 ],
    "faces": {
        "down":  { "uv": [ 10, 5, 11, 11 ], "texture": "#flowerpot", "cullface": "down" },
        "up":    { "uv": [ 10, 5, 11, 11 ], "texture": "#flowerpot" },
        "north": { "uv": [ 5, 10, 6, 16 ], "texture": "#flowerpot" },
        "south": { "uv": [ 10, 10, 11, 16 ], "texture": "#flowerpot" },
        "west":  { "uv": [ 5, 10, 11, 16 ], "texture": "#flowerpot" },
        "east":  { "uv": [ 5, 10, 11, 16 ], "texture": "#flowerpot" }
    }
},
{
    "__comment": "Side 2",
    "from": [ 6, 0, 5 ],
    "to": [ 10, 6, 6 ],
    "faces": {
        "down":  { "uv": [ 6, 10, 10, 11 ], "texture": "#flowerpot", "cullface": "down" },
        "up":    { "uv": [ 6, 5, 10, 6 ], "texture": "#flowerpot" },
        "north": { "uv": [ 6, 10, 10, 16 ], "texture": "#flowerpot" },
        "south": { "uv": [ 6, 10, 10, 16 ], "texture": "#flowerpot" }
    }
},
{
    "__comment": "Side 1",
    "from": [ 6, 0, 10 ],
    "to": [ 10, 6, 11 ],
    "faces": {
        "down":  { "uv": [ 6, 5, 10, 6 ], "texture": "#flowerpot", "cullface": "down" },
        "up":    { "uv": [ 6, 10, 10, 11 ], "texture": "#flowerpot" },
        "north": { "uv": [ 6, 10, 10, 16 ], "texture": "#flowerpot" },
        "south": { "uv": [ 6, 10, 10, 16 ], "texture": "#flowerpot" }
    }
},
{
    "__comment": "Dirt",
    "from": [ 6, 0.25, 6 ],
    "to": [ 10, 4, 10 ],
    "faces": {
        "down":  { "uv": [ 6, 6, 10, 10 ], "texture": "#flowerpot", "cullface": "down" },
        "up":    { "uv": [ 6, 6, 10, 10 ], "texture": "#dirt" }
    }
},
{
    "__comment": "Bottom",
    "from": [ 6, 0, 6 ],
    "to": [ 10, 0.5, 10 ],
    "faces": {
        "down":  { "uv": [ 10, 15.5, 6, 11.5 ], "texture": "#flowerpot", "cullface": "down" },
        "up":    { "uv": [ 6, 11.5, 10, 15.5 ], "texture": "#flowerpot" },
        "north": { "uv": [ 6, 15.25, 10, 15.75 ], "texture": "#flowerpot" },
        "south": { "uv": [ 6, 15.25, 10, 15.75 ], "texture": "#flowerpot" }
    }
}
],
"display": {
    "thirdperson": {
        "rotation": [ -166, 0, 0 ],
        "translation": [ 0, -0.5, -2.5 ],
        "scale": [ 1, 1, 1 ]
    },
    "head": {
        "rotation": [ 0, 0, 0 ],
        "translation": [ 0, 9.1, 0 ],
        "scale": [ 1.4, 1.4, 1.4 ]
    },
    "ground": {
        "rotation": [ 0, 0, 0 ],
        "translation": [ 0, -2.2, 0 ],
        "scale": [ 1.2, 1.2, 1.2 ]
    },
    "fixed": {
        "rotation": [ 0, 0, 0 ],
        "translation": [ 0, 7.1, -4.4 ],
        "scale": [ 3, 3, 3 ]
    },
    "firstperson": {
        "rotation": [ 0, 0, 0 ],
        "translation": [ -1, 5, -0.9 ],
        "scale": [ 1.1, 1.1, 1.1 ]
    },
    "gui": {
        "rotation": [ 0, 13, 0 ],
        "translation": [ 0, 2.7, 0 ],
        "scale": [ 1.7, 1.7, 1.7 ]
    }
}
}