{
"__comment": "Made by (c) Yannik Pipek. Make sure to inform yourself about my therms of use before using any of my work",
"textures": {
    "particle": "blocks/rail_normal",
    "texture": "blocks/rail_normal",
    "rail wood": "blocks/rail wood",
    "iron_block": "blocks/iron_block",
    "gold texture": "blocks/gold texture",
    "redstone off for 3d": "blocks/redstone off for 3d",
    "redstone on for 3d": "blocks/redstone on for 3d"
},
"elements": [ 
{
    "__comment": "redstone*",
    "from": [ 6.25, 7.75, 7 ],
    "to": [ 6.75, 8.25, 7.25 ],
    "faces": {
        "down":  { "uv": [ 6.25, 7.25, 6.75, 7 ], "texture": "#redstone on for 3d" },
        "up":    { "uv": [ 6.25, 7, 6.75, 7.25 ], "texture": "#redstone on for 3d" },
        "north": { "uv": [ 9.25, 7.75, 9.75, 8.25 ], "texture": "#redstone on for 3d" },
        "south": { "uv": [ 6.25, 7.75, 6.75, 8.25 ], "texture": "#redstone on for 3d" },
        "west":  { "uv": [ 7, 7.75, 7.25, 8.25 ], "texture": "#redstone on for 3d" },
        "east":  { "uv": [ 8.75, 7.75, 9, 8.25 ], "texture": "#redstone on for 3d" }
    }
},
{
    "__comment": "redstone*",
    "from": [ 6.25, 8.75, 7.75 ],
    "to": [ 6.75, 9, 8.25 ],
    "faces": {
        "down":  { "uv": [ 6.25, 8.25, 6.75, 7.75 ], "texture": "#redstone on for 3d" },
        "up":    { "uv": [ 6.25, 7.75, 6.75, 8.25 ], "texture": "#redstone on for 3d" },
        "north": { "uv": [ 9.25, 7, 9.75, 7.25 ], "texture": "#redstone on for 3d" },
        "south": { "uv": [ 6.25, 7, 6.75, 7.25 ], "texture": "#redstone on for 3d" },
        "west":  { "uv": [ 7.75, 7, 8.25, 7.25 ], "texture": "#redstone on for 3d" },
        "east":  { "uv": [ 7.75, 7, 8.25, 7.25 ], "texture": "#redstone on for 3d" }
    }
},
{
    "__comment": "redstone*",
    "from": [ 6.25, 7.75, 8.75 ],
    "to": [ 6.75, 8.25, 9 ],
    "faces": {
        "down":  { "uv": [ 6.25, 9, 6.75, 8.75 ], "texture": "#redstone on for 3d" },
        "up":    { "uv": [ 6.25, 8.75, 6.75, 9 ], "texture": "#redstone on for 3d" },
        "north": { "uv": [ 9.25, 7.75, 9.75, 8.25 ], "texture": "#redstone on for 3d" },
        "south": { "uv": [ 6.25, 7.75, 6.75, 8.25 ], "texture": "#redstone on for 3d" },
        "west":  { "uv": [ 8.75, 7.75, 9, 8.25 ], "texture": "#redstone on for 3d" },
        "east":  { "uv": [ 7, 7.75, 7.25, 8.25 ], "texture": "#redstone on for 3d" }
    }
},
{
    "__comment": "engine hold",
    "from": [ 6.25, 0, 7.75 ],
    "to": [ 6.75, 7.25, 8.25 ],
    "faces": {
        "down":  { "uv": [ 6.25, 8.25, 6.75, 7.75 ], "texture": "#iron_block" },
        "up":    { "uv": [ 6.25, 7.75, 6.75, 8.25 ], "texture": "#iron_block" },
        "north": { "uv": [ 9.25, 8.75, 9.75, 16 ], "texture": "#iron_block" },
        "south": { "uv": [ 6.25, 8.75, 6.75, 16 ], "texture": "#iron_block" },
        "west":  { "uv": [ 7.75, 8.75, 8.25, 16 ], "texture": "#iron_block" },
        "east":  { "uv": [ 7.75, 8.75, 8.25, 16 ], "texture": "#iron_block" }
    }
},
{
    "__comment": "weel outer*",
    "from": [ 7.75, 7.25, 6.75 ],
    "to": [ 8.25, 8.75, 7 ],
    "faces": {
        "down":  { "uv": [ 7.75, 7, 8.25, 6.75 ], "texture": "#iron_block" },
        "up":    { "uv": [ 7.75, 6.75, 8.25, 7 ], "texture": "#iron_block" },
        "north": { "uv": [ 7.75, 7.25, 8.25, 8.75 ], "texture": "#iron_block" },
        "south": { "uv": [ 7.75, 7.25, 8.25, 8.75 ], "texture": "#iron_block" },
        "west":  { "uv": [ 6.75, 7.25, 7, 8.75 ], "texture": "#iron_block" },
        "east":  { "uv": [ 9, 7.25, 9.25, 8.75 ], "texture": "#iron_block" }
    }
},
{
    "__comment": "weel outer*",
    "from": [ 7.75, 7.25, 9 ],
    "to": [ 8.25, 8.75, 9.25 ],
    "faces": {
        "down":  { "uv": [ 7.75, 9.25, 8.25, 9 ], "texture": "#iron_block" },
        "up":    { "uv": [ 7.75, 9, 8.25, 9.25 ], "texture": "#iron_block" },
        "north": { "uv": [ 7.75, 7.25, 8.25, 8.75 ], "texture": "#iron_block" },
        "south": { "uv": [ 7.75, 7.25, 8.25, 8.75 ], "texture": "#iron_block" },
        "west":  { "uv": [ 9, 7.25, 9.25, 8.75 ], "texture": "#iron_block" },
        "east":  { "uv": [ 6.75, 7.25, 7, 8.75 ], "texture": "#iron_block" }
    }
},
{
    "__comment": "weel outer*",
    "from": [ 7.75, 6.75, 7.25 ],
    "to": [ 8.25, 7, 8.75 ],
    "faces": {
        "down":  { "uv": [ 7.75, 8.75, 8.25, 7.25 ], "texture": "#iron_block" },
        "up":    { "uv": [ 7.75, 7.25, 8.25, 8.75 ], "texture": "#iron_block" },
        "north": { "uv": [ 7.75, 9, 8.25, 9.25 ], "texture": "#iron_block" },
        "south": { "uv": [ 7.75, 9, 8.25, 9.25 ], "texture": "#iron_block" },
        "west":  { "uv": [ 7.25, 9, 8.75, 9.25 ], "texture": "#iron_block" },
        "east":  { "uv": [ 7.25, 9, 8.75, 9.25 ], "texture": "#iron_block" }
    }
},
{
    "__comment": "weel outer",
    "from": [ 7.75, 9, 7.25 ],
    "to": [ 8.25, 9.25, 8.75 ],
    "faces": {
        "down":  { "uv": [ 7.75, 8.75, 8.25, 7.25 ], "texture": "#iron_block" },
        "up":    { "uv": [ 7.75, 7.25, 8.25, 8.75 ], "texture": "#iron_block" },
        "north": { "uv": [ 7.75, 6.75, 8.25, 7 ], "texture": "#iron_block" },
        "south": { "uv": [ 7.75, 6.75, 8.25, 7 ], "texture": "#iron_block" },
        "west":  { "uv": [ 7.25, 6.75, 8.75, 7 ], "texture": "#iron_block" },
        "east":  { "uv": [ 7.25, 6.75, 8.75, 7 ], "texture": "#iron_block" }
    }
},
{
    "__comment": "weel inner",
    "from": [ 7.75, 7, 7 ],
    "to": [ 8.25, 9, 9 ],
    "faces": {
        "down":  { "uv": [ 7.75, 9, 8.25, 7 ], "texture": "#iron_block" },
        "up":    { "uv": [ 7.75, 7, 8.25, 9 ], "texture": "#iron_block" },
        "north": { "uv": [ 7.75, 7, 8.25, 9 ], "texture": "#iron_block" },
        "south": { "uv": [ 7.75, 7, 8.25, 9 ], "texture": "#iron_block" },
        "west":  { "uv": [ 7, 7, 9, 9 ], "texture": "#iron_block" },
        "east":  { "uv": [ 7, 7, 9, 9 ], "texture": "#iron_block" }
    }
},
{
    "__comment": "enginetoo weel",
    "from": [ 7.25, 7.75, 7.75 ],
    "to": [ 7.75, 8.25, 8.25 ],
    "faces": {
        "down":  { "uv": [ 7.25, 8.25, 7.75, 7.75 ], "texture": "#iron_block" },
        "up":    { "uv": [ 7.25, 7.75, 7.75, 8.25 ], "texture": "#iron_block" },
        "north": { "uv": [ 8.25, 7.75, 8.75, 8.25 ], "texture": "#iron_block" },
        "south": { "uv": [ 7.25, 7.75, 7.75, 8.25 ], "texture": "#iron_block" },
        "west":  { "uv": [ 7.75, 7.75, 8.25, 8.25 ], "texture": "#iron_block" },
        "east":  { "uv": [ 7.75, 7.75, 8.25, 8.25 ], "texture": "#iron_block" }
    }
},
{
    "__comment": "engine",
    "from": [ 5.75, 7.25, 7.25 ],
    "to": [ 7.25, 8.75, 8.75 ],
    "faces": {
        "down":  { "uv": [ 5.75, 8.75, 7.25, 7.25 ], "texture": "#iron_block" },
        "up":    { "uv": [ 5.75, 7.25, 7.25, 8.75 ], "texture": "#iron_block" },
        "north": { "uv": [ 8.75, 7.25, 10.25, 8.75 ], "texture": "#iron_block" },
        "south": { "uv": [ 5.75, 7.25, 7.25, 8.75 ], "texture": "#iron_block" },
        "west":  { "uv": [ 7.25, 7.25, 8.75, 8.75 ], "texture": "#iron_block" },
        "east":  { "uv": [ 7.25, 7.25, 8.75, 8.75 ], "texture": "#iron_block" }
    }
},
{
    "__comment": "gold wire*",
    "from": [ 4.25, 7.75, 8 ],
    "to": [ 5.75, 8.25, 8.5 ],
    "rotation": { "origin": [ 4.25, 8.25, 8 ], "axis": "x", "angle": 45 },
    "faces": {
        "down":  { "uv": [ 4.25, 8.5, 5.75, 8 ], "texture": "#gold texture" },
        "up":    { "uv": [ 4.25, 8, 5.75, 8.5 ], "texture": "#gold texture" },
        "north": { "uv": [ 10.25, 7.75, 11.75, 8.25 ], "texture": "#gold texture" },
        "south": { "uv": [ 4.25, 7.75, 5.75, 8.25 ], "texture": "#gold texture" },
        "west":  { "uv": [ 8, 7.75, 8.5, 8.25 ], "texture": "#gold texture" },
        "east":  { "uv": [ 7.5, 7.75, 8, 8.25 ], "texture": "#gold texture" }
    }
},
{
    "__comment": "gold wire",
    "from": [ 3.75, 15.625, 0.125 ],
    "to": [ 4.25, 16.125, 22.625 ],
    "rotation": { "origin": [ 3.75, 16.125, 0.125 ], "axis": "x", "angle": 45 },
    "faces": {
        "down":  { "uv": [ 2.75, 16, 3.25, 0 ], "texture": "#gold texture" },
        "up":    { "uv": [ 2.75, 0, 3.25, 16 ], "texture": "#gold texture" },
        "north": { "uv": [ 12.75, 14.75, 13.25, 15.25 ], "texture": "#gold texture" },
        "south": { "uv": [ 2.75, 14.75, 3.25, 15.25 ], "texture": "#gold texture" },
        "west":  { "uv": [ 0, 14.75, 16, 15.25 ], "texture": "#gold texture" },
        "east":  { "uv": [ 0, 14.75, 16, 15.25 ], "texture": "#gold texture" }
    }
},
{
    "__comment": "rail iron below right",
    "from": [ 12.75, 16.5, 0.25 ],
    "to": [ 13.25, 17, 22.5625 ],
    "rotation": { "origin": [ 12.75, 17, 0.25 ], "axis": "x", "angle": 45 },
    "faces": {
        "down":  { "uv": [ 2.75, 16, 3.25, 0 ], "texture": "#iron_block" },
        "up":    { "uv": [ 2.75, 0, 3.25, 16 ], "texture": "#iron_block" },
        "north": { "uv": [ 12.75, 14.75, 13.25, 15.25 ], "texture": "#iron_block" },
        "south": { "uv": [ 2.75, 14.75, 3.25, 15.25 ], "texture": "#iron_block" },
        "west":  { "uv": [ 0, 14.75, 16, 15.25 ], "texture": "#iron_block" },
        "east":  { "uv": [ 0, 14.75, 16, 15.25 ], "texture": "#iron_block" }
    }
},
{
    "__comment": "rail iron top right",
    "from": [ 13.25, 16.3125, 0.5625 ],
    "to": [ 13.75, 17.3125, 22.5625 ],
    "rotation": { "origin": [ 13.25, 17.3125, 0.5625 ], "axis": "x", "angle": 45 },
    "faces": {
        "down":  { "uv": [ 2.25, 16, 2.75, 0 ], "texture": "#iron_block" },
        "up":    { "uv": [ 2.25, 0, 2.75, 16 ], "texture": "#iron_block" },
        "north": { "uv": [ 13.25, 14.25, 13.75, 15.25 ], "texture": "#iron_block" },
        "south": { "uv": [ 2.25, 14.25, 2.75, 15.25 ], "texture": "#iron_block" },
        "west":  { "uv": [ 0, 14.25, 16, 15.25 ], "texture": "#iron_block" },
        "east":  { "uv": [ 0, 14.25, 16, 15.25 ], "texture": "#iron_block" }
    }
},
{
    "from": [ 0.75, 0, 8.25 ],
    "to": [ 17, 0.625, 9.75 ],
    "rotation": { "origin": [ 0.75, 0, 8.25 ], "axis": "y", "angle": -22.5 },
    "faces": {
        "down":  { "uv": [ 0, 4, 16, 2.5 ], "texture": "#rail wood" },
        "up":    { "uv": [ 0, 2.5, 16, 4 ], "texture": "#rail wood" },
        "north": { "uv": [ 0, 15.25, 16, 16 ], "texture": "#rail wood" },
        "south": { "uv": [ 0, 15.25, 16, 16 ], "texture": "#rail wood" },
        "west":  { "uv": [ 2.5, 15.25, 4, 16 ], "texture": "#rail wood" },
        "east":  { "uv": [ 12, 15.25, 13.5, 16 ], "texture": "#rail wood" }
    }
},
{
    "from": [ 0.6875, 0, 0.25 ],
    "to": [ 17, 0.6875, 1.75 ],
    "rotation": { "origin": [ 0.6875, 0, 0.25 ], "axis": "y", "angle": -22.5 },
    "faces": {
        "down":  { "uv": [ 0, 4, 16, 2.5 ], "texture": "#rail wood" },
        "up":    { "uv": [ 0, 2.5, 16, 4 ], "texture": "#rail wood" },
        "north": { "uv": [ 0, 15.25, 16, 16 ], "texture": "#rail wood" },
        "south": { "uv": [ 0, 15.25, 16, 16 ], "texture": "#rail wood" },
        "west":  { "uv": [ 2.5, 15.25, 4, 16 ], "texture": "#rail wood" },
        "east":  { "uv": [ 12, 15.25, 13.5, 16 ], "texture": "#rail wood" }
    }
},
{
    "from": [ 0.1875, 0, 14.5 ],
    "to": [ 16.4375, 0.6875, 16 ],
    "rotation": { "origin": [ 0.1875, 0, 14.5 ], "axis": "y", "angle": 22.5 },
    "faces": {
        "down":  { "uv": [ 0, 4, 16, 2.5 ], "texture": "#rail wood" },
        "up":    { "uv": [ 0, 2.5, 16, 4 ], "texture": "#rail wood" },
        "north": { "uv": [ 0, 15.25, 16, 16 ], "texture": "#rail wood" },
        "south": { "uv": [ 0, 15.25, 16, 16 ], "texture": "#rail wood" },
        "west":  { "uv": [ 2.5, 15.25, 4, 16 ], "texture": "#rail wood" },
        "east":  { "uv": [ 12, 15.25, 13.5, 16 ], "texture": "#rail wood" }
    }
},
{
    "from": [ 0.25, 0, 6.5 ],
    "to": [ 16.5, 0.625, 8 ],
    "rotation": { "origin": [ 0.25, 0, 6.5 ], "axis": "y", "angle": 22.5 },
    "faces": {
        "down":  { "uv": [ 0, 4, 16, 2.5 ], "texture": "#rail wood" },
        "up":    { "uv": [ 0, 2.5, 16, 4 ], "texture": "#rail wood" },
        "north": { "uv": [ 0, 15.25, 16, 16 ], "texture": "#rail wood" },
        "south": { "uv": [ 0, 15.25, 16, 16 ], "texture": "#rail wood" },
        "west":  { "uv": [ 2.5, 15.25, 4, 16 ], "texture": "#rail wood" },
        "east":  { "uv": [ 12, 15.25, 13.5, 16 ], "texture": "#rail wood" }
    }
},
{
    "__comment": "Rail wood right",
    "from": [ 12.25, 15.5625, 0.25 ],
    "to": [ 14.25, 16.3125, 22.75 ],
    "rotation": { "origin": [ 12.25, 16.3125, 0.25 ], "axis": "x", "angle": 45 },
    "faces": {
        "down":  { "uv": [ 0, 2.25, 16, 0 ], "texture": "#rail wood" },
        "up":    { "uv": [ 0, 0, 16, 2.25 ], "rotation": 90, "texture": "#rail wood" },
        "north": { "uv": [ 12.25, 15.25, 14.25, 16 ], "texture": "#rail wood" },
        "south": { "uv": [ 1.75, 15.25, 3.75, 16 ], "texture": "#rail wood" },
        "west":  { "uv": [ 0, 15.25, 16, 16 ], "texture": "#rail wood" },
        "east":  { "uv": [ 0, 15.25, 16, 16 ], "texture": "#rail wood" }
    }
},
{
    "__comment": "Rail wood left",
    "from": [ 1.75, 15.5625, 0.25 ],
    "to": [ 3.75, 16.3125, 22.75 ],
    "rotation": { "origin": [ 1.75, 16.3125, 0.25 ], "axis": "x", "angle": 45 },
    "faces": {
        "down":  { "uv": [ 0, 2.25, 16, 0 ], "texture": "#rail wood" },
        "up":    { "uv": [ 0, 0, 16, 2.25 ], "rotation": 90, "texture": "#rail wood" },
        "north": { "uv": [ 12.25, 15.25, 14.25, 16 ], "texture": "#rail wood" },
        "south": { "uv": [ 1.75, 15.25, 3.75, 16 ], "texture": "#rail wood" },
        "west":  { "uv": [ 0, 15.25, 16, 16 ], "texture": "#rail wood" },
        "east":  { "uv": [ 0, 15.25, 16, 16 ], "texture": "#rail wood" }
    }
},
{
    "__comment": "rail iron top right*",
    "from": [ 2.25, 16.3125, 0.5 ],
    "to": [ 2.75, 17.3125, 22.5 ],
    "rotation": { "origin": [ 2.25, 17.3125, 0.5 ], "axis": "x", "angle": 45 },
    "faces": {
        "down":  { "uv": [ 2.25, 16, 2.75, 0 ], "texture": "#iron_block" },
        "up":    { "uv": [ 2.25, 0, 2.75, 16 ], "texture": "#iron_block" },
        "north": { "uv": [ 13.25, 14.25, 13.75, 15.25 ], "texture": "#iron_block" },
        "south": { "uv": [ 2.25, 14.25, 2.75, 15.25 ], "texture": "#iron_block" },
        "west":  { "uv": [ 0, 14.25, 16, 15.25 ], "texture": "#iron_block" },
        "east":  { "uv": [ 0, 14.25, 16, 15.25 ], "texture": "#iron_block" }
    }
},
{
    "__comment": "rail iron below right*",
    "from": [ 2.75, 16.5, 0.25 ],
    "to": [ 3.25, 17, 22.5625 ],
    "rotation": { "origin": [ 2.75, 17, 0.25 ], "axis": "x", "angle": 45 },
    "faces": {
        "down":  { "uv": [ 2.75, 16, 3.25, 0 ], "texture": "#iron_block" },
        "up":    { "uv": [ 2.75, 0, 3.25, 16 ], "texture": "#iron_block" },
        "north": { "uv": [ 12.75, 14.75, 13.25, 15.25 ], "texture": "#iron_block" },
        "south": { "uv": [ 2.75, 14.75, 3.25, 15.25 ], "texture": "#iron_block" },
        "west":  { "uv": [ 0, 14.75, 16, 15.25 ], "texture": "#iron_block" },
        "east":  { "uv": [ 0, 14.75, 16, 15.25 ], "texture": "#iron_block" }
    }
},
{
    "from": [ 2.25, 0, 1.5 ],
    "to": [ 3.25, 14, 2.5 ],
    "faces": {
        "down":  { "uv": [ 2.25, 2.5, 3.25, 1.5 ], "texture": "#rail wood" },
        "up":    { "uv": [ 2.25, 1.5, 3.25, 2.5 ], "texture": "#rail wood" },
        "north": { "uv": [ 12.75, 2, 13.75, 16 ], "texture": "#rail wood" },
        "south": { "uv": [ 2.25, 2, 3.25, 16 ], "texture": "#rail wood" },
        "west":  { "uv": [ 1.5, 2, 2.5, 16 ], "texture": "#rail wood" },
        "east":  { "uv": [ 13.5, 2, 14.5, 16 ], "texture": "#rail wood" }
    }
},
{
    "from": [ 2.25, 0, 9.5 ],
    "to": [ 3.25, 6, 10.5 ],
    "faces": {
        "down":  { "uv": [ 2.25, 10.5, 3.25, 9.5 ], "texture": "#rail wood" },
        "up":    { "uv": [ 2.25, 9.5, 3.25, 10.5 ], "texture": "#rail wood" },
        "north": { "uv": [ 12.75, 10, 13.75, 16 ], "texture": "#rail wood" },
        "south": { "uv": [ 2.25, 10, 3.25, 16 ], "texture": "#rail wood" },
        "west":  { "uv": [ 9.5, 10, 10.5, 16 ], "texture": "#rail wood" },
        "east":  { "uv": [ 5.5, 10, 6.5, 16 ], "texture": "#rail wood" }
    }
},
{
    "from": [ 2.25, 0, 5.75 ],
    "to": [ 3.25, 9.75, 6.75 ],
    "faces": {
        "down":  { "uv": [ 2.25, 6.75, 3.25, 5.75 ], "texture": "#rail wood" },
        "up":    { "uv": [ 2.25, 5.75, 3.25, 6.75 ], "texture": "#rail wood" },
        "north": { "uv": [ 12.75, 6.25, 13.75, 16 ], "texture": "#rail wood" },
        "south": { "uv": [ 2.25, 6.25, 3.25, 16 ], "texture": "#rail wood" },
        "west":  { "uv": [ 5.75, 6.25, 6.75, 16 ], "texture": "#rail wood" },
        "east":  { "uv": [ 9.25, 6.25, 10.25, 16 ], "texture": "#rail wood" }
    }
},
{
    "from": [ 12.75, 0, 1.5 ],
    "to": [ 13.75, 14, 2.5 ],
    "faces": {
        "down":  { "uv": [ 12.75, 2.5, 13.75, 1.5 ], "texture": "#rail wood" },
        "up":    { "uv": [ 12.75, 1.5, 13.75, 2.5 ], "texture": "#rail wood" },
        "north": { "uv": [ 2.25, 2, 3.25, 16 ], "texture": "#rail wood" },
        "south": { "uv": [ 12.75, 2, 13.75, 16 ], "texture": "#rail wood" },
        "west":  { "uv": [ 1.5, 2, 2.5, 16 ], "texture": "#rail wood" },
        "east":  { "uv": [ 13.5, 2, 14.5, 16 ], "texture": "#rail wood" }
    }
},
{
    "from": [ 12.75, 0, 5.75 ],
    "to": [ 13.75, 9.75, 6.75 ],
    "faces": {
        "down":  { "uv": [ 12.75, 6.75, 13.75, 5.75 ], "texture": "#rail wood" },
        "up":    { "uv": [ 12.75, 5.75, 13.75, 6.75 ], "texture": "#rail wood" },
        "north": { "uv": [ 2.25, 6.25, 3.25, 16 ], "texture": "#rail wood" },
        "south": { "uv": [ 12.75, 6.25, 13.75, 16 ], "texture": "#rail wood" },
        "west":  { "uv": [ 5.75, 6.25, 6.75, 16 ], "texture": "#rail wood" },
        "east":  { "uv": [ 9.25, 6.25, 10.25, 16 ], "texture": "#rail wood" }
    }
},
{
    "from": [ 12.75, 0, 9.5 ],
    "to": [ 13.75, 6, 10.5 ],
    "faces": {
        "down":  { "uv": [ 12.75, 10.5, 13.75, 9.5 ], "texture": "#rail wood" },
        "up":    { "uv": [ 12.75, 9.5, 13.75, 10.5 ], "texture": "#rail wood" },
        "north": { "uv": [ 2.25, 10, 3.25, 16 ], "texture": "#rail wood" },
        "south": { "uv": [ 12.75, 10, 13.75, 16 ], "texture": "#rail wood" },
        "west":  { "uv": [ 9.5, 10, 10.5, 16 ], "texture": "#rail wood" },
        "east":  { "uv": [ 5.5, 10, 6.5, 16 ], "texture": "#rail wood" }
    }
},
{
    "from": [ 12.75, 0, 13.75 ],
    "to": [ 13.75, 1.75, 14.75 ],
    "faces": {
        "down":  { "uv": [ 12.75, 14.75, 13.75, 13.75 ], "texture": "#rail wood" },
        "up":    { "uv": [ 12.75, 13.75, 13.75, 14.75 ], "texture": "#rail wood" },
        "north": { "uv": [ 2.25, 14.25, 3.25, 16 ], "texture": "#rail wood" },
        "south": { "uv": [ 12.75, 14.25, 13.75, 16 ], "texture": "#rail wood" },
        "west":  { "uv": [ 13.75, 14.25, 14.75, 16 ], "texture": "#rail wood" },
        "east":  { "uv": [ 1.25, 14.25, 2.25, 16 ], "texture": "#rail wood" }
    }
},
{
    "from": [ 2.25, 0, 13.75 ],
    "to": [ 3.25, 1.75, 14.75 ],
    "faces": {
        "down":  { "uv": [ 2.25, 14.75, 3.25, 13.75 ], "texture": "#rail wood" },
        "up":    { "uv": [ 2.25, 13.75, 3.25, 14.75 ], "texture": "#rail wood" },
        "north": { "uv": [ 12.75, 14.25, 13.75, 16 ], "texture": "#rail wood" },
        "south": { "uv": [ 2.25, 14.25, 3.25, 16 ], "texture": "#rail wood" },
        "west":  { "uv": [ 13.75, 14.25, 14.75, 16 ], "texture": "#rail wood" },
        "east":  { "uv": [ 1.25, 14.25, 2.25, 16 ], "texture": "#rail wood" }
    }
}
]
}