{
"__comment": "Made by (c) Yannik Pipek. Make sure to inform yourself about my therms of use before using any of my work",
"textures": {
    "particle": "blocks/rail_golden particle",
    "texture": "blocks/rail_golden particle",
    "rail wood": "blocks/rail wood",
    "iron_block": "blocks/rail iron",
    "gold texture": "blocks/rail gold",
    "redstone off for 3d": "blocks/rail redstone off",
    "redstone on for 3d": "blocks/rail redstone on"
},
"elements": [ 
{
    "__comment": "redstone",
    "from": [ 6.25, 1.75, 7.75 ],
    "to": [ 6.75, 2, 8.25 ],
    "faces": {
        "down":  { "uv": [ 6.25, 8.25, 6.75, 7.75 ], "texture": "#redstone on for 3d" },
        "up":    { "uv": [ 6.25, 7.75, 6.75, 8.25 ], "texture": "#redstone on for 3d" },
        "north": { "uv": [ 9.25, 14, 9.75, 14.25 ], "texture": "#redstone on for 3d" },
        "south": { "uv": [ 6.25, 14, 6.75, 14.25 ], "texture": "#redstone on for 3d" },
        "west":  { "uv": [ 7.75, 14, 8.25, 14.25 ], "texture": "#redstone on for 3d" },
        "east":  { "uv": [ 7.75, 14, 8.25, 14.25 ], "texture": "#redstone on for 3d" }
    }
},
{
    "__comment": "redstone",
    "from": [ 6.25, 0.5, 7 ],
    "to": [ 6.75, 1.25, 7.25 ],
    "faces": {
        "down":  { "uv": [ 6.25, 7.25, 6.75, 7 ], "texture": "#redstone on for 3d" },
        "up":    { "uv": [ 6.25, 7, 6.75, 7.25 ], "texture": "#redstone on for 3d" },
        "north": { "uv": [ 9.25, 14.75, 9.75, 15.5 ], "texture": "#redstone on for 3d" },
        "south": { "uv": [ 6.25, 14.75, 6.75, 15.5 ], "texture": "#redstone on for 3d" },
        "west":  { "uv": [ 7, 14.75, 7.25, 15.5 ], "texture": "#redstone on for 3d" },
        "east":  { "uv": [ 8.75, 14.75, 9, 15.5 ], "texture": "#redstone on for 3d" }
    }
},
{
    "__comment": "redstone",
    "from": [ 6.25, 0.5, 8.75 ],
    "to": [ 6.75, 1.25, 9 ],
    "faces": {
        "down":  { "uv": [ 6.25, 9, 6.75, 8.75 ], "texture": "#redstone on for 3d" },
        "up":    { "uv": [ 6.25, 8.75, 6.75, 9 ], "texture": "#redstone on for 3d" },
        "north": { "uv": [ 9.25, 14.75, 9.75, 15.5 ], "texture": "#redstone off for 3d" },
        "south": { "uv": [ 6.25, 14.75, 6.75, 15.5 ], "texture": "#redstone on for 3d" },
        "west":  { "uv": [ 8.75, 14.75, 9, 15.5 ], "texture": "#redstone on for 3d" },
        "east":  { "uv": [ 7, 14.75, 7.25, 15.5 ], "texture": "#redstone on for 3d" }
    }
},
{
    "from": [ 7.25, 1, 7.75 ],
    "to": [ 7.75, 1.5, 8.25 ],
    "faces": {
        "down":  { "uv": [ 7.25, 8.25, 7.75, 7.75 ], "texture": "#iron_block" },
        "up":    { "uv": [ 7.25, 7.75, 7.75, 8.25 ], "texture": "#iron_block" },
        "north": { "uv": [ 8.25, 14.5, 8.75, 15 ], "texture": "#iron_block" },
        "south": { "uv": [ 7.25, 14.5, 7.75, 15 ], "texture": "#iron_block" },
        "west":  { "uv": [ 7.75, 14.5, 8.25, 15 ], "texture": "#iron_block" },
        "east":  { "uv": [ 7.75, 14.5, 8.25, 15 ], "texture": "#iron_block" }
    }
},
{
    "from": [ 7.75, 0.75, 7 ],
    "to": [ 8.25, 1.75, 7.25 ],
    "faces": {
        "down":  { "uv": [ 7.75, 7.25, 8.25, 7 ], "texture": "#iron_block" },
        "up":    { "uv": [ 7.75, 7, 8.25, 7.25 ], "texture": "#iron_block" },
        "north": { "uv": [ 7.75, 14.25, 8.25, 15.25 ], "texture": "#iron_block" },
        "south": { "uv": [ 7.75, 14.25, 8.25, 15.25 ], "texture": "#iron_block" },
        "west":  { "uv": [ 7, 14.25, 7.25, 15.25 ], "texture": "#iron_block" },
        "east":  { "uv": [ 8.75, 14.25, 9, 15.25 ], "texture": "#iron_block" }
    }
},
{
    "from": [ 7.75, 0.75, 8.75 ],
    "to": [ 8.25, 1.75, 9 ],
    "faces": {
        "down":  { "uv": [ 7.75, 9, 8.25, 8.75 ], "texture": "#iron_block" },
        "up":    { "uv": [ 7.75, 8.75, 8.25, 9 ], "texture": "#iron_block" },
        "north": { "uv": [ 7.75, 14.25, 8.25, 15.25 ], "texture": "#iron_block" },
        "south": { "uv": [ 7.75, 14.25, 8.25, 15.25 ], "texture": "#iron_block" },
        "west":  { "uv": [ 8.75, 14.25, 9, 15.25 ], "texture": "#iron_block" },
        "east":  { "uv": [ 7, 14.25, 7.25, 15.25 ], "texture": "#iron_block" }
    }
},
{
    "from": [ 7.75, 0.25, 7.5 ],
    "to": [ 8.25, 0.5, 8.5 ],
    "faces": {
        "down":  { "uv": [ 7.75, 8.5, 8.25, 7.5 ], "texture": "#iron_block" },
        "up":    { "uv": [ 7.75, 7.5, 8.25, 8.5 ], "texture": "#iron_block" },
        "north": { "uv": [ 7.75, 15.5, 8.25, 15.75 ], "texture": "#iron_block" },
        "south": { "uv": [ 7.75, 15.5, 8.25, 15.75 ], "texture": "#iron_block" },
        "west":  { "uv": [ 7.5, 15.5, 8.5, 15.75 ], "texture": "#iron_block" },
        "east":  { "uv": [ 7.5, 15.5, 8.5, 15.75 ], "texture": "#iron_block" }
    }
},
{
    "from": [ 7.75, 2, 7.5 ],
    "to": [ 8.25, 2.25, 8.5 ],
    "faces": {
        "down":  { "uv": [ 7.75, 8.5, 8.25, 7.5 ], "texture": "#iron_block" },
        "up":    { "uv": [ 7.75, 7.5, 8.25, 8.5 ], "texture": "#iron_block" },
        "north": { "uv": [ 7.75, 13.75, 8.25, 14 ], "texture": "#iron_block" },
        "south": { "uv": [ 7.75, 13.75, 8.25, 14 ], "texture": "#iron_block" },
        "west":  { "uv": [ 7.5, 13.75, 8.5, 14 ], "texture": "#iron_block" },
        "east":  { "uv": [ 7.5, 13.75, 8.5, 14 ], "texture": "#iron_block" }
    }
},
{
    "from": [ 7.75, 0.5, 7.25 ],
    "to": [ 8.25, 2, 8.75 ],
    "faces": {
        "down":  { "uv": [ 7.75, 8.75, 8.25, 7.25 ], "texture": "#iron_block" },
        "up":    { "uv": [ 7.75, 7.25, 8.25, 8.75 ], "texture": "#iron_block" },
        "north": { "uv": [ 7.75, 14, 8.25, 15.5 ], "texture": "#iron_block" },
        "south": { "uv": [ 7.75, 14, 8.25, 15.5 ], "texture": "#iron_block" },
        "west":  { "uv": [ 7.25, 14, 8.75, 15.5 ], "texture": "#iron_block" },
        "east":  { "uv": [ 7.25, 14, 8.75, 15.5 ], "texture": "#iron_block" }
    }
},
{
    "from": [ 4.25, 0, 7.75 ],
    "to": [ 5.75, 0.5, 8.25 ],
    "faces": {
        "down":  { "uv": [ 4.25, 8.25, 5.75, 7.75 ], "texture": "#gold texture" },
        "up":    { "uv": [ 4.25, 7.75, 5.75, 8.25 ], "texture": "#gold texture" },
        "north": { "uv": [ 10.25, 15.5, 11.75, 16 ], "texture": "#gold texture" },
        "south": { "uv": [ 4.25, 15.5, 5.75, 16 ], "texture": "#gold texture" },
        "west":  { "uv": [ 7.75, 15.5, 8.25, 16 ], "texture": "#gold texture" },
        "east":  { "uv": [ 7.75, 15.5, 8.25, 16 ], "texture": "#gold texture" }
    }
},
{
    "from": [ 5.75, 0, 7.25 ],
    "to": [ 7.25, 1.75, 8.75 ],
    "faces": {
        "down":  { "uv": [ 5.75, 8.75, 7.25, 7.25 ], "texture": "#iron_block" },
        "up":    { "uv": [ 5.75, 7.25, 7.25, 8.75 ], "texture": "#iron_block" },
        "north": { "uv": [ 8.75, 14.25, 10.25, 16 ], "texture": "#iron_block" },
        "south": { "uv": [ 5.75, 14.25, 7.25, 16 ], "texture": "#iron_block" },
        "west":  { "uv": [ 7.25, 14.25, 8.75, 16 ], "texture": "#iron_block" },
        "east":  { "uv": [ 7.25, 14.25, 8.75, 16 ], "texture": "#iron_block" }
    }
},
{
    "from": [ 3.75, 0, 0 ],
    "to": [ 4.25, 0.5, 16 ],
    "faces": {
        "down":  { "uv": [ 3.75, 16, 4.25, 0 ], "texture": "#gold texture" },
        "up":    { "uv": [ 3.75, 0, 4.25, 16 ], "texture": "#gold texture" },
        "north": { "uv": [ 11.75, 15.5, 12.25, 16 ], "texture": "#gold texture" },
        "south": { "uv": [ 3.75, 15.5, 4.25, 16 ], "texture": "#gold texture" },
        "west":  { "uv": [ 0, 15.5, 16, 16 ], "texture": "#gold texture" },
        "east":  { "uv": [ 0, 15.5, 16, 16 ], "texture": "#gold texture" }
    }
},
{
    "__comment": "Rail wood left",
    "from": [ 1.75, 0, 0 ],
    "to": [ 3.75, 0.75, 16 ],
    "faces": {
        "down":  { "uv": [ 0, 15.75, 16, 13.5 ], "texture": "#rail wood" },
        "up":    { "uv": [ 0, 13.5, 16, 15.75 ], "rotation": 90, "texture": "#rail wood" },
        "north": { "uv": [ 12.25, 15.25, 14.25, 16 ], "texture": "#rail wood" },
        "south": { "uv": [ 1.75, 15.25, 3.75, 16 ], "texture": "#rail wood" },
        "west":  { "uv": [ 0, 15.25, 16, 16 ], "texture": "#rail wood" },
        "east":  { "uv": [ 0, 15.25, 16, 16 ], "texture": "#rail wood" }
    }
},
{
    "__comment": "Rail wood right",
    "from": [ 12.25, 0, 0 ],
    "to": [ 14.25, 0.75, 16 ],
    "faces": {
        "down":  { "uv": [ 0, 2.25, 16, 0 ], "texture": "#rail wood" },
        "up":    { "uv": [ 0, 0, 16, 2.25 ], "rotation": 90, "texture": "#rail wood" },
        "north": { "uv": [ 12.25, 15.25, 14.25, 16 ], "texture": "#rail wood" },
        "south": { "uv": [ 1.75, 15.25, 3.75, 16 ], "texture": "#rail wood" },
        "west":  { "uv": [ 0, 15.25, 16, 16 ], "texture": "#rail wood" },
        "east":  { "uv": [ 0, 15.25, 16, 16 ], "texture": "#rail wood" }
    }
},
{
    "__comment": "rail iron below left",
    "from": [ 2.75, 0.75, 0 ],
    "to": [ 3.25, 1.25, 16 ],
    "faces": {
        "down":  { "uv": [ 2.75, 16, 3.25, 0 ], "texture": "#iron_block" },
        "up":    { "uv": [ 2.75, 0, 3.25, 16 ], "texture": "#iron_block" },
        "north": { "uv": [ 12.75, 14.75, 13.25, 15.25 ], "texture": "#iron_block" },
        "south": { "uv": [ 2.75, 14.75, 3.25, 15.25 ], "texture": "#iron_block" },
        "west":  { "uv": [ 0, 14.75, 16, 15.25 ], "texture": "#iron_block" },
        "east":  { "uv": [ 0, 14.75, 16, 15.25 ], "texture": "#iron_block" }
    }
},
{
    "__comment": "rail iron top left",
    "from": [ 2.25, 0.75, 0 ],
    "to": [ 2.75, 1.75, 16 ],
    "faces": {
        "down":  { "uv": [ 2.25, 16, 2.75, 0 ], "texture": "#iron_block" },
        "up":    { "uv": [ 2.25, 0, 2.75, 16 ], "texture": "#iron_block" },
        "north": { "uv": [ 13.25, 14.25, 13.75, 15.25 ], "texture": "#iron_block" },
        "south": { "uv": [ 2.25, 14.25, 2.75, 15.25 ], "texture": "#iron_block" },
        "west":  { "uv": [ 0, 14.25, 16, 15.25 ], "texture": "#iron_block" },
        "east":  { "uv": [ 0, 14.25, 16, 15.25 ], "texture": "#iron_block" }
    }
},
{
    "from": [ 0.25, 0, 6.5 ],
    "to": [ 16.5, 0.625, 8 ],
    "rotation": { "origin": [ 0.25, 0, 6.5 ], "axis": "y", "angle": 22.5 },
    "faces": {
        "down":  { "uv": [ 0, 4, 16, 2.5 ], "texture": "#rail wood" },
        "up":    { "uv": [ 0, 2.5, 16, 4 ], "texture": "#rail wood" },
        "north": { "uv": [ 0, 15.25, 16, 16 ], "texture": "#rail wood" },
        "south": { "uv": [ 0, 15.25, 16, 16 ], "texture": "#rail wood" },
        "west":  { "uv": [ 2.5, 15.25, 4, 16 ], "texture": "#rail wood" },
        "east":  { "uv": [ 12, 15.25, 13.5, 16 ], "texture": "#rail wood" }
    }
},
{
    "from": [ 0.1875, 0, 14.5 ],
    "to": [ 16.4375, 0.6875, 16 ],
    "rotation": { "origin": [ 0.1875, 0, 14.5 ], "axis": "y", "angle": 22.5 },
    "faces": {
        "down":  { "uv": [ 0, 4, 16, 2.5 ], "texture": "#rail wood" },
        "up":    { "uv": [ 0, 2.5, 16, 4 ], "texture": "#rail wood" },
        "north": { "uv": [ 0, 15.25, 16, 16 ], "texture": "#rail wood" },
        "south": { "uv": [ 0, 15.25, 16, 16 ], "texture": "#rail wood" },
        "west":  { "uv": [ 2.5, 15.25, 4, 16 ], "texture": "#rail wood" },
        "east":  { "uv": [ 12, 15.25, 13.5, 16 ], "texture": "#rail wood" }
    }
},
{
    "from": [ 0.6875, 0, 0.25 ],
    "to": [ 16.9375, 0.6875, 1.75 ],
    "rotation": { "origin": [ 0.6875, 0, 0.25 ], "axis": "y", "angle": -22.5 },
    "faces": {
        "down":  { "uv": [ 0, 4, 16, 2.5 ], "texture": "#rail wood" },
        "up":    { "uv": [ 0, 2.5, 16, 4 ], "texture": "#rail wood" },
        "north": { "uv": [ 0, 15.25, 16, 16 ], "texture": "#rail wood" },
        "south": { "uv": [ 0, 15.25, 16, 16 ], "texture": "#rail wood" },
        "west":  { "uv": [ 2.5, 15.25, 4, 16 ], "texture": "#rail wood" },
        "east":  { "uv": [ 12, 15.25, 13.5, 16 ], "texture": "#rail wood" }
    }
},
{
    "from": [ 0.75, 0, 8.25 ],
    "to": [ 17, 0.625, 9.75 ],
    "rotation": { "origin": [ 0.75, 0, 8.25 ], "axis": "y", "angle": -22.5 },
    "faces": {
        "down":  { "uv": [ 0, 4, 16, 2.5 ], "texture": "#rail wood" },
        "up":    { "uv": [ 0, 2.5, 16, 4 ], "texture": "#rail wood" },
        "north": { "uv": [ 0, 15.25, 16, 16 ], "texture": "#rail wood" },
        "south": { "uv": [ 0, 15.25, 16, 16 ], "texture": "#rail wood" },
        "west":  { "uv": [ 2.5, 15.25, 4, 16 ], "texture": "#rail wood" },
        "east":  { "uv": [ 12, 15.25, 13.5, 16 ], "texture": "#rail wood" }
    }
},
{
    "__comment": "rail iron top right",
    "from": [ 13.25, 0.75, 0 ],
    "to": [ 13.75, 1.75, 16 ],
    "faces": {
        "down":  { "uv": [ 2.25, 16, 2.75, 0 ], "texture": "#iron_block" },
        "up":    { "uv": [ 2.25, 0, 2.75, 16 ], "texture": "#iron_block" },
        "north": { "uv": [ 13.25, 14.25, 13.75, 15.25 ], "texture": "#iron_block" },
        "south": { "uv": [ 2.25, 14.25, 2.75, 15.25 ], "texture": "#iron_block" },
        "west":  { "uv": [ 0, 14.25, 16, 15.25 ], "texture": "#iron_block" },
        "east":  { "uv": [ 0, 14.25, 16, 15.25 ], "texture": "#iron_block" }
    }
},
{
    "__comment": "rail iron below right",
    "from": [ 12.75, 0.75, 0 ],
    "to": [ 13.25, 1.25, 16 ],
    "faces": {
        "down":  { "uv": [ 2.75, 16, 3.25, 0 ], "texture": "#iron_block" },
        "up":    { "uv": [ 2.75, 0, 3.25, 16 ], "texture": "#iron_block" },
        "north": { "uv": [ 12.75, 14.75, 13.25, 15.25 ], "texture": "#iron_block" },
        "south": { "uv": [ 2.75, 14.75, 3.25, 15.25 ], "texture": "#iron_block" },
        "west":  { "uv": [ 0, 14.75, 16, 15.25 ], "texture": "#iron_block" },
        "east":  { "uv": [ 0, 14.75, 16, 15.25 ], "texture": "#iron_block" }
    }
}
]
}