{
"__comment": "Made by (c) Yannik Pipek. Make sure to inform yourself about my therms of use before using any of my work",
"textures": {
    "particle": "blocks/ladder",
    "texture": "blocks/ladder",
    "front": "blocks/ladder",
    "side": "blocks/ladder",
    "cap": "blocks/ladder"
},
"elements": [ 
{
    "from": [ 7, 5.75, 14.75 ],
    "to": [ 7.75, 6, 15 ],
    "rotation": { "origin": [ 7, 6, 14.75 ], "axis": "z", "angle": -22.5 },
    "faces": {
        "down":  { "uv": [ 4.5, 13.25, 5.25, 13 ], "texture": "#texture" },
        "up":    { "uv": [ 9.25, 13.25, 10, 13.5 ], "texture": "#texture" },
        "north": { "uv": [ 7.5, 8.25, 8.25, 8.5 ], "texture": "#texture" },
        "south": { "uv": [ 12, 7.75, 12.75, 8 ], "texture": "#texture" },
        "west":  { "uv": [ 7.25, 7.25, 7.5, 7.5 ], "texture": "#texture" },
        "east":  { "uv": [ 4.75, 7.25, 5, 7.5 ], "texture": "#texture" }
    }
},
{
    "from": [ 7.25, 6.75, 14.75 ],
    "to": [ 7.75, 7, 15 ],
    "rotation": { "origin": [ 7.25, 7, 14.75 ], "axis": "z", "angle": -22.5 },
    "faces": {
        "down":  { "uv": [ 13, 13.25, 13.75, 13 ], "texture": "#texture" },
        "up":    { "uv": [ 11.5, 13.25, 12.25, 13.5 ], "texture": "#texture" },
        "north": { "uv": [ 4.25, 8.25, 5, 8.5 ], "texture": "#texture" },
        "south": { "uv": [ 8.75, 8.5, 9.5, 8.75 ], "texture": "#texture" },
        "west":  { "uv": [ 9, 7.75, 9.25, 8 ], "texture": "#texture" },
        "east":  { "uv": [ 4.75, 7.75, 5, 8 ], "texture": "#texture" }
    }
},
{
    "from": [ 7, 6.25, 14.75 ],
    "to": [ 7.75, 6.5, 15 ],
    "rotation": { "origin": [ 7, 6.5, 14.75 ], "axis": "z", "angle": -22.5 },
    "faces": {
        "down":  { "uv": [ 6.25, 13.5, 7, 13.25 ], "texture": "#texture" },
        "up":    { "uv": [ 10, 12.75, 10.75, 13 ], "texture": "#texture" },
        "north": { "uv": [ 5.25, 7.75, 6, 8 ], "texture": "#texture" },
        "south": { "uv": [ 8.25, 7.25, 9, 7.5 ], "texture": "#texture" },
        "west":  { "uv": [ 8.25, 8, 8.5, 8.25 ], "texture": "#texture" },
        "east":  { "uv": [ 3.5, 8, 3.75, 8.25 ], "texture": "#texture" }
    }
},
{
    "from": [ 7.25, 6.5, 15 ],
    "to": [ 7.75, 6.75, 15.25 ],
    "rotation": { "origin": [ 7.25, 6.75, 15 ], "axis": "z", "angle": -22.5 },
    "faces": {
        "down":  { "uv": [ 11.25, 13.75, 12, 13.5 ], "texture": "#texture" },
        "up":    { "uv": [ 11.25, 13, 12, 13.25 ], "texture": "#texture" },
        "north": { "uv": [ 3.5, 8, 4.25, 8.25 ], "texture": "#texture" },
        "south": { "uv": [ 6.75, 8.25, 7.5, 8.5 ], "texture": "#texture" },
        "west":  { "uv": [ 7.25, 7.25, 7.5, 7.5 ], "texture": "#texture" },
        "east":  { "uv": [ 4, 7.25, 4.25, 7.5 ], "texture": "#texture" }
    }
},
{
    "from": [ 7, 6, 14.25 ],
    "to": [ 7.75, 6.25, 14.5 ],
    "rotation": { "origin": [ 7, 6.25, 14.25 ], "axis": "z", "angle": -22.5 },
    "faces": {
        "down":  { "uv": [ 6.25, 13.25, 7, 13 ], "texture": "#texture" },
        "up":    { "uv": [ 10, 13.25, 10.75, 13.5 ], "texture": "#texture" },
        "north": { "uv": [ 4.75, 7.5, 5.5, 7.75 ], "texture": "#texture" },
        "south": { "uv": [ 10.5, 7.5, 11.25, 7.75 ], "texture": "#texture" },
        "west":  { "uv": [ 7.25, 7.25, 7.5, 7.5 ], "texture": "#texture" },
        "east":  { "uv": [ 4, 7.25, 4.25, 7.5 ], "texture": "#texture" }
    }
},
{
    "from": [ 8.5, 5.75, 15 ],
    "to": [ 9, 6, 15.25 ],
    "rotation": { "origin": [ 8.5, 6, 15 ], "axis": "z", "angle": 22.5 },
    "faces": {
        "down":  { "uv": [ 6.75, 14, 7.5, 13.75 ], "texture": "#texture" },
        "up":    { "uv": [ 10.75, 13.75, 11.5, 14 ], "texture": "#texture" },
        "north": { "uv": [ 5.75, 7.75, 6.5, 8 ], "texture": "#texture" },
        "south": { "uv": [ 7.75, 8.5, 8.5, 8.75 ], "texture": "#texture" },
        "west":  { "uv": [ 7.25, 7.25, 7.5, 7.5 ], "texture": "#texture" },
        "east":  { "uv": [ 4.75, 7.75, 5, 8 ], "texture": "#texture" }
    }
},
{
    "from": [ 8.25, 6.25, 15 ],
    "to": [ 8.75, 6.5, 15.25 ],
    "rotation": { "origin": [ 8.25, 6.5, 15 ], "axis": "z", "angle": 22.5 },
    "faces": {
        "down":  { "uv": [ 11.5, 13.5, 12.25, 13.25 ], "texture": "#texture" },
        "up":    { "uv": [ 3.75, 13, 4.5, 13.25 ], "texture": "#texture" },
        "north": { "uv": [ 8.5, 8, 9.25, 8.25 ], "texture": "#texture" },
        "south": { "uv": [ 3.25, 8, 4, 8.25 ], "texture": "#texture" },
        "west":  { "uv": [ 7.25, 7.25, 7.5, 7.5 ], "texture": "#texture" },
        "east":  { "uv": [ 4, 7.25, 4.25, 7.5 ], "texture": "#texture" }
    }
},
{
    "from": [ 8.5, 6, 14.75 ],
    "to": [ 9.25, 6.25, 15 ],
    "rotation": { "origin": [ 8.5, 6.25, 14.75 ], "axis": "z", "angle": 22.5 },
    "faces": {
        "down":  { "uv": [ 3.25, 13.5, 4, 13.25 ], "texture": "#texture" },
        "up":    { "uv": [ 3.5, 13, 4.25, 13.25 ], "texture": "#texture" },
        "north": { "uv": [ 11.75, 8.25, 12.5, 8.5 ], "texture": "#texture" },
        "south": { "uv": [ 11.25, 7.75, 12, 8 ], "texture": "#texture" },
        "west":  { "uv": [ 9, 7.75, 9.25, 8 ], "texture": "#texture" },
        "east":  { "uv": [ 4.75, 7.5, 5, 7.75 ], "texture": "#texture" }
    }
},
{
    "from": [ 8.25, 6.5, 14.5 ],
    "to": [ 9, 6.75, 14.75 ],
    "rotation": { "origin": [ 8.25, 6.75, 14.5 ], "axis": "z", "angle": 22.5 },
    "faces": {
        "down":  { "uv": [ 3, 13.5, 3.75, 13.25 ], "texture": "#texture" },
        "up":    { "uv": [ 4, 13.5, 4.75, 13.75 ], "texture": "#texture" },
        "north": { "uv": [ 3.5, 8.25, 4.25, 8.5 ], "texture": "#texture" },
        "south": { "uv": [ 11.5, 8, 12.25, 8.25 ], "texture": "#texture" },
        "west":  { "uv": [ 2.75, 8.25, 3, 8.5 ], "texture": "#texture" },
        "east":  { "uv": [ 3.5, 8, 3.75, 8.25 ], "texture": "#texture" }
    }
},
{
    "from": [ 8.5, 5.5, 14.5 ],
    "to": [ 9.25, 5.75, 14.75 ],
    "rotation": { "origin": [ 8.5, 5.75, 14.5 ], "axis": "z", "angle": 22.5 },
    "faces": {
        "down":  { "uv": [ 3.5, 13.5, 4.25, 13.25 ], "texture": "#texture" },
        "up":    { "uv": [ 11.75, 13.5, 12.5, 13.75 ], "texture": "#texture" },
        "north": { "uv": [ 3.75, 7.75, 4.5, 8 ], "texture": "#texture" },
        "south": { "uv": [ 2.75, 8, 3.5, 8.25 ], "texture": "#texture" },
        "west":  { "uv": [ 8, 8.25, 8.25, 8.5 ], "texture": "#texture" },
        "east":  { "uv": [ 3.25, 7.75, 3.5, 8 ], "texture": "#texture" }
    }
},
{
    "from": [ 8, 6.25, 14.25 ],
    "to": [ 8.75, 6.5, 14.5 ],
    "rotation": { "origin": [ 8, 6.5, 14.25 ], "axis": "z", "angle": 22.5 },
    "faces": {
        "down":  { "uv": [ 11.5, 13.75, 12.25, 13.5 ], "texture": "#texture" },
        "up":    { "uv": [ 11.5, 12.75, 12.25, 13 ], "texture": "#texture" },
        "north": { "uv": [ 5.25, 7.5, 6, 7.75 ], "texture": "#texture" },
        "south": { "uv": [ 3, 8, 3.75, 8.25 ], "texture": "#texture" },
        "west":  { "uv": [ 7.25, 8, 7.5, 8.25 ], "texture": "#texture" },
        "east":  { "uv": [ 3.25, 7.75, 3.5, 8 ], "texture": "#texture" }
    }
},
{
    "from": [ 8.5, 5.75, 14.25 ],
    "to": [ 9.25, 6, 14.5 ],
    "rotation": { "origin": [ 8.5, 6, 14.25 ], "axis": "z", "angle": 22.5 },
    "faces": {
        "down":  { "uv": [ 11.75, 13.75, 12.5, 13.5 ], "texture": "#texture" },
        "up":    { "uv": [ 3.75, 13, 4.5, 13.25 ], "texture": "#texture" },
        "north": { "uv": [ 11.25, 7.75, 12, 8 ], "texture": "#texture" },
        "south": { "uv": [ 8.75, 7.75, 9.5, 8 ], "texture": "#texture" },
        "west":  { "uv": [ 3, 7.75, 3.25, 8 ], "texture": "#texture" },
        "east":  { "uv": [ 2, 7.75, 2.25, 8 ], "texture": "#texture" }
    }
},
{
    "__comment": "Cube* break l",
    "from": [ 8.75, 5.25, 14.5 ],
    "to": [ 15.75, 5.5, 15 ],
    "rotation": { "origin": [ 8.75, 5.5, 14.5 ], "axis": "z", "angle": 22.5 },
    "faces": {
        "down":  { "uv": [ 1.25, 14, 8.25, 13.5 ], "texture": "#texture" },
        "up":    { "uv": [ 1.25, 12.5, 8.25, 13 ], "texture": "#texture" },
        "north": { "uv": [ 1.25, 2.25, 8, 2.5 ], "texture": "#texture" },
        "south": { "uv": [ 1.25, 2.25, 8.25, 2.5 ], "texture": "#texture" },
        "west":  { "uv": [ 14, 2.25, 14.5, 2.5 ], "texture": "#texture" },
        "east":  { "uv": [ 1.25, 2, 1.75, 2.25 ], "texture": "#texture" }
    }
},
{
    "__comment": "Cube* main two",
    "from": [ 8.5, 5.5, 14.25 ],
    "to": [ 15.25, 7, 15.25 ],
    "rotation": { "origin": [ 8.5, 7, 14.25 ], "axis": "z", "angle": 22.5 },
    "faces": {
        "down":  { "uv": [ 1.25, 13.75, 8.25, 12.75 ], "texture": "#texture" },
        "up":    { "uv": [ 1.25, 12.75, 8.5, 13.75 ], "texture": "#texture" },
        "north": { "uv": [ 1.25, 7.25, 8, 8.75 ], "texture": "#texture" },
        "south": { "uv": [ 1.25, 7.25, 8.25, 8.75 ], "texture": "#texture" },
        "west":  { "uv": [ 13.75, 7.25, 14.75, 8.75 ], "texture": "#texture" },
        "east":  { "uv": [ 1.25, 7.25, 2.25, 8.75 ], "texture": "#texture" }
    }
},
{
    "__comment": "Cube* break",
    "from": [ 8, 6.75, 14.5 ],
    "to": [ 15.25, 7, 15 ],
    "rotation": { "origin": [ 8, 7, 14.5 ], "axis": "z", "angle": 22.5 },
    "faces": {
        "down":  { "uv": [ 1.25, 14, 8.5, 13.5 ], "texture": "#texture" },
        "up":    { "uv": [ 1.25, 12.5, 8.25, 13 ], "texture": "#texture" },
        "north": { "uv": [ 1.25, 2.25, 8, 2.5 ], "texture": "#texture" },
        "south": { "uv": [ 1, 2.25, 8.25, 2.5 ], "texture": "#texture" },
        "west":  { "uv": [ 14, 2.25, 14.5, 2.5 ], "texture": "#texture" },
        "east":  { "uv": [ 1.25, 2, 1.75, 2.25 ], "texture": "#texture" }
    }
},
{
    "from": [ 2.25, 16, 15.25 ],
    "to": [ 3.5, 16.25, 16 ],
    "faces": {
        "down":  { "uv": [ 2.25, 15.75, 3.5, 15 ], "texture": "#texture" },
        "up":    { "uv": [ 2.25, 15, 3.5, 15.75 ], "texture": "#texture" },
        "north": { "uv": [ 2.25, 15, 3.5, 15.5 ], "texture": "#texture" },
        "south": { "uv": [ 2.25, 15.75, 3.5, 15.25 ], "texture": "#texture" },
        "west":  { "uv": [ 2.25, 15, 2.75, 15.5 ], "texture": "#texture" },
        "east":  { "uv": [ 3.5, 15, 3, 15.5 ], "texture": "#texture" }
    }
},
{
    "from": [ 2.5, 16.25, 15.5 ],
    "to": [ 3.25, 16.5, 15.75 ],
    "faces": {
        "down":  { "uv": [ 2.5, 15.75, 3.25, 15.5 ], "texture": "#texture" },
        "up":    { "uv": [ 2.5, 15.5, 3.25, 15.75 ], "texture": "#texture" },
        "north": { "uv": [ 2.5, 15.25, 3.25, 15.75 ], "texture": "#texture" },
        "south": { "uv": [ 2.5, 15.75, 3.25, 15.25 ], "texture": "#texture" },
        "west":  { "uv": [ 2.5, 15.25, 3, 15.75 ], "texture": "#texture" },
        "east":  { "uv": [ 3.25, 15.25, 2.75, 15.75 ], "texture": "#texture" }
    }
},
{
    "from": [ 1.25, 12.5, 14.25 ],
    "to": [ 14.75, 14, 15.25 ],
    "faces": {
        "down":  { "uv": [ 1.25, 14, 14.75, 13 ], "texture": "#texture" },
        "up":    { "uv": [ 1.25, 13, 14.75, 14 ], "texture": "#texture" },
        "north": { "uv": [ 1.25, 2, 14.75, 3.5 ], "texture": "#texture" },
        "south": { "uv": [ 1.25, 2, 14.75, 3.5 ], "texture": "#texture" },
        "west":  { "uv": [ 13.75, 2, 14.75, 3.5 ], "texture": "#texture" },
        "east":  { "uv": [ 1.25, 2, 2.25, 3.5 ], "texture": "#texture" }
    }
},
{
    "from": [ 13.75, 0, 15.5 ],
    "to": [ 14, 16, 15.75 ],
    "faces": {
        "down":  { "uv": [ 13.5, 15.75, 13.75, 15.5 ], "texture": "#texture" },
        "up":    { "uv": [ 13.5, 15.5, 13.75, 15.75 ], "texture": "#texture" },
        "north": { "uv": [ 2.25, 0, 2.5, 16 ], "texture": "#texture" },
        "south": { "uv": [ 13.5, 0, 13.75, 16 ], "texture": "#texture" },
        "west":  { "uv": [ 13.5, 0, 13.75, 16 ], "texture": "#texture" },
        "east":  { "uv": [ 2.25, 0, 2.5, 16 ], "texture": "#texture" }
    }
},
{
    "from": [ 12.25, 0, 15.5 ],
    "to": [ 12.5, 16, 15.75 ],
    "faces": {
        "down":  { "uv": [ 12.5, 15.75, 12.75, 15.5 ], "texture": "#texture" },
        "up":    { "uv": [ 12.5, 15.5, 12.75, 15.75 ], "texture": "#texture" },
        "north": { "uv": [ 3.25, 0, 3.5, 16 ], "texture": "#texture" },
        "south": { "uv": [ 12.5, 0, 12.75, 16 ], "texture": "#texture" },
        "west":  { "uv": [ 13.5, 0, 13.75, 16 ], "texture": "#texture" },
        "east":  { "uv": [ 2.25, 0, 2.5, 16 ], "texture": "#texture" }
    }
},
{
    "from": [ 12.5, 0.5, 15.25 ],
    "to": [ 13.75, 16, 16 ],
    "faces": {
        "down":  { "uv": [ 2.25, 15.75, 3.5, 15 ], "texture": "#texture" },
        "up":    { "uv": [ 2.25, 15, 3.5, 15.75 ], "texture": "#texture" },
        "north": { "uv": [ 12.5, 0, 13.75, 16 ], "texture": "#texture" },
        "south": { "uv": [ 2.25, 0, 3.5, 16 ], "texture": "#texture" },
        "west":  { "uv": [ 13, 0, 13.75, 16 ], "texture": "#texture" },
        "east":  { "uv": [ 2.25, 0, 3, 16 ], "texture": "#texture" }
    }
},
{
    "from": [ 2, 0, 15.5 ],
    "to": [ 2.25, 16, 15.75 ],
    "faces": {
        "down":  { "uv": [ 2.75, 15.75, 3, 15.5 ], "texture": "#texture" },
        "up":    { "uv": [ 2.25, 15.25, 2.5, 15.5 ], "texture": "#texture" },
        "north": { "uv": [ 13.5, 0, 13.75, 16 ], "texture": "#texture" },
        "south": { "uv": [ 2.25, 0, 2.5, 16 ], "texture": "#texture" },
        "west":  { "uv": [ 13.5, 0, 13.75, 16 ], "texture": "#texture" },
        "east":  { "uv": [ 2.25, 0, 2.5, 16 ], "texture": "#texture" }
    }
},
{
    "from": [ 3.5, 0, 15.5 ],
    "to": [ 3.75, 16, 15.75 ],
    "faces": {
        "down":  { "uv": [ 3, 15.75, 3.25, 15.5 ], "texture": "#texture" },
        "up":    { "uv": [ 3.25, 15.5, 3.5, 15.75 ], "texture": "#texture" },
        "north": { "uv": [ 12.5, 0, 12.75, 16 ], "texture": "#texture" },
        "south": { "uv": [ 3.25, 0, 3.5, 16 ], "texture": "#texture" },
        "west":  { "uv": [ 13.5, 0, 13.75, 16 ], "texture": "#texture" },
        "east":  { "uv": [ 2.25, 0, 2.5, 16 ], "texture": "#texture" }
    }
},
{
    "from": [ 2.25, 0.5, 15.25 ],
    "to": [ 3.5, 16, 16 ],
    "faces": {
        "down":  { "uv": [ 2.25, 15.75, 3.5, 15 ], "texture": "#texture" },
        "up":    { "uv": [ 2.25, 15, 3.5, 15.75 ], "texture": "#texture" },
        "north": { "uv": [ 12.5, 0, 13.75, 16 ], "texture": "#texture" },
        "south": { "uv": [ 2.25, 0, 3.5, 16 ], "texture": "#texture" },
        "west":  { "uv": [ 13, 0, 13.75, 16 ], "texture": "#texture" },
        "east":  { "uv": [ 2.25, 0, 3, 16 ], "texture": "#texture" }
    }
},
{
    "__comment": "Cube* break main",
    "from": [ 1.25, 8, 14.25 ],
    "to": [ 8, 9.5, 15.25 ],
    "rotation": { "origin": [ 1.25, 9.5, 14.25 ], "axis": "z", "angle": -22.5 },
    "faces": {
        "down":  { "uv": [ 1.25, 13.75, 8.5, 12.75 ], "texture": "#texture" },
        "up":    { "uv": [ 1.25, 12.75, 8.25, 13.75 ], "texture": "#texture" },
        "north": { "uv": [ 1.25, 7.25, 8, 8.75 ], "texture": "#texture" },
        "south": { "uv": [ 1.25, 7.25, 8, 8.75 ], "texture": "#texture" },
        "west":  { "uv": [ 13.75, 7.25, 14.75, 8.75 ], "texture": "#texture" },
        "east":  { "uv": [ 1.25, 7.25, 2.25, 8.75 ], "texture": "#texture" }
    }
},
{
    "from": [ 1.25, 2, 14.25 ],
    "to": [ 14.75, 3.5, 15.25 ],
    "faces": {
        "down":  { "uv": [ 1.25, 14, 14.75, 13 ], "texture": "#texture" },
        "up":    { "uv": [ 1.25, 13, 14.75, 14 ], "texture": "#texture" },
        "north": { "uv": [ 1.25, 12.5, 14.75, 14 ], "texture": "#texture" },
        "south": { "uv": [ 1.25, 12.5, 14.75, 14 ], "texture": "#texture" },
        "west":  { "uv": [ 13.75, 12.5, 14.75, 14 ], "texture": "#texture" },
        "east":  { "uv": [ 1.25, 12.5, 2.25, 14 ], "texture": "#texture" }
    }
},
{
    "__comment": "Cube break r",
    "from": [ 0.5, 8, 14.5 ],
    "to": [ 7.75, 8.25, 15 ],
    "rotation": { "origin": [ 0.5, 8.25, 14.5 ], "axis": "z", "angle": -22.5 },
    "faces": {
        "down":  { "uv": [ 1.25, 14, 8.25, 13.5 ], "texture": "#texture" },
        "up":    { "uv": [ 1.25, 12.5, 8.25, 13 ], "texture": "#texture" },
        "north": { "uv": [ 1.25, 2.25, 8, 2.5 ], "texture": "#texture" },
        "south": { "uv": [ 1.25, 2.25, 7.75, 2.5 ], "texture": "#texture" },
        "west":  { "uv": [ 14, 2.25, 14.5, 2.5 ], "texture": "#texture" },
        "east":  { "uv": [ 1.25, 2, 1.75, 2.25 ], "texture": "#texture" }
    }
},
{
    "from": [ 1.25, 14, 14.5 ],
    "to": [ 14.75, 14.25, 15 ],
    "faces": {
        "down":  { "uv": [ 1.25, 14, 14.75, 13.5 ], "texture": "#texture" },
        "up":    { "uv": [ 1.25, 12.5, 14.75, 13 ], "texture": "#texture" },
        "north": { "uv": [ 1.25, 2.25, 14.75, 2.5 ], "texture": "#texture" },
        "south": { "uv": [ 1.25, 2.25, 14.75, 2.5 ], "texture": "#texture" },
        "west":  { "uv": [ 14, 2.25, 14.5, 2.5 ], "texture": "#texture" },
        "east":  { "uv": [ 1.25, 2, 1.75, 2.25 ], "texture": "#texture" }
    }
},
{
    "from": [ 1.25, 12.25, 14.5 ],
    "to": [ 14.75, 12.5, 15 ],
    "faces": {
        "down":  { "uv": [ 1.25, 14, 14.75, 13.5 ], "texture": "#texture" },
        "up":    { "uv": [ 1.25, 12.5, 14.75, 13 ], "texture": "#texture" },
        "north": { "uv": [ 1.25, 2.25, 14.75, 2.5 ], "texture": "#texture" },
        "south": { "uv": [ 1.25, 2.25, 14.75, 2.5 ], "texture": "#texture" },
        "west":  { "uv": [ 14, 2.25, 14.5, 2.5 ], "texture": "#texture" },
        "east":  { "uv": [ 1.25, 2, 1.75, 2.25 ], "texture": "#texture" }
    }
},
{
    "__comment": "Cube* break",
    "from": [ 1.25, 9.5, 14.5 ],
    "to": [ 8.25, 9.75, 15 ],
    "rotation": { "origin": [ 1.25, 9.75, 14.5 ], "axis": "z", "angle": -22.5 },
    "faces": {
        "down":  { "uv": [ 1.25, 14, 14.75, 13.5 ], "texture": "#texture" },
        "up":    { "uv": [ 1.25, 12.5, 14.75, 13 ], "texture": "#texture" },
        "north": { "uv": [ 1.25, 2.25, 14.75, 2.5 ], "texture": "#texture" },
        "south": { "uv": [ 1.25, 2.25, 14.75, 2.5 ], "texture": "#texture" },
        "west":  { "uv": [ 14, 2.25, 14.5, 2.5 ], "texture": "#texture" },
        "east":  { "uv": [ 1.25, 2, 1.75, 2.25 ], "texture": "#texture" }
    }
},
{
    "from": [ 1.25, 3.5, 14.5 ],
    "to": [ 14.75, 3.75, 15 ],
    "faces": {
        "down":  { "uv": [ 1.25, 14, 14.75, 13.5 ], "texture": "#texture" },
        "up":    { "uv": [ 1.25, 12.5, 14.75, 13 ], "texture": "#texture" },
        "north": { "uv": [ 1.25, 2.25, 14.75, 2.5 ], "texture": "#texture" },
        "south": { "uv": [ 1.25, 2.25, 14.75, 2.5 ], "texture": "#texture" },
        "west":  { "uv": [ 14, 2.25, 14.5, 2.5 ], "texture": "#texture" },
        "east":  { "uv": [ 1.25, 2, 1.75, 2.25 ], "texture": "#texture" }
    }
},
{
    "from": [ 1.25, 1.75, 14.5 ],
    "to": [ 14.75, 2, 15 ],
    "faces": {
        "down":  { "uv": [ 1.25, 14, 14.75, 13.5 ], "texture": "#texture" },
        "up":    { "uv": [ 1.25, 12.5, 14.75, 13 ], "texture": "#texture" },
        "north": { "uv": [ 1.25, 2.25, 14.75, 2.5 ], "texture": "#texture" },
        "south": { "uv": [ 1.25, 2.25, 14.75, 2.5 ], "texture": "#texture" },
        "west":  { "uv": [ 14, 2.25, 14.5, 2.5 ], "texture": "#texture" },
        "east":  { "uv": [ 1.25, 2, 1.75, 2.25 ], "texture": "#texture" }
    }
},
{
    "from": [ 1, 2.25, 14.5 ],
    "to": [ 1.25, 3.25, 15 ],
    "faces": {
        "down":  { "uv": [ 1.25, 13.75, 1.5, 13.25 ], "texture": "#texture" },
        "up":    { "uv": [ 1.5, 13.5, 1.75, 14 ], "texture": "#texture" },
        "north": { "uv": [ 14.5, 2.25, 14.75, 3.25 ], "texture": "#texture" },
        "south": { "uv": [ 1.25, 2.25, 1.5, 3.25 ], "texture": "#texture" },
        "west":  { "uv": [ 14.25, 2.25, 14.75, 3.25 ], "texture": "#texture" },
        "east":  { "uv": [ 1.25, 2.25, 1.75, 3.25 ], "texture": "#texture" }
    }
},
{
    "from": [ 1, 12.75, 14.5 ],
    "to": [ 1.25, 13.75, 15 ],
    "faces": {
        "down":  { "uv": [ 1.25, 13.75, 1.5, 13.25 ], "texture": "#texture" },
        "up":    { "uv": [ 1.5, 13.5, 1.75, 14 ], "texture": "#texture" },
        "north": { "uv": [ 14.5, 2.25, 14.75, 3.25 ], "texture": "#texture" },
        "south": { "uv": [ 1.25, 2.25, 1.5, 3.25 ], "texture": "#texture" },
        "west":  { "uv": [ 14.25, 2.25, 14.75, 3.25 ], "texture": "#texture" },
        "east":  { "uv": [ 1.25, 2.25, 1.75, 3.25 ], "texture": "#texture" }
    }
},
{
    "from": [ 14.75, 2.25, 14.5 ],
    "to": [ 15, 3.25, 15 ],
    "faces": {
        "down":  { "uv": [ 1.25, 13.75, 1.5, 13.25 ], "texture": "#texture" },
        "up":    { "uv": [ 1.5, 13.5, 1.75, 14 ], "texture": "#texture" },
        "north": { "uv": [ 14.5, 2.25, 14.75, 3.25 ], "texture": "#texture" },
        "south": { "uv": [ 1.25, 2.25, 1.5, 3.25 ], "texture": "#texture" },
        "west":  { "uv": [ 14.25, 2.25, 14.75, 3.25 ], "texture": "#texture" },
        "east":  { "uv": [ 1.25, 2.25, 1.75, 3.25 ], "texture": "#texture" }
    }
},
{
    "from": [ 1, 8.5, 14.5 ],
    "to": [ 1.25, 9.5, 15 ],
    "rotation": { "origin": [ 1, 9.5, 14.5 ], "axis": "z", "angle": -22.5 },
    "faces": {
        "down":  { "uv": [ 1.25, 13.75, 1.5, 13.25 ], "texture": "#texture" },
        "up":    { "uv": [ 1.5, 13.5, 1.75, 14 ], "texture": "#texture" },
        "north": { "uv": [ 14.5, 2.25, 14.75, 3.25 ], "texture": "#texture" },
        "south": { "uv": [ 1.25, 2.25, 1.5, 3.25 ], "texture": "#texture" },
        "west":  { "uv": [ 14.25, 2.25, 14.75, 3.25 ], "texture": "#texture" },
        "east":  { "uv": [ 1.25, 2.25, 1.75, 3.25 ], "texture": "#texture" }
    }
},
{
    "from": [ 14.75, 8.25, 14.5 ],
    "to": [ 15, 9.25, 15 ],
    "rotation": { "origin": [ 14.75, 9.25, 14.5 ], "axis": "z", "angle": 22.5 },
    "faces": {
        "down":  { "uv": [ 1.25, 13.75, 1.5, 13.25 ], "texture": "#texture" },
        "up":    { "uv": [ 1.5, 13.5, 1.75, 14 ], "texture": "#texture" },
        "north": { "uv": [ 14.5, 2.25, 14.75, 3.25 ], "texture": "#texture" },
        "south": { "uv": [ 1.25, 2.25, 1.5, 3.25 ], "texture": "#texture" },
        "west":  { "uv": [ 14.25, 2.25, 14.75, 3.25 ], "texture": "#texture" },
        "east":  { "uv": [ 1.25, 2.25, 1.75, 3.25 ], "texture": "#texture" }
    }
},
{
    "from": [ 14.75, 12.75, 14.5 ],
    "to": [ 15, 13.75, 15 ],
    "faces": {
        "down":  { "uv": [ 1.25, 13.75, 1.5, 13.25 ], "texture": "#texture" },
        "up":    { "uv": [ 1.5, 13.5, 1.75, 14 ], "texture": "#texture" },
        "north": { "uv": [ 14.5, 2.25, 14.75, 3.25 ], "texture": "#texture" },
        "south": { "uv": [ 1.25, 2.25, 1.5, 3.25 ], "texture": "#texture" },
        "west":  { "uv": [ 14.25, 2.25, 14.75, 3.25 ], "texture": "#texture" },
        "east":  { "uv": [ 1.25, 2.25, 1.75, 3.25 ], "texture": "#texture" }
    }
},
{
    "from": [ 12.75, 16.25, 15.5 ],
    "to": [ 13.5, 16.5, 15.75 ],
    "faces": {
        "down":  { "uv": [ 2.5, 15.75, 3.25, 15.5 ], "texture": "#texture" },
        "up":    { "uv": [ 2.5, 15.5, 3.25, 15.75 ], "texture": "#texture" },
        "north": { "uv": [ 2.5, 15.25, 3.25, 15.75 ], "texture": "#texture" },
        "south": { "uv": [ 2.5, 15.75, 3.25, 15.25 ], "texture": "#texture" },
        "west":  { "uv": [ 2.5, 15.25, 3, 15.75 ], "texture": "#texture" },
        "east":  { "uv": [ 3.25, 15.25, 2.75, 15.75 ], "texture": "#texture" }
    }
},
{
    "from": [ 12.5, 16, 15.25 ],
    "to": [ 13.75, 16.25, 16 ],
    "faces": {
        "down":  { "uv": [ 2.25, 15.75, 3.5, 15 ], "texture": "#texture" },
        "up":    { "uv": [ 2.25, 15, 3.5, 15.75 ], "texture": "#texture" },
        "north": { "uv": [ 2.25, 15, 3.5, 15.5 ], "texture": "#texture" },
        "south": { "uv": [ 2.25, 15.75, 3.5, 15.25 ], "texture": "#texture" },
        "west":  { "uv": [ 2.25, 15, 2.75, 15.5 ], "texture": "#texture" },
        "east":  { "uv": [ 3.5, 15, 3, 15.5 ], "texture": "#texture" }
    }
},
{
    "from": [ 2.25, 0.25, 15.5 ],
    "to": [ 2.5, 0.5, 15.75 ],
    "faces": {
        "down":  { "uv": [ 2.25, 15.5, 2.5, 15.25 ], "texture": "#texture" },
        "up":    { "uv": [ 2.25, 15.25, 2.5, 15.5 ], "texture": "#texture" },
        "north": { "uv": [ 12.5, 15.5, 12.75, 15.75 ], "texture": "#texture" },
        "south": { "uv": [ 2.25, 15.5, 2.5, 15.75 ], "texture": "#texture" },
        "west":  { "uv": [ 13, 15.25, 13.25, 15.5 ], "texture": "#texture" },
        "east":  { "uv": [ 2.75, 15.25, 3, 15.5 ], "texture": "#texture" }
    }
},
{
    "from": [ 12.5, 0.25, 15.75 ],
    "to": [ 13.75, 0.5, 16 ],
    "faces": {
        "down":  { "uv": [ 2.25, 15.5, 3.5, 15.25 ], "texture": "#texture" },
        "up":    { "uv": [ 2.25, 15.25, 3.5, 15.5 ], "texture": "#texture" },
        "north": { "uv": [ 12.5, 15.5, 13.75, 15.75 ], "texture": "#texture" },
        "south": { "uv": [ 2.25, 15.5, 3.5, 15.75 ], "texture": "#texture" },
        "west":  { "uv": [ 13, 15.25, 13.25, 15.5 ], "texture": "#texture" },
        "east":  { "uv": [ 2.75, 15.25, 3, 15.5 ], "texture": "#texture" }
    }
},
{
    "from": [ 2.25, 0.25, 15.75 ],
    "to": [ 3.5, 0.5, 16 ],
    "faces": {
        "down":  { "uv": [ 2.25, 15.5, 3.5, 15.25 ], "texture": "#texture" },
        "up":    { "uv": [ 2.25, 15.25, 3.5, 15.5 ], "texture": "#texture" },
        "north": { "uv": [ 12.5, 15.5, 13.75, 15.75 ], "texture": "#texture" },
        "south": { "uv": [ 2.25, 15.5, 3.5, 15.75 ], "texture": "#texture" },
        "west":  { "uv": [ 13, 15.25, 13.25, 15.5 ], "texture": "#texture" },
        "east":  { "uv": [ 2.75, 15.25, 3, 15.5 ], "texture": "#texture" }
    }
},
{
    "from": [ 2.25, 0.25, 15.25 ],
    "to": [ 3.5, 0.5, 15.5 ],
    "faces": {
        "down":  { "uv": [ 2.25, 15.5, 3.5, 15.25 ], "texture": "#texture" },
        "up":    { "uv": [ 2.25, 15.25, 3.5, 15.5 ], "texture": "#texture" },
        "north": { "uv": [ 12.5, 15.5, 13.75, 15.75 ], "texture": "#texture" },
        "south": { "uv": [ 2.25, 15.5, 3.5, 15.75 ], "texture": "#texture" },
        "west":  { "uv": [ 13, 15.25, 13.25, 15.5 ], "texture": "#texture" },
        "east":  { "uv": [ 2.75, 15.25, 3, 15.5 ], "texture": "#texture" }
    }
},
{
    "from": [ 12.5, 0.25, 15.25 ],
    "to": [ 13.75, 0.5, 15.5 ],
    "faces": {
        "down":  { "uv": [ 2.25, 15.5, 3.5, 15.25 ], "texture": "#texture" },
        "up":    { "uv": [ 2.25, 15.25, 3.5, 15.5 ], "texture": "#texture" },
        "north": { "uv": [ 12.5, 15.5, 13.75, 15.75 ], "texture": "#texture" },
        "south": { "uv": [ 2.25, 15.5, 3.5, 15.75 ], "texture": "#texture" },
        "west":  { "uv": [ 13, 15.25, 13.25, 15.5 ], "texture": "#texture" },
        "east":  { "uv": [ 2.75, 15.25, 3, 15.5 ], "texture": "#texture" }
    }
},
{
    "from": [ 12.5, 0.25, 15.5 ],
    "to": [ 12.75, 0.5, 15.75 ],
    "faces": {
        "down":  { "uv": [ 2.25, 15.5, 2.5, 15.25 ], "texture": "#texture" },
        "up":    { "uv": [ 2.25, 15.25, 2.5, 15.5 ], "texture": "#texture" },
        "north": { "uv": [ 12.5, 15.5, 12.75, 15.75 ], "texture": "#texture" },
        "south": { "uv": [ 2.25, 15.5, 2.5, 15.75 ], "texture": "#texture" },
        "west":  { "uv": [ 13, 15.25, 13.25, 15.5 ], "texture": "#texture" },
        "east":  { "uv": [ 2.75, 15.25, 3, 15.5 ], "texture": "#texture" }
    }
},
{
    "from": [ 13.5, 0.25, 15.5 ],
    "to": [ 13.75, 0.5, 15.75 ],
    "faces": {
        "down":  { "uv": [ 2.25, 15.5, 2.5, 15.25 ], "texture": "#texture" },
        "up":    { "uv": [ 2.25, 15.25, 2.5, 15.5 ], "texture": "#texture" },
        "north": { "uv": [ 12.5, 15.5, 12.75, 15.75 ], "texture": "#texture" },
        "south": { "uv": [ 2.25, 15.5, 2.5, 15.75 ], "texture": "#texture" },
        "west":  { "uv": [ 13, 15.25, 13.25, 15.5 ], "texture": "#texture" },
        "east":  { "uv": [ 2.75, 15.25, 3, 15.5 ], "texture": "#texture" }
    }
},
{
    "from": [ 3.25, 0.25, 15.5 ],
    "to": [ 3.5, 0.5, 15.75 ],
    "faces": {
        "down":  { "uv": [ 2.25, 15.5, 2.5, 15.25 ], "texture": "#texture" },
        "up":    { "uv": [ 2.25, 15.25, 2.5, 15.5 ], "texture": "#texture" },
        "north": { "uv": [ 12.5, 15.5, 12.75, 15.75 ], "texture": "#texture" },
        "south": { "uv": [ 2.25, 15.5, 2.5, 15.75 ], "texture": "#texture" },
        "west":  { "uv": [ 13, 15.25, 13.25, 15.5 ], "texture": "#texture" },
        "east":  { "uv": [ 2.75, 15.25, 3, 15.5 ], "texture": "#texture" }
    }
}
]
}