{
"__comment": "Made by (c) Yannik Pipek. Make sure to inform yourself about my therms of use before using any of my work",
"textures": {
    "particle": "blocks/ladder",
    "texture": "blocks/ladder",
    "front": "blocks/ladder",
    "side": "blocks/ladder",
    "cap": "blocks/ladder"
},
"elements": [ 
{
    "from": [ 3.25, 0.25, 15.5 ],
    "to": [ 3.5, 0.5, 15.75 ],
    "faces": {
        "down":  { "uv": [ 2.25, 15.5, 2.5, 15.25 ], "texture": "#texture" },
        "up":    { "uv": [ 2.25, 15.25, 2.5, 15.5 ], "texture": "#texture" },
        "north": { "uv": [ 12.5, 15.5, 12.75, 15.75 ], "texture": "#texture" },
        "south": { "uv": [ 2.25, 15.5, 2.5, 15.75 ], "texture": "#texture" },
        "west":  { "uv": [ 13, 15.25, 13.25, 15.5 ], "texture": "#texture" },
        "east":  { "uv": [ 2.75, 15.25, 3, 15.5 ], "texture": "#texture" }
    }
},
{
    "from": [ 13.5, 0.25, 15.5 ],
    "to": [ 13.75, 0.5, 15.75 ],
    "faces": {
        "down":  { "uv": [ 2.25, 15.5, 2.5, 15.25 ], "texture": "#texture" },
        "up":    { "uv": [ 2.25, 15.25, 2.5, 15.5 ], "texture": "#texture" },
        "north": { "uv": [ 12.5, 15.5, 12.75, 15.75 ], "texture": "#texture" },
        "south": { "uv": [ 2.25, 15.5, 2.5, 15.75 ], "texture": "#texture" },
        "west":  { "uv": [ 13, 15.25, 13.25, 15.5 ], "texture": "#texture" },
        "east":  { "uv": [ 2.75, 15.25, 3, 15.5 ], "texture": "#texture" }
    }
},
{
    "from": [ 12.5, 0.25, 15.5 ],
    "to": [ 12.75, 0.5, 15.75 ],
    "faces": {
        "down":  { "uv": [ 2.25, 15.5, 2.5, 15.25 ], "texture": "#texture" },
        "up":    { "uv": [ 2.25, 15.25, 2.5, 15.5 ], "texture": "#texture" },
        "north": { "uv": [ 12.5, 15.5, 12.75, 15.75 ], "texture": "#texture" },
        "south": { "uv": [ 2.25, 15.5, 2.5, 15.75 ], "texture": "#texture" },
        "west":  { "uv": [ 13, 15.25, 13.25, 15.5 ], "texture": "#texture" },
        "east":  { "uv": [ 2.75, 15.25, 3, 15.5 ], "texture": "#texture" }
    }
},
{
    "from": [ 12.5, 0.25, 15.25 ],
    "to": [ 13.75, 0.5, 15.5 ],
    "faces": {
        "down":  { "uv": [ 2.25, 15.5, 3.5, 15.25 ], "texture": "#texture" },
        "up":    { "uv": [ 2.25, 15.25, 3.5, 15.5 ], "texture": "#texture" },
        "north": { "uv": [ 12.5, 15.5, 13.75, 15.75 ], "texture": "#texture" },
        "south": { "uv": [ 2.25, 15.5, 3.5, 15.75 ], "texture": "#texture" },
        "west":  { "uv": [ 13, 15.25, 13.25, 15.5 ], "texture": "#texture" },
        "east":  { "uv": [ 2.75, 15.25, 3, 15.5 ], "texture": "#texture" }
    }
},
{
    "from": [ 2.25, 0.25, 15.25 ],
    "to": [ 3.5, 0.5, 15.5 ],
    "faces": {
        "down":  { "uv": [ 2.25, 15.5, 3.5, 15.25 ], "texture": "#texture" },
        "up":    { "uv": [ 2.25, 15.25, 3.5, 15.5 ], "texture": "#texture" },
        "north": { "uv": [ 12.5, 15.5, 13.75, 15.75 ], "texture": "#texture" },
        "south": { "uv": [ 2.25, 15.5, 3.5, 15.75 ], "texture": "#texture" },
        "west":  { "uv": [ 13, 15.25, 13.25, 15.5 ], "texture": "#texture" },
        "east":  { "uv": [ 2.75, 15.25, 3, 15.5 ], "texture": "#texture" }
    }
},
{
    "from": [ 2.25, 0.25, 15.75 ],
    "to": [ 3.5, 0.5, 16 ],
    "faces": {
        "down":  { "uv": [ 2.25, 15.5, 3.5, 15.25 ], "texture": "#texture" },
        "up":    { "uv": [ 2.25, 15.25, 3.5, 15.5 ], "texture": "#texture" },
        "north": { "uv": [ 12.5, 15.5, 13.75, 15.75 ], "texture": "#texture" },
        "south": { "uv": [ 2.25, 15.5, 3.5, 15.75 ], "texture": "#texture" },
        "west":  { "uv": [ 13, 15.25, 13.25, 15.5 ], "texture": "#texture" },
        "east":  { "uv": [ 2.75, 15.25, 3, 15.5 ], "texture": "#texture" }
    }
},
{
    "from": [ 12.5, 0.25, 15.75 ],
    "to": [ 13.75, 0.5, 16 ],
    "faces": {
        "down":  { "uv": [ 2.25, 15.5, 3.5, 15.25 ], "texture": "#texture" },
        "up":    { "uv": [ 2.25, 15.25, 3.5, 15.5 ], "texture": "#texture" },
        "north": { "uv": [ 12.5, 15.5, 13.75, 15.75 ], "texture": "#texture" },
        "south": { "uv": [ 2.25, 15.5, 3.5, 15.75 ], "texture": "#texture" },
        "west":  { "uv": [ 13, 15.25, 13.25, 15.5 ], "texture": "#texture" },
        "east":  { "uv": [ 2.75, 15.25, 3, 15.5 ], "texture": "#texture" }
    }
},
{
    "from": [ 2.25, 0.25, 15.5 ],
    "to": [ 2.5, 0.5, 15.75 ],
    "faces": {
        "down":  { "uv": [ 2.25, 15.5, 2.5, 15.25 ], "texture": "#texture" },
        "up":    { "uv": [ 2.25, 15.25, 2.5, 15.5 ], "texture": "#texture" },
        "north": { "uv": [ 12.5, 15.5, 12.75, 15.75 ], "texture": "#texture" },
        "south": { "uv": [ 2.25, 15.5, 2.5, 15.75 ], "texture": "#texture" },
        "west":  { "uv": [ 13, 15.25, 13.25, 15.5 ], "texture": "#texture" },
        "east":  { "uv": [ 2.75, 15.25, 3, 15.5 ], "texture": "#texture" }
    }
},
{
    "from": [ 12.5, 16, 15.25 ],
    "to": [ 13.75, 16.25, 16 ],
    "faces": {
        "down":  { "uv": [ 2.25, 15.75, 3.5, 15 ], "texture": "#texture" },
        "up":    { "uv": [ 2.25, 15, 3.5, 15.75 ], "texture": "#texture" },
        "north": { "uv": [ 2.25, 15, 3.5, 15.5 ], "texture": "#texture" },
        "south": { "uv": [ 2.25, 15.75, 3.5, 15.25 ], "texture": "#texture" },
        "west":  { "uv": [ 2.25, 15, 2.75, 15.5 ], "texture": "#texture" },
        "east":  { "uv": [ 3.5, 15, 3, 15.5 ], "texture": "#texture" }
    }
},
{
    "from": [ 12.75, 16.25, 15.5 ],
    "to": [ 13.5, 16.5, 15.75 ],
    "faces": {
        "down":  { "uv": [ 2.5, 15.75, 3.25, 15.5 ], "texture": "#texture" },
        "up":    { "uv": [ 2.5, 15.5, 3.25, 15.75 ], "texture": "#texture" },
        "north": { "uv": [ 2.5, 15.25, 3.25, 15.75 ], "texture": "#texture" },
        "south": { "uv": [ 2.5, 15.75, 3.25, 15.25 ], "texture": "#texture" },
        "west":  { "uv": [ 2.5, 15.25, 3, 15.75 ], "texture": "#texture" },
        "east":  { "uv": [ 3.25, 15.25, 2.75, 15.75 ], "texture": "#texture" }
    }
},
{
    "from": [ 14.75, 12.75, 14.5 ],
    "to": [ 15, 13.75, 15 ],
    "faces": {
        "down":  { "uv": [ 1.25, 13.75, 1.5, 13.25 ], "texture": "#texture" },
        "up":    { "uv": [ 1.5, 13.5, 1.75, 14 ], "texture": "#texture" },
        "north": { "uv": [ 14.5, 2.25, 14.75, 3.25 ], "texture": "#texture" },
        "south": { "uv": [ 1.25, 2.25, 1.5, 3.25 ], "texture": "#texture" },
        "west":  { "uv": [ 14.25, 2.25, 14.75, 3.25 ], "texture": "#texture" },
        "east":  { "uv": [ 1.25, 2.25, 1.75, 3.25 ], "texture": "#texture" }
    }
},
{
    "from": [ 14.75, 2, 14.5 ],
    "to": [ 15, 3, 15 ],
    "rotation": { "origin": [ 14.75, 3, 14.5 ], "axis": "z", "angle": -22.5 },
    "faces": {
        "down":  { "uv": [ 1.25, 13.75, 1.5, 13.25 ], "texture": "#texture" },
        "up":    { "uv": [ 1.5, 13.5, 1.75, 14 ], "texture": "#texture" },
        "north": { "uv": [ 14.5, 2.25, 14.75, 3.25 ], "texture": "#texture" },
        "south": { "uv": [ 1.25, 2.25, 1.5, 3.25 ], "texture": "#texture" },
        "west":  { "uv": [ 14.25, 2.25, 14.75, 3.25 ], "texture": "#texture" },
        "east":  { "uv": [ 1.25, 2.25, 1.75, 3.25 ], "texture": "#texture" }
    }
},
{
    "from": [ 1, 7.5, 14.5 ],
    "to": [ 1.25, 8.5, 15 ],
    "rotation": { "origin": [ 1, 8.5, 14.5 ], "axis": "z", "angle": -22.5 },
    "faces": {
        "down":  { "uv": [ 1.25, 13.75, 1.5, 13.25 ], "texture": "#texture" },
        "up":    { "uv": [ 1.5, 13.5, 1.75, 14 ], "texture": "#texture" },
        "north": { "uv": [ 14.5, 2.25, 14.75, 3.25 ], "texture": "#texture" },
        "south": { "uv": [ 1.25, 2.25, 1.5, 3.25 ], "texture": "#texture" },
        "west":  { "uv": [ 14.25, 2.25, 14.75, 3.25 ], "texture": "#texture" },
        "east":  { "uv": [ 1.25, 2.25, 1.75, 3.25 ], "texture": "#texture" }
    }
},
{
    "from": [ 1, 12.75, 14.5 ],
    "to": [ 1.25, 13.75, 15 ],
    "faces": {
        "down":  { "uv": [ 1.25, 13.75, 1.5, 13.25 ], "texture": "#texture" },
        "up":    { "uv": [ 1.5, 13.5, 1.75, 14 ], "texture": "#texture" },
        "north": { "uv": [ 14.5, 2.25, 14.75, 3.25 ], "texture": "#texture" },
        "south": { "uv": [ 1.25, 2.25, 1.5, 3.25 ], "texture": "#texture" },
        "west":  { "uv": [ 14.25, 2.25, 14.75, 3.25 ], "texture": "#texture" },
        "east":  { "uv": [ 1.25, 2.25, 1.75, 3.25 ], "texture": "#texture" }
    }
},
{
    "from": [ 0.5, 7.25, 14.5 ],
    "to": [ 15.25, 7.5, 15 ],
    "rotation": { "origin": [ 0.5, 7.5, 14.5 ], "axis": "z", "angle": -22.5 },
    "faces": {
        "down":  { "uv": [ 1.25, 14, 14.75, 13.5 ], "texture": "#texture" },
        "up":    { "uv": [ 1.25, 12.5, 14.75, 13 ], "texture": "#texture" },
        "north": { "uv": [ 1.25, 2.25, 14.75, 2.5 ], "texture": "#texture" },
        "south": { "uv": [ 1.25, 2.25, 14.75, 2.5 ], "texture": "#texture" },
        "west":  { "uv": [ 14, 2.25, 14.5, 2.5 ], "texture": "#texture" },
        "east":  { "uv": [ 1.25, 2, 1.75, 2.25 ], "texture": "#texture" }
    }
},
{
    "from": [ 1.25, 12.25, 14.5 ],
    "to": [ 14.75, 12.5, 15 ],
    "faces": {
        "down":  { "uv": [ 1.25, 14, 14.75, 13.5 ], "texture": "#texture" },
        "up":    { "uv": [ 1.25, 12.5, 14.75, 13 ], "texture": "#texture" },
        "north": { "uv": [ 1.25, 2.25, 14.75, 2.5 ], "texture": "#texture" },
        "south": { "uv": [ 1.25, 2.25, 14.75, 2.5 ], "texture": "#texture" },
        "west":  { "uv": [ 14, 2.25, 14.5, 2.5 ], "texture": "#texture" },
        "east":  { "uv": [ 1.25, 2, 1.75, 2.25 ], "texture": "#texture" }
    }
},
{
    "from": [ 1.25, 14, 14.5 ],
    "to": [ 14.75, 14.25, 15 ],
    "faces": {
        "down":  { "uv": [ 1.25, 14, 14.75, 13.5 ], "texture": "#texture" },
        "up":    { "uv": [ 1.25, 12.5, 14.75, 13 ], "texture": "#texture" },
        "north": { "uv": [ 1.25, 2.25, 14.75, 2.5 ], "texture": "#texture" },
        "south": { "uv": [ 1.25, 2.25, 14.75, 2.5 ], "texture": "#texture" },
        "west":  { "uv": [ 14, 2.25, 14.5, 2.5 ], "texture": "#texture" },
        "east":  { "uv": [ 1.25, 2, 1.75, 2.25 ], "texture": "#texture" }
    }
},
{
    "from": [ 1.25, 8.75, 14.5 ],
    "to": [ 16, 9, 15 ],
    "rotation": { "origin": [ 1.25, 9, 14.5 ], "axis": "z", "angle": -22.5 },
    "faces": {
        "down":  { "uv": [ 1.25, 14, 14.75, 13.5 ], "texture": "#texture" },
        "up":    { "uv": [ 1.25, 12.5, 14.75, 13 ], "texture": "#texture" },
        "north": { "uv": [ 1.25, 2.25, 14.75, 2.5 ], "texture": "#texture" },
        "south": { "uv": [ 1.25, 2.25, 14.75, 2.5 ], "texture": "#texture" },
        "west":  { "uv": [ 14, 2.25, 14.5, 2.5 ], "texture": "#texture" },
        "east":  { "uv": [ 1.25, 2, 1.75, 2.25 ], "texture": "#texture" }
    }
},
{
    "from": [ 1.25, 7.25, 14.25 ],
    "to": [ 16, 8.75, 15.25 ],
    "rotation": { "origin": [ 1.25, 8.75, 14.25 ], "axis": "z", "angle": -22.5 },
    "faces": {
        "down":  { "uv": [ 1.25, 13.75, 14.75, 12.75 ], "texture": "#texture" },
        "up":    { "uv": [ 1.25, 12.75, 14.75, 13.75 ], "texture": "#texture" },
        "north": { "uv": [ 1.25, 7.25, 14.75, 8.75 ], "texture": "#texture" },
        "south": { "uv": [ 1.25, 7.25, 14.75, 8.75 ], "texture": "#texture" },
        "west":  { "uv": [ 13.75, 7.25, 14.75, 8.75 ], "texture": "#texture" },
        "east":  { "uv": [ 1.25, 7.25, 2.25, 8.75 ], "texture": "#texture" }
    }
},
{
    "from": [ 2.25, 0.5, 15.25 ],
    "to": [ 3.5, 16, 16 ],
    "faces": {
        "down":  { "uv": [ 2.25, 15.75, 3.5, 15 ], "texture": "#texture" },
        "up":    { "uv": [ 2.25, 15, 3.5, 15.75 ], "texture": "#texture" },
        "north": { "uv": [ 12.5, 0, 13.75, 16 ], "texture": "#texture" },
        "south": { "uv": [ 2.25, 0, 3.5, 16 ], "texture": "#texture" },
        "west":  { "uv": [ 13, 0, 13.75, 16 ], "texture": "#texture" },
        "east":  { "uv": [ 2.25, 0, 3, 16 ], "texture": "#texture" }
    }
},
{
    "from": [ 3.5, 0, 15.5 ],
    "to": [ 3.75, 16, 15.75 ],
    "faces": {
        "down":  { "uv": [ 3, 15.75, 3.25, 15.5 ], "texture": "#texture" },
        "up":    { "uv": [ 3.25, 15.5, 3.5, 15.75 ], "texture": "#texture" },
        "north": { "uv": [ 12.5, 0, 12.75, 16 ], "texture": "#texture" },
        "south": { "uv": [ 3.25, 0, 3.5, 16 ], "texture": "#texture" },
        "west":  { "uv": [ 13.5, 0, 13.75, 16 ], "texture": "#texture" },
        "east":  { "uv": [ 2.25, 0, 2.5, 16 ], "texture": "#texture" }
    }
},
{
    "from": [ 2, 0, 15.5 ],
    "to": [ 2.25, 16, 15.75 ],
    "faces": {
        "down":  { "uv": [ 2.75, 15.75, 3, 15.5 ], "texture": "#texture" },
        "up":    { "uv": [ 2.25, 15.25, 2.5, 15.5 ], "texture": "#texture" },
        "north": { "uv": [ 13.5, 0, 13.75, 16 ], "texture": "#texture" },
        "south": { "uv": [ 2.25, 0, 2.5, 16 ], "texture": "#texture" },
        "west":  { "uv": [ 13.5, 0, 13.75, 16 ], "texture": "#texture" },
        "east":  { "uv": [ 2.25, 0, 2.5, 16 ], "texture": "#texture" }
    }
},
{
    "from": [ 12.5, 0.5, 15.25 ],
    "to": [ 13.75, 16, 16 ],
    "faces": {
        "down":  { "uv": [ 2.25, 15.75, 3.5, 15 ], "texture": "#texture" },
        "up":    { "uv": [ 2.25, 15, 3.5, 15.75 ], "texture": "#texture" },
        "north": { "uv": [ 12.5, 0, 13.75, 16 ], "texture": "#texture" },
        "south": { "uv": [ 2.25, 0, 3.5, 16 ], "texture": "#texture" },
        "west":  { "uv": [ 13, 0, 13.75, 16 ], "texture": "#texture" },
        "east":  { "uv": [ 2.25, 0, 3, 16 ], "texture": "#texture" }
    }
},
{
    "from": [ 12.25, 0, 15.5 ],
    "to": [ 12.5, 16, 15.75 ],
    "faces": {
        "down":  { "uv": [ 12.5, 15.75, 12.75, 15.5 ], "texture": "#texture" },
        "up":    { "uv": [ 12.5, 15.5, 12.75, 15.75 ], "texture": "#texture" },
        "north": { "uv": [ 3.25, 0, 3.5, 16 ], "texture": "#texture" },
        "south": { "uv": [ 12.5, 0, 12.75, 16 ], "texture": "#texture" },
        "west":  { "uv": [ 13.5, 0, 13.75, 16 ], "texture": "#texture" },
        "east":  { "uv": [ 2.25, 0, 2.5, 16 ], "texture": "#texture" }
    }
},
{
    "from": [ 13.75, 0, 15.5 ],
    "to": [ 14, 16, 15.75 ],
    "faces": {
        "down":  { "uv": [ 13.5, 15.75, 13.75, 15.5 ], "texture": "#texture" },
        "up":    { "uv": [ 13.5, 15.5, 13.75, 15.75 ], "texture": "#texture" },
        "north": { "uv": [ 2.25, 0, 2.5, 16 ], "texture": "#texture" },
        "south": { "uv": [ 13.5, 0, 13.75, 16 ], "texture": "#texture" },
        "west":  { "uv": [ 13.5, 0, 13.75, 16 ], "texture": "#texture" },
        "east":  { "uv": [ 2.25, 0, 2.5, 16 ], "texture": "#texture" }
    }
},
{
    "from": [ 1.25, 12.5, 14.25 ],
    "to": [ 14.75, 14, 15.25 ],
    "faces": {
        "down":  { "uv": [ 1.25, 14, 14.75, 13 ], "texture": "#texture" },
        "up":    { "uv": [ 1.25, 13, 14.75, 14 ], "texture": "#texture" },
        "north": { "uv": [ 1.25, 2, 14.75, 3.5 ], "texture": "#texture" },
        "south": { "uv": [ 1.25, 2, 14.75, 3.5 ], "texture": "#texture" },
        "west":  { "uv": [ 13.75, 2, 14.75, 3.5 ], "texture": "#texture" },
        "east":  { "uv": [ 1.25, 2, 2.25, 3.5 ], "texture": "#texture" }
    }
},
{
    "from": [ 2.5, 16.25, 15.5 ],
    "to": [ 3.25, 16.5, 15.75 ],
    "faces": {
        "down":  { "uv": [ 2.5, 15.75, 3.25, 15.5 ], "texture": "#texture" },
        "up":    { "uv": [ 2.5, 15.5, 3.25, 15.75 ], "texture": "#texture" },
        "north": { "uv": [ 2.5, 15.25, 3.25, 15.75 ], "texture": "#texture" },
        "south": { "uv": [ 2.5, 15.75, 3.25, 15.25 ], "texture": "#texture" },
        "west":  { "uv": [ 2.5, 15.25, 3, 15.75 ], "texture": "#texture" },
        "east":  { "uv": [ 3.25, 15.25, 2.75, 15.75 ], "texture": "#texture" }
    }
},
{
    "from": [ 2.25, 16, 15.25 ],
    "to": [ 3.5, 16.25, 16 ],
    "faces": {
        "down":  { "uv": [ 2.25, 15.75, 3.5, 15 ], "texture": "#texture" },
        "up":    { "uv": [ 2.25, 15, 3.5, 15.75 ], "texture": "#texture" },
        "north": { "uv": [ 2.25, 15, 3.5, 15.5 ], "texture": "#texture" },
        "south": { "uv": [ 2.25, 15.75, 3.5, 15.25 ], "texture": "#texture" },
        "west":  { "uv": [ 2.25, 15, 2.75, 15.5 ], "texture": "#texture" },
        "east":  { "uv": [ 3.5, 15, 3, 15.5 ], "texture": "#texture" }
    }
}
]
}