{
"__comment": "Made by (c) Yannik Pipek. Make sure to inform yourself about my therms of use before using any of my work",
"textures": {
    "particle": "blocks/torch burning animated",
    "texture": "blocks/torch burning animated"
},
"elements": [ 
{
    "from": [ 7.5, 0, 7.5 ],
    "to": [ 7.75, 10, 7.75 ],
    "faces": {
        "down":  { "uv": [ 8.25, 16, 8, 15.75 ], "texture": "#texture" },
        "up":    { "uv": [ 7.5, 6.25, 7.75, 6.5 ], "texture": "#texture" },
        "north": { "uv": [ 8.25, 6, 8.5, 16 ], "texture": "#texture" },
        "south": { "uv": [ 7.5, 6, 7.75, 16 ], "texture": "#texture" },
        "west":  { "uv": [ 7.5, 6, 7.75, 16 ], "texture": "#texture" },
        "east":  { "uv": [ 8.25, 6, 8.5, 16 ], "texture": "#texture" }
    }
},
{
    "from": [ 7.5, 0, 8.25 ],
    "to": [ 7.75, 9.75, 8.5 ],
    "faces": {
        "down":  { "uv": [ 8.5, 16, 8.25, 15.75 ], "texture": "#texture" },
        "up":    { "uv": [ 7.5, 6.25, 7.75, 6.5 ], "texture": "#texture" },
        "north": { "uv": [ 8.25, 6.25, 8.5, 16 ], "texture": "#texture" },
        "south": { "uv": [ 7.5, 6.25, 7.75, 16 ], "texture": "#texture" },
        "west":  { "uv": [ 8.25, 6.25, 8.5, 16 ], "texture": "#texture" },
        "east":  { "uv": [ 7.5, 6.25, 7.75, 16 ], "texture": "#texture" }
    }
},
{
    "from": [ 7.75, 0, 8 ],
    "to": [ 8, 10.5, 8.25 ],
    "faces": {
        "down":  { "uv": [ 8.25, 16, 8, 15.75 ], "texture": "#texture" },
        "up":    { "uv": [ 7.75, 6, 8, 6.25 ], "texture": "#texture" },
        "north": { "uv": [ 8, 5.5, 8.25, 16 ], "texture": "#texture" },
        "south": { "uv": [ 7.75, 5.5, 8, 16 ], "texture": "#texture" },
        "west":  { "uv": [ 8, 5.5, 8.25, 16 ], "texture": "#texture" },
        "east":  { "uv": [ 7.75, 5.5, 8, 16 ], "texture": "#texture" }
    }
},
{
    "from": [ 7.5, 0, 7.75 ],
    "to": [ 7.75, 10.25, 8 ],
    "faces": {
        "down":  { "uv": [ 8.5, 16, 8.25, 15.75 ], "texture": "#texture" },
        "up":    { "uv": [ 7.5, 6.25, 7.75, 6.5 ], "texture": "#texture" },
        "north": { "uv": [ 8.25, 5.75, 8.5, 16 ], "texture": "#texture" },
        "south": { "uv": [ 7.5, 5.75, 7.75, 16 ], "texture": "#texture" },
        "west":  { "uv": [ 7.75, 5.75, 8, 16 ], "texture": "#texture" },
        "east":  { "uv": [ 8, 5.75, 8.25, 16 ], "texture": "#texture" }
    }
},
{
    "from": [ 7.75, 0, 7.75 ],
    "to": [ 8, 10.75, 8 ],
    "faces": {
        "down":  { "uv": [ 8.25, 16, 8, 15.75 ], "texture": "#texture" },
        "up":    { "uv": [ 7.5, 6, 7.75, 6.25 ], "texture": "#texture" },
        "north": { "uv": [ 8, 5.25, 8.25, 16 ], "texture": "#texture" },
        "south": { "uv": [ 7.75, 5.25, 8, 16 ], "texture": "#texture" },
        "west":  { "uv": [ 7.75, 5.25, 8, 16 ], "texture": "#texture" },
        "east":  { "uv": [ 8, 5.25, 8.25, 16 ], "texture": "#texture" }
    }
},
{
    "from": [ 8, 0, 8 ],
    "to": [ 8.25, 11, 8.25 ],
    "faces": {
        "down":  { "uv": [ 8, 16, 7.75, 15.75 ], "texture": "#texture" },
        "up":    { "uv": [ 8, 6.25, 8.25, 6.5 ], "texture": "#texture" },
        "north": { "uv": [ 7.75, 5, 8, 16 ], "texture": "#texture" },
        "south": { "uv": [ 8, 5, 8.25, 16 ], "texture": "#texture" },
        "west":  { "uv": [ 8, 5, 8.25, 16 ], "texture": "#texture" },
        "east":  { "uv": [ 7.75, 5, 8, 16 ], "texture": "#texture" }
    }
},
{
    "from": [ 7.5, 0, 8 ],
    "to": [ 7.75, 10, 8.25 ],
    "faces": {
        "down":  { "uv": [ 8.5, 16, 8.25, 15.75 ], "texture": "#texture" },
        "up":    { "uv": [ 7.5, 6.25, 7.75, 6.5 ], "texture": "#texture" },
        "north": { "uv": [ 8.25, 6, 8.5, 16 ], "texture": "#texture" },
        "south": { "uv": [ 7.5, 6, 7.75, 16 ], "texture": "#texture" },
        "west":  { "uv": [ 8, 6, 8.25, 16 ], "texture": "#texture" },
        "east":  { "uv": [ 7.75, 6, 8, 16 ], "texture": "#texture" }
    }
},
{
    "from": [ 7.75, 0, 8.25 ],
    "to": [ 8, 10.25, 8.5 ],
    "faces": {
        "down":  { "uv": [ 8.25, 16, 8, 15.75 ], "texture": "#texture" },
        "up":    { "uv": [ 7.75, 6.5, 8, 6.75 ], "texture": "#texture" },
        "north": { "uv": [ 8, 5.75, 8.25, 16 ], "texture": "#texture" },
        "south": { "uv": [ 7.75, 5.75, 8, 16 ], "texture": "#texture" },
        "west":  { "uv": [ 8.25, 5.75, 8.5, 16 ], "texture": "#texture" },
        "east":  { "uv": [ 7.5, 5.75, 7.75, 16 ], "texture": "#texture" }
    }
},
{
    "from": [ 8, 0, 7.75 ],
    "to": [ 8.25, 10, 8 ],
    "faces": {
        "down":  { "uv": [ 8, 16, 7.75, 15.75 ], "texture": "#texture" },
        "up":    { "uv": [ 8, 6.25, 8.25, 6.5 ], "texture": "#texture" },
        "north": { "uv": [ 7.75, 6, 8, 16 ], "texture": "#texture" },
        "south": { "uv": [ 8, 6, 8.25, 16 ], "texture": "#texture" },
        "west":  { "uv": [ 7.75, 6, 8, 16 ], "texture": "#texture" },
        "east":  { "uv": [ 8, 6, 8.25, 16 ], "texture": "#texture" }
    }
},
{
    "from": [ 8.25, 0, 8 ],
    "to": [ 8.5, 10.25, 8.25 ],
    "faces": {
        "down":  { "uv": [ 7.75, 16, 7.5, 15.75 ], "texture": "#texture" },
        "up":    { "uv": [ 8.25, 6.75, 8.5, 7 ], "texture": "#texture" },
        "north": { "uv": [ 7.5, 5.75, 7.75, 16 ], "texture": "#texture" },
        "south": { "uv": [ 8.25, 5.75, 8.5, 16 ], "texture": "#texture" },
        "west":  { "uv": [ 8, 5.75, 8.25, 16 ], "texture": "#texture" },
        "east":  { "uv": [ 7.75, 5.75, 8, 16 ], "texture": "#texture" }
    }
},
{
    "from": [ 8.25, 0, 8.25 ],
    "to": [ 8.5, 10, 8.5 ],
    "faces": {
        "down":  { "uv": [ 7.75, 16, 7.5, 15.75 ], "texture": "#texture" },
        "up":    { "uv": [ 8.25, 6.75, 8.5, 7 ], "texture": "#texture" },
        "north": { "uv": [ 7.5, 6, 7.75, 16 ], "texture": "#texture" },
        "south": { "uv": [ 8.25, 6, 8.5, 16 ], "texture": "#texture" },
        "west":  { "uv": [ 8.25, 6, 8.5, 16 ], "texture": "#texture" },
        "east":  { "uv": [ 7.5, 6, 7.75, 16 ], "texture": "#texture" }
    }
},
{
    "from": [ 8.25, 0, 7.75 ],
    "to": [ 8.5, 10.5, 8 ],
    "faces": {
        "down":  { "uv": [ 7.5, 16, 7.25, 15.75 ], "texture": "#texture" },
        "up":    { "uv": [ 8.25, 6, 8.5, 6.25 ], "texture": "#texture" },
        "north": { "uv": [ 7.5, 5.5, 7.75, 16 ], "texture": "#texture" },
        "south": { "uv": [ 8.25, 5.5, 8.5, 16 ], "texture": "#texture" },
        "west":  { "uv": [ 7.75, 5.5, 8, 16 ], "texture": "#texture" },
        "east":  { "uv": [ 8, 5.5, 8.25, 16 ], "texture": "#texture" }
    }
},
{
    "from": [ 8.25, 0, 7.5 ],
    "to": [ 8.5, 10, 7.75 ],
    "faces": {
        "down":  { "uv": [ 7.75, 16, 7.5, 15.75 ], "texture": "#texture" },
        "up":    { "uv": [ 8.25, 6.25, 8.5, 6.5 ], "texture": "#texture" },
        "north": { "uv": [ 7.5, 6, 7.75, 16 ], "texture": "#texture" },
        "south": { "uv": [ 8.25, 6, 8.5, 16 ], "texture": "#texture" },
        "west":  { "uv": [ 7.5, 6, 7.75, 16 ], "texture": "#texture" },
        "east":  { "uv": [ 8.25, 6, 8.5, 16 ], "texture": "#texture" }
    }
},
{
    "from": [ 8, 0, 7.5 ],
    "to": [ 8.25, 10.25, 7.75 ],
    "faces": {
        "down":  { "uv": [ 8, 16, 7.75, 15.75 ], "texture": "#texture" },
        "up":    { "uv": [ 8, 6.5, 8.25, 6.75 ], "texture": "#texture" },
        "north": { "uv": [ 7.75, 5.75, 8, 16 ], "texture": "#texture" },
        "south": { "uv": [ 8, 5.75, 8.25, 16 ], "texture": "#texture" },
        "west":  { "uv": [ 7.5, 5.75, 7.75, 16 ], "texture": "#texture" },
        "east":  { "uv": [ 8.25, 5.75, 8.5, 16 ], "texture": "#texture" }
    }
},
{
    "from": [ 7.75, 0, 7.5 ],
    "to": [ 8, 10.5, 7.75 ],
    "faces": {
        "down":  { "uv": [ 8.25, 16, 8, 15.75 ], "texture": "#texture" },
        "up":    { "uv": [ 7.75, 6.25, 8, 6.5 ], "texture": "#texture" },
        "north": { "uv": [ 8, 5.5, 8.25, 16 ], "texture": "#texture" },
        "south": { "uv": [ 7.75, 5.5, 8, 16 ], "texture": "#texture" },
        "west":  { "uv": [ 7.5, 5.5, 7.75, 16 ], "texture": "#texture" },
        "east":  { "uv": [ 8.25, 5.5, 8.5, 16 ], "texture": "#texture" }
    }
},
{
    "from": [ 8, 0, 8.25 ],
    "to": [ 8.25, 10.5, 8.5 ],
    "faces": {
        "down":  { "uv": [ 8, 16, 7.75, 15.75 ], "texture": "#texture" },
        "up":    { "uv": [ 8, 6.25, 8.25, 6.5 ], "texture": "#texture" },
        "north": { "uv": [ 7.75, 5.5, 8, 16 ], "texture": "#texture" },
        "south": { "uv": [ 8, 5.5, 8.25, 16 ], "texture": "#texture" },
        "west":  { "uv": [ 8.25, 5.5, 8.5, 16 ], "texture": "#texture" },
        "east":  { "uv": [ 7.5, 5.5, 7.75, 16 ], "texture": "#texture" }
    }
},
{
    "from": [ 8, 0, 8.5 ],
    "to": [ 8.25, 9.75, 8.75 ],
    "faces": {
        "down":  { "uv": [ 7.75, 16, 7.5, 15.75 ], "texture": "#texture" },
        "up":    { "uv": [ 8.25, 6, 8.5, 6.25 ], "texture": "#texture" },
        "north": { "uv": [ 7.75, 6.25, 8, 16 ], "texture": "#texture" },
        "south": { "uv": [ 8, 6.25, 8.25, 16 ], "texture": "#texture" },
        "west":  { "uv": [ 8.5, 6.25, 8.75, 16 ], "texture": "#texture" },
        "east":  { "uv": [ 7.25, 6.25, 7.5, 16 ], "texture": "#texture" }
    }
},
{
    "from": [ 7.75, 0, 8.5 ],
    "to": [ 8, 10, 8.75 ],
    "faces": {
        "down":  { "uv": [ 8.25, 16, 8, 15.75 ], "texture": "#texture" },
        "up":    { "uv": [ 7.75, 6, 8, 6.25 ], "texture": "#texture" },
        "north": { "uv": [ 8, 6, 8.25, 16 ], "texture": "#texture" },
        "south": { "uv": [ 7.75, 6, 8, 16 ], "texture": "#texture" },
        "west":  { "uv": [ 8.5, 6, 8.75, 16 ], "texture": "#texture" },
        "east":  { "uv": [ 7.25, 6, 7.5, 16 ], "texture": "#texture" }
    }
},
{
    "from": [ 7.75, 0, 7.25 ],
    "to": [ 8, 9.75, 7.5 ],
    "faces": {
        "down":  { "uv": [ 8, 16, 7.75, 15.75 ], "texture": "#texture" },
        "up":    { "uv": [ 7.75, 6.25, 8, 6.5 ], "texture": "#texture" },
        "north": { "uv": [ 8, 6.25, 8.25, 16 ], "texture": "#texture" },
        "south": { "uv": [ 7.75, 6.25, 8, 16 ], "texture": "#texture" },
        "west":  { "uv": [ 7.25, 6.25, 7.5, 16 ], "texture": "#texture" },
        "east":  { "uv": [ 8.5, 6.25, 8.75, 16 ], "texture": "#texture" }
    }
},
{
    "from": [ 8, 0, 7.25 ],
    "to": [ 8.25, 9.5, 7.5 ],
    "faces": {
        "down":  { "uv": [ 7.75, 16, 7.5, 15.75 ], "texture": "#texture" },
        "up":    { "uv": [ 8, 6.5, 8.25, 6.75 ], "texture": "#texture" },
        "north": { "uv": [ 7.75, 6.5, 8, 16 ], "texture": "#texture" },
        "south": { "uv": [ 8, 6.5, 8.25, 16 ], "texture": "#texture" },
        "west":  { "uv": [ 7.25, 6.5, 7.5, 16 ], "texture": "#texture" },
        "east":  { "uv": [ 8.5, 6.5, 8.75, 16 ], "texture": "#texture" }
    }
},
{
    "from": [ 8.5, 0, 8 ],
    "to": [ 8.75, 9.5, 8.25 ],
    "faces": {
        "down":  { "uv": [ 7.5, 16, 7.25, 15.75 ], "texture": "#texture" },
        "up":    { "uv": [ 8.5, 6, 8.75, 6.25 ], "texture": "#texture" },
        "north": { "uv": [ 7.25, 6.5, 7.5, 16 ], "texture": "#texture" },
        "south": { "uv": [ 8.5, 6.5, 8.75, 16 ], "texture": "#texture" },
        "west":  { "uv": [ 8, 6.5, 8.25, 16 ], "texture": "#texture" },
        "east":  { "uv": [ 7.75, 6.5, 8, 16 ], "texture": "#texture" }
    }
},
{
    "from": [ 8.5, 0, 7.75 ],
    "to": [ 8.75, 9.25, 8 ],
    "faces": {
        "down":  { "uv": [ 7.5, 16, 7.25, 15.75 ], "texture": "#texture" },
        "up":    { "uv": [ 8.25, 6, 8.5, 6.25 ], "texture": "#texture" },
        "north": { "uv": [ 7.25, 6.75, 7.5, 16 ], "texture": "#texture" },
        "south": { "uv": [ 8.5, 6.75, 8.75, 16 ], "texture": "#texture" },
        "west":  { "uv": [ 7.75, 6.75, 8, 16 ], "texture": "#texture" },
        "east":  { "uv": [ 8, 6.75, 8.25, 16 ], "texture": "#texture" }
    }
},
{
    "from": [ 7.25, 0, 7.75 ],
    "to": [ 7.5, 9.25, 8 ],
    "faces": {
        "down":  { "uv": [ 8.75, 16, 8.5, 15.75 ], "texture": "#texture" },
        "up":    { "uv": [ 7.25, 6.25, 7.5, 6.5 ], "texture": "#texture" },
        "north": { "uv": [ 8.5, 6.75, 8.75, 16 ], "texture": "#texture" },
        "south": { "uv": [ 7.25, 6.75, 7.5, 16 ], "texture": "#texture" },
        "west":  { "uv": [ 7.75, 6.75, 8, 16 ], "texture": "#texture" },
        "east":  { "uv": [ 8, 6.75, 8.25, 16 ], "texture": "#texture" }
    }
},
{
    "from": [ 7.25, 0, 8 ],
    "to": [ 7.5, 9.5, 8.25 ],
    "faces": {
        "down":  { "uv": [ 8.5, 16, 8.25, 15.75 ], "texture": "#texture" },
        "up":    { "uv": [ 8.25, 6, 8.5, 6.25 ], "texture": "#texture" },
        "north": { "uv": [ 8.5, 6.5, 8.75, 16 ], "texture": "#texture" },
        "south": { "uv": [ 7.25, 6.5, 7.5, 16 ], "texture": "#texture" },
        "west":  { "uv": [ 8, 6.5, 8.25, 16 ], "texture": "#texture" },
        "east":  { "uv": [ 7.75, 6.5, 8, 16 ], "texture": "#texture" }
    }
}
],
"display": {
    "thirdperson_righthand": {
        "rotation": [ 0, 0, 0 ],
        "translation": [ 0, 7.37, 1.7 ],
        "scale": [ 1, 1, 1 ]
    },
    "thirdperson_lefthand": {
        "rotation": [ 0, 0, 0 ],
        "translation": [ 0, 7.37, 1.7 ],
        "scale": [ 1, 1, 1 ]
    },
    "head": {
        "rotation": [ 0, 0, 0 ],
        "translation": [ 0, 14.4, 0 ],
        "scale": [ 1, 1, 1 ]
    },
    "ground": {
        "rotation": [ 0, 0, 0 ],
        "translation": [ 0, 1.5, 0 ],
        "scale": [ 0.3, 0.3, 0.3 ]
    },
    "fixed": {
        "rotation": [ 90, 1, -180 ],
        "translation": [ 0, 0, -8 ],
        "scale": [ 1, 1, 1 ]
    },
    "firstperson_righthand": {
        "rotation": [ 0, 85, -5 ],
        "translation": [ 0.5, 4.3, 0 ],
        "scale": [ 1, 1, 1 ]
    },
    "firstperson_lefthand": {
        "rotation": [ 0, 85, -5 ],
        "translation": [ 0.5, 4.3, 0 ],
        "scale": [ 1, 1, 1 ]
    },
    "gui": {
        "rotation": [ 14, 14, 0 ],
        "translation": [ 0, 2.27, 0 ],
        "scale": [ 1.3, 1.3, 1.3 ]
    }
}
}