{
"__comment": "Made by (c) Yannik Pipek. Make sure to inform yourself about my therms of use before using any of my work",
"textures": {
    "particle": "blocks/rail_normal",
    "texture": "blocks/rail_normal",
    "rail wood": "blocks/rail wood",
    "iron_block": "blocks/iron_block"
},
"elements": [ 
{
    "from": [ 14, 0.75, 13.1875 ],
    "to": [ 15, 1.25, 13.6875 ],
    "rotation": { "origin": [ 14, 0.75, 13.1875 ], "axis": "y", "angle": 22.5 },
    "faces": {
        "down":  { "uv": [ 14.875, 13.25, 15.875, 12.75 ], "texture": "#iron_block" },
        "up":    { "uv": [ 14.875, 12.75, 15.875, 13.25 ], "texture": "#iron_block" },
        "north": { "uv": [ 0.125, 14.75, 1.125, 15.25 ], "texture": "#iron_block" },
        "south": { "uv": [ 14.875, 14.75, 15.875, 15.25 ], "texture": "#iron_block" },
        "west":  { "uv": [ 12.75, 14.75, 13.25, 15.25 ], "texture": "#iron_block" },
        "east":  { "uv": [ 2.75, 14.75, 3.25, 15.25 ], "texture": "#iron_block" }
    }
},
{
    "from": [ 14.875, 0.75, 12.75 ],
    "to": [ 16, 1.25, 13.25 ],
    "faces": {
        "down":  { "uv": [ 14.875, 13.25, 16, 12.75 ], "texture": "#iron_block" },
        "up":    { "uv": [ 14.875, 12.75, 16, 13.25 ], "texture": "#iron_block" },
        "north": { "uv": [ 0, 14.75, 1.125, 15.25 ], "texture": "#iron_block" },
        "south": { "uv": [ 14.875, 14.75, 16, 15.25 ], "texture": "#iron_block" },
        "west":  { "uv": [ 12.75, 14.75, 13.25, 15.25 ], "texture": "#iron_block" },
        "east":  { "uv": [ 2.75, 14.75, 3.25, 15.25 ], "texture": "#iron_block" }
    }
},
{
    "from": [ 8.5625, 0.75, 4.3125 ],
    "to": [ 12.5625, 1.25, 4.8125 ],
    "rotation": { "origin": [ 8.5625, 0.75, 4.3125 ], "axis": "y", "angle": 22.5 },
    "faces": {
        "down":  { "uv": [ 9, 3.5, 13, 3 ], "texture": "#iron_block" },
        "up":    { "uv": [ 9, 3, 13, 3.5 ], "texture": "#iron_block" },
        "north": { "uv": [ 3, 14.75, 7, 15.25 ], "texture": "#iron_block" },
        "south": { "uv": [ 9, 14.75, 13, 15.25 ], "texture": "#iron_block" },
        "west":  { "uv": [ 3, 14.75, 3.5, 15.25 ], "texture": "#iron_block" },
        "east":  { "uv": [ 12.5, 14.75, 13, 15.25 ], "texture": "#iron_block" }
    }
},
{
    "from": [ 12.5, 0.75, 2.75 ],
    "to": [ 16, 1.25, 3.25 ],
    "faces": {
        "down":  { "uv": [ 12.5, 3.25, 16, 2.75 ], "texture": "#iron_block" },
        "up":    { "uv": [ 12.5, 2.75, 16, 3.25 ], "texture": "#iron_block" },
        "north": { "uv": [ 0, 14.75, 3.5, 15.25 ], "texture": "#iron_block" },
        "south": { "uv": [ 12.5, 14.75, 16, 15.25 ], "texture": "#iron_block" },
        "west":  { "uv": [ 2.75, 14.75, 3.25, 15.25 ], "texture": "#iron_block" },
        "east":  { "uv": [ 12.75, 14.75, 13.25, 15.25 ], "texture": "#iron_block" }
    }
},
{
    "from": [ 8.1875, 0.75, 4 ],
    "to": [ 12.4375, 1.75, 4.4375 ],
    "rotation": { "origin": [ 8.1875, 0.75, 4 ], "axis": "y", "angle": 22.5 },
    "faces": {
        "down":  { "uv": [ 12.25, 2.75, 16, 2.25 ], "texture": "#iron_block" },
        "up":    { "uv": [ 12.25, 2.25, 16, 2.75 ], "texture": "#iron_block" },
        "north": { "uv": [ 0, 14.25, 3.75, 15.25 ], "texture": "#iron_block" },
        "south": { "uv": [ 12.25, 14.25, 16, 15.25 ], "texture": "#iron_block" },
        "west":  { "uv": [ 2.25, 14.25, 2.75, 15.25 ], "texture": "#iron_block" },
        "east":  { "uv": [ 13.25, 14.25, 13.75, 15.25 ], "texture": "#iron_block" }
    }
},
{
    "from": [ 12.25, 0.75, 2.25 ],
    "to": [ 16, 1.75, 2.75 ],
    "faces": {
        "down":  { "uv": [ 12.25, 2.75, 16, 2.25 ], "texture": "#iron_block" },
        "up":    { "uv": [ 12.25, 2.25, 16, 2.75 ], "texture": "#iron_block" },
        "north": { "uv": [ 0, 14.25, 3.75, 15.25 ], "texture": "#iron_block" },
        "south": { "uv": [ 12.25, 14.25, 16, 15.25 ], "texture": "#iron_block" },
        "west":  { "uv": [ 2.25, 14.25, 2.75, 15.25 ], "texture": "#iron_block" },
        "east":  { "uv": [ 13.25, 14.25, 13.75, 15.25 ], "texture": "#iron_block" }
    }
},
{
    "from": [ 14.1875, 0.75, 13.625 ],
    "to": [ 15, 1.75, 14.125 ],
    "rotation": { "origin": [ 14.1875, 0.75, 13.625 ], "axis": "y", "angle": 22.5 },
    "faces": {
        "down":  { "uv": [ 14.25, 13.75, 15, 13.25 ], "texture": "#iron_block" },
        "up":    { "uv": [ 14.25, 13.25, 15, 13.75 ], "texture": "#iron_block" },
        "north": { "uv": [ 1, 14.25, 1.75, 15.25 ], "texture": "#iron_block" },
        "south": { "uv": [ 14.25, 14.25, 15, 15.25 ], "texture": "#iron_block" },
        "west":  { "uv": [ 13.25, 14.25, 13.75, 15.25 ], "texture": "#iron_block" },
        "east":  { "uv": [ 2.25, 14.25, 2.75, 15.25 ], "texture": "#iron_block" }
    }
},
{
    "from": [ 15, 0.75, 13.25 ],
    "to": [ 16, 1.75, 13.75 ],
    "faces": {
        "down":  { "uv": [ 15, 13.75, 16, 13.25 ], "texture": "#iron_block" },
        "up":    { "uv": [ 15, 13.25, 16, 13.75 ], "texture": "#iron_block" },
        "north": { "uv": [ 0, 14.25, 1, 15.25 ], "texture": "#iron_block" },
        "south": { "uv": [ 15, 14.25, 16, 15.25 ], "texture": "#iron_block" },
        "west":  { "uv": [ 13.25, 14.25, 13.75, 15.25 ], "texture": "#iron_block" },
        "east":  { "uv": [ 2.25, 14.25, 2.75, 15.25 ], "texture": "#iron_block" }
    }
},
{
    "__comment": "rail iron top left*",
    "from": [ 8, 0.75, 4 ],
    "to": [ 8.5625, 1.75, 9.8125 ],
    "rotation": { "origin": [ 8, 0.75, 4 ], "axis": "y", "angle": -45 },
    "faces": {
        "down":  { "uv": [ 0.5, 5, 1, 0.5 ], "texture": "#iron_block" },
        "up":    { "uv": [ 0.5, 0.5, 1, 5 ], "texture": "#iron_block" },
        "north": { "uv": [ 13.25, 14.25, 13.75, 15.25 ], "texture": "#iron_block" },
        "south": { "uv": [ 2.25, 14.25, 2.75, 15.25 ], "texture": "#iron_block" },
        "west":  { "uv": [ 2.5, 13, 7.5, 14 ], "texture": "#iron_block" },
        "east":  { "uv": [ 2.25, 13.25, 7.5, 14.25 ], "texture": "#iron_block" }
    }
},
{
    "__comment": "rail iron below left*",
    "from": [ 8.3125, 0.75, 4.5 ],
    "to": [ 8.8125, 1.25, 10 ],
    "rotation": { "origin": [ 8.3125, 0.75, 4.5 ], "axis": "y", "angle": -45 },
    "faces": {
        "down":  { "uv": [ 0.5, 16, 1, 11.25 ], "texture": "#iron_block" },
        "up":    { "uv": [ 0.5, 0, 1, 4.5 ], "texture": "#iron_block" },
        "north": { "uv": [ 12.75, 14.75, 13.25, 15.25 ], "texture": "#iron_block" },
        "south": { "uv": [ 2.75, 14.75, 3.25, 15.25 ], "texture": "#iron_block" },
        "west":  { "uv": [ 1, 14.75, 5.5, 15.25 ], "texture": "#iron_block" },
        "east":  { "uv": [ 1, 14.75, 5.75, 15.25 ], "texture": "#iron_block" }
    }
},
{
    "__comment": "rail iron below left*",
    "from": [ 4.25, 0.75, 8.625 ],
    "to": [ 4.75, 1.25, 12.625 ],
    "rotation": { "origin": [ 4.25, 0.75, 8.625 ], "axis": "y", "angle": -22.5 },
    "faces": {
        "down":  { "uv": [ 0.5, 16, 1, 11.75 ], "texture": "#iron_block" },
        "up":    { "uv": [ 0.5, 0, 1, 4 ], "texture": "#iron_block" },
        "north": { "uv": [ 12.75, 14.75, 13.25, 15.25 ], "texture": "#iron_block" },
        "south": { "uv": [ 2.75, 14.75, 3.25, 15.25 ], "texture": "#iron_block" },
        "west":  { "uv": [ 1, 14.75, 4.75, 15.25 ], "texture": "#iron_block" },
        "east":  { "uv": [ 1, 14.75, 5, 15.25 ], "texture": "#iron_block" }
    }
},
{
    "__comment": "rail iron top left*",
    "from": [ 3.8125, 0.75, 8.3125 ],
    "to": [ 4.3125, 1.75, 12.3125 ],
    "rotation": { "origin": [ 3.8125, 0.75, 8.3125 ], "axis": "y", "angle": -22.5 },
    "faces": {
        "down":  { "uv": [ 2.25, 16, 2.75, 12.25 ], "texture": "#iron_block" },
        "up":    { "uv": [ 2.25, 0, 2.75, 3.75 ], "texture": "#iron_block" },
        "north": { "uv": [ 13.25, 14.25, 13.75, 15.25 ], "texture": "#iron_block" },
        "south": { "uv": [ 2.25, 14.25, 2.75, 15.25 ], "texture": "#iron_block" },
        "west":  { "uv": [ 1, 14.25, 5.5, 15.25 ], "texture": "#iron_block" },
        "east":  { "uv": [ 1, 14.25, 5.5, 15.25 ], "texture": "#iron_block" }
    }
},
{
    "__comment": "rail iron top right*",
    "from": [ 14.125, 0.75, 13.6875 ],
    "to": [ 14.625, 1.75, 14.4375 ],
    "rotation": { "origin": [ 14.125, 0.75, 13.6875 ], "axis": "y", "angle": -45 },
    "faces": {
        "down":  { "uv": [ 0.25, 15.5, 0.75, 14.5 ], "texture": "#iron_block" },
        "up":    { "uv": [ 0.25, 0.25, 0.75, 1.25 ], "texture": "#iron_block" },
        "north": { "uv": [ 13.25, 14.25, 13.75, 15.25 ], "texture": "#iron_block" },
        "south": { "uv": [ 2.25, 14.25, 2.75, 15.25 ], "texture": "#iron_block" },
        "west":  { "uv": [ 0, 14.25, 1, 15.25 ], "texture": "#iron_block" },
        "east":  { "uv": [ 0, 14.25, 1, 15.25 ], "texture": "#iron_block" }
    }
},
{
    "__comment": "rail iron top right*",
    "from": [ 13.5625, 0.75, 14.375 ],
    "to": [ 14, 1.75, 15.125 ],
    "rotation": { "origin": [ 13.5625, 0.75, 14.375 ], "axis": "y", "angle": -22.5 },
    "faces": {
        "down":  { "uv": [ 0.25, 15.5, 0.75, 14.5 ], "texture": "#iron_block" },
        "up":    { "uv": [ 0.25, 0.25, 0.75, 1.25 ], "texture": "#iron_block" },
        "north": { "uv": [ 13.25, 14.25, 13.75, 15.25 ], "texture": "#iron_block" },
        "south": { "uv": [ 2.25, 14.25, 2.75, 15.25 ], "texture": "#iron_block" },
        "west":  { "uv": [ 0, 14.25, 1, 15.25 ], "texture": "#iron_block" },
        "east":  { "uv": [ 0, 14.25, 1, 15.25 ], "texture": "#iron_block" }
    }
},
{
    "__comment": "rail iron below right*",
    "from": [ 13.8125, 0.75, 13.3125 ],
    "to": [ 14.3125, 1.25, 14.1875 ],
    "rotation": { "origin": [ 13.8125, 0.75, 13.3125 ], "axis": "y", "angle": -45 },
    "faces": {
        "down":  { "uv": [ 0.5, 8.75, 1, 7.5 ], "texture": "#iron_block" },
        "up":    { "uv": [ 0.5, 0, 1, 1.25 ], "texture": "#iron_block" },
        "north": { "uv": [ 12.75, 14.75, 13.25, 15.25 ], "texture": "#iron_block" },
        "south": { "uv": [ 2.75, 14.75, 3.25, 15.25 ], "texture": "#iron_block" },
        "west":  { "uv": [ 0, 14.75, 1.25, 15.25 ], "texture": "#iron_block" },
        "east":  { "uv": [ 0, 14.75, 1.25, 15.25 ], "texture": "#iron_block" }
    }
},
{
    "__comment": "rail iron below right*",
    "from": [ 13, 0.75, 14.125 ],
    "to": [ 13.5625, 1.25, 14.875 ],
    "rotation": { "origin": [ 13, 0.75, 14.125 ], "axis": "y", "angle": -22.5 },
    "faces": {
        "down":  { "uv": [ 0.5, 8.75, 1, 7.5 ], "texture": "#iron_block" },
        "up":    { "uv": [ 0.5, 0, 1, 1.25 ], "texture": "#iron_block" },
        "north": { "uv": [ 12.75, 14.75, 13.25, 15.25 ], "texture": "#iron_block" },
        "south": { "uv": [ 2.75, 14.75, 3.25, 15.25 ], "texture": "#iron_block" },
        "west":  { "uv": [ 0, 14.75, 1.25, 15.25 ], "texture": "#iron_block" },
        "east":  { "uv": [ 0, 14.75, 1.25, 15.25 ], "texture": "#iron_block" }
    }
},
{
    "__comment": "rail iron top right*",
    "from": [ 13.25, 0.75, 15.25 ],
    "to": [ 13.75, 1.75, 16 ],
    "faces": {
        "down":  { "uv": [ 0.25, 15.5, 0.75, 14.5 ], "texture": "#iron_block" },
        "up":    { "uv": [ 0.25, 0.25, 0.75, 1.25 ], "texture": "#iron_block" },
        "north": { "uv": [ 13.25, 14.25, 13.75, 15.25 ], "texture": "#iron_block" },
        "south": { "uv": [ 2.25, 14.25, 2.75, 15.25 ], "texture": "#iron_block" },
        "west":  { "uv": [ 0, 14.25, 1, 15.25 ], "texture": "#iron_block" },
        "east":  { "uv": [ 0, 14.25, 1, 15.25 ], "texture": "#iron_block" }
    }
},
{
    "from": [ 8.5, 0, 1.25 ],
    "to": [ 10, 0.5625, 17.25 ],
    "rotation": { "origin": [ 8.5, 0, 1.25 ], "axis": "y", "angle": 22.5 },
    "faces": {
        "down":  { "uv": [ 0, 8.5, 16, 7 ], "texture": "#rail wood" },
        "up":    { "uv": [ 0, 7, 15.75, 8.5 ], "rotation": 90, "texture": "#rail wood" },
        "north": { "uv": [ 0, 15.375, 1.5, 16 ], "texture": "#rail wood" },
        "south": { "uv": [ 14.5, 15.375, 16, 16 ], "texture": "#rail wood" },
        "west":  { "uv": [ 0, 15.375, 16, 16 ], "texture": "#rail wood" },
        "east":  { "uv": [ 0, 15.375, 16, 16 ], "texture": "#rail wood" }
    }
},
{
    "__comment": "rail iron below left",
    "from": [ 2.75, 0.75, 12.5 ],
    "to": [ 3.25, 1.25, 16 ],
    "faces": {
        "down":  { "uv": [ 0.5, 16, 1, 12.25 ], "texture": "#iron_block" },
        "up":    { "uv": [ 0.5, 0, 1, 3.5 ], "texture": "#iron_block" },
        "north": { "uv": [ 12.75, 14.75, 13.25, 15.25 ], "texture": "#iron_block" },
        "south": { "uv": [ 2.75, 14.75, 3.25, 15.25 ], "texture": "#iron_block" },
        "west":  { "uv": [ 0, 14.75, 3.25, 15.25 ], "texture": "#iron_block" },
        "east":  { "uv": [ 0, 14.75, 3.5, 15.25 ], "texture": "#iron_block" }
    }
},
{
    "__comment": "rail iron top left",
    "from": [ 2.25, 0.75, 12.25 ],
    "to": [ 2.75, 1.75, 16 ],
    "faces": {
        "down":  { "uv": [ 2.25, 16, 2.75, 12.25 ], "texture": "#iron_block" },
        "up":    { "uv": [ 2.25, 0, 2.75, 3.75 ], "texture": "#iron_block" },
        "north": { "uv": [ 13.25, 14.25, 13.75, 15.25 ], "texture": "#iron_block" },
        "south": { "uv": [ 2.25, 14.25, 2.75, 15.25 ], "texture": "#iron_block" },
        "west":  { "uv": [ 0, 14.25, 4.25, 15.25 ], "texture": "#iron_block" },
        "east":  { "uv": [ 0, 14.25, 4.25, 15.25 ], "texture": "#iron_block" }
    }
},
{
    "from": [ 4.5, 0, 3.5 ],
    "to": [ 20.75, 0.625, 5 ],
    "rotation": { "origin": [ 4.5, 0, 3.5 ], "axis": "y", "angle": -45 },
    "faces": {
        "down":  { "uv": [ 0, 4, 16, 2.5 ], "texture": "#rail wood" },
        "up":    { "uv": [ 0, 2.5, 16, 4 ], "texture": "#rail wood" },
        "north": { "uv": [ 0, 15.25, 16, 16 ], "texture": "#rail wood" },
        "south": { "uv": [ 0, 15.25, 16, 16 ], "texture": "#rail wood" },
        "west":  { "uv": [ 2.5, 15.25, 4, 16 ], "texture": "#rail wood" },
        "east":  { "uv": [ 12, 15.25, 13.5, 16 ], "texture": "#rail wood" }
    }
},
{
    "from": [ 1, 0, 8.5 ],
    "to": [ 17.25, 0.5625, 10 ],
    "rotation": { "origin": [ 1, 0, 8.5 ], "axis": "y", "angle": -22.5 },
    "faces": {
        "down":  { "uv": [ 0, 4, 16, 2.5 ], "texture": "#rail wood" },
        "up":    { "uv": [ 0, 2.5, 16, 4 ], "texture": "#rail wood" },
        "north": { "uv": [ 0, 15.25, 16, 16 ], "texture": "#rail wood" },
        "south": { "uv": [ 0, 15.25, 16, 16 ], "texture": "#rail wood" },
        "west":  { "uv": [ 2.5, 15.25, 4, 16 ], "texture": "#rail wood" },
        "east":  { "uv": [ 12, 15.25, 13.5, 16 ], "texture": "#rail wood" }
    }
},
{
    "__comment": "rail iron top right",
    "from": [ 13.25, 0.75, 15.25 ],
    "to": [ 13.75, 1.75, 16 ],
    "faces": {
        "down":  { "uv": [ 0.25, 15.5, 0.75, 14.5 ], "texture": "#iron_block" },
        "up":    { "uv": [ 0.25, 0.25, 0.75, 1.25 ], "texture": "#iron_block" },
        "north": { "uv": [ 13.25, 14.25, 13.75, 15.25 ], "texture": "#iron_block" },
        "south": { "uv": [ 2.25, 14.25, 2.75, 15.25 ], "texture": "#iron_block" },
        "west":  { "uv": [ 0, 14.25, 1, 15.25 ], "texture": "#iron_block" },
        "east":  { "uv": [ 0, 14.25, 1, 15.25 ], "texture": "#iron_block" }
    }
},
{
    "__comment": "rail iron below right",
    "from": [ 12.75, 0.75, 15 ],
    "to": [ 13.25, 1.25, 16 ],
    "faces": {
        "down":  { "uv": [ 0.5, 8.75, 1, 7.25 ], "texture": "#iron_block" },
        "up":    { "uv": [ 0.5, 0, 1, 1.5 ], "texture": "#iron_block" },
        "north": { "uv": [ 12.75, 14.75, 13.25, 15.25 ], "texture": "#iron_block" },
        "south": { "uv": [ 2.75, 14.75, 3.25, 15.25 ], "texture": "#iron_block" },
        "west":  { "uv": [ 0, 14.75, 1.25, 15.25 ], "texture": "#iron_block" },
        "east":  { "uv": [ 0, 14.75, 1.25, 15.25 ], "texture": "#iron_block" }
    }
},
{
    "from": [ 15, 0.25, 14.5 ],
    "to": [ 15.75, 1, 15.25 ],
    "rotation": { "origin": [ 15, 0.25, 14.5 ], "axis": "y", "angle": -45 },
    "faces": {
        "down":  { "uv": [ 14.5, 15.25, 15.25, 14.5 ], "texture": "#iron_block" },
        "up":    { "uv": [ 14.5, 14.5, 15.25, 15.25 ], "texture": "#iron_block" },
        "north": { "uv": [ 0.75, 15, 1.5, 15.75 ], "texture": "#iron_block" },
        "south": { "uv": [ 14.5, 15, 15.25, 15.75 ], "texture": "#iron_block" },
        "west":  { "uv": [ 14.5, 15, 15.25, 15.75 ], "texture": "#iron_block" },
        "east":  { "uv": [ 0.75, 15, 1.5, 15.75 ], "texture": "#iron_block" }
    }
},
{
    "__comment": "Rail wood right*",
    "from": [ 1.75, 0, 12.5 ],
    "to": [ 3.75, 0.75, 16 ],
    "faces": {
        "down":  { "uv": [ 4, 15.75, 8, 13.5 ], "texture": "#rail wood" },
        "up":    { "uv": [ 4, 13.5, 8, 15.75 ], "rotation": 90, "texture": "#rail wood" },
        "north": { "uv": [ 6.25, 15.25, 8.25, 16 ], "texture": "#rail wood" },
        "south": { "uv": [ 7.75, 15.25, 9.75, 16 ], "texture": "#rail wood" },
        "west":  { "uv": [ 13.25, 15.25, 16, 16 ], "texture": "#rail wood" },
        "east":  { "uv": [ 0, 15.25, 2.75, 16 ], "texture": "#rail wood" }
    }
},
{
    "__comment": "Rail wood right*",
    "from": [ 12.5, 0, 14 ],
    "to": [ 14.5, 0.75, 14.5 ],
    "rotation": { "origin": [ 12.5, 0, 14 ], "axis": "y", "angle": -22.5 },
    "faces": {
        "down":  { "uv": [ 13, 15.75, 13.75, 13.5 ], "texture": "#rail wood" },
        "up":    { "uv": [ 13, 13.5, 13.75, 15.75 ], "rotation": 90, "texture": "#rail wood" },
        "north": { "uv": [ 6.25, 15.25, 8.25, 16 ], "texture": "#rail wood" },
        "south": { "uv": [ 7.75, 15.25, 9.75, 16 ], "texture": "#rail wood" },
        "west":  { "uv": [ 13.25, 15.25, 14, 16 ], "texture": "#rail wood" },
        "east":  { "uv": [ 0, 15.25, 0.75, 16 ], "texture": "#rail wood" }
    }
},
{
    "from": [ 13.8125, 0, 12.5625 ],
    "to": [ 14.3125, 0.75, 14.5625 ],
    "rotation": { "origin": [ 13.8125, 0, 12.5625 ], "axis": "y", "angle": 22.5 },
    "faces": {
        "down":  { "uv": [ 13.25, 15.75, 14, 13.75 ], "texture": "#rail wood" },
        "up":    { "uv": [ 13.25, 13.75, 14, 15.75 ], "texture": "#rail wood" },
        "north": { "uv": [ 0, 15.25, 0.75, 16 ], "texture": "#rail wood" },
        "south": { "uv": [ 13, 15.25, 13.75, 16 ], "texture": "#rail wood" },
        "west":  { "uv": [ 7.75, 15.25, 10.25, 16 ], "texture": "#rail wood" },
        "east":  { "uv": [ 6.25, 15.25, 8.75, 16 ], "texture": "#rail wood" }
    }
},
{
    "__comment": "Rail wood right*",
    "from": [ 13.25, 0, 13 ],
    "to": [ 15.25, 0.75, 13.5 ],
    "rotation": { "origin": [ 13.25, 0, 13 ], "axis": "y", "angle": -45 },
    "faces": {
        "down":  { "uv": [ 12.75, 15.75, 13.5, 13.5 ], "texture": "#rail wood" },
        "up":    { "uv": [ 12.75, 13.5, 13.5, 15.75 ], "rotation": 90, "texture": "#rail wood" },
        "north": { "uv": [ 6.25, 15.25, 8.75, 16 ], "texture": "#rail wood" },
        "south": { "uv": [ 7.75, 15.25, 10.25, 16 ], "texture": "#rail wood" },
        "west":  { "uv": [ 13.25, 15.25, 14, 16 ], "texture": "#rail wood" },
        "east":  { "uv": [ 0, 15.25, 0.75, 16 ], "texture": "#rail wood" }
    }
},
{
    "from": [ 15, 0, 12.25 ],
    "to": [ 16, 0.75, 14.25 ],
    "faces": {
        "down":  { "uv": [ 13, 15.75, 14.25, 13.75 ], "texture": "#rail wood" },
        "up":    { "uv": [ 13, 13.75, 14.25, 15.75 ], "texture": "#rail wood" },
        "north": { "uv": [ 0, 15.25, 1, 16 ], "texture": "#rail wood" },
        "south": { "uv": [ 13, 15.25, 14, 16 ], "texture": "#rail wood" },
        "west":  { "uv": [ 7.75, 15.25, 10.25, 16 ], "texture": "#rail wood" },
        "east":  { "uv": [ 6.25, 15.25, 8.75, 16 ], "texture": "#rail wood" }
    }
},
{
    "__comment": "Rail wood right*",
    "from": [ 12.25, 0, 15.25 ],
    "to": [ 14.25, 0.75, 16 ],
    "faces": {
        "down":  { "uv": [ 0.25, 15.75, 1.75, 13.5 ], "texture": "#rail wood" },
        "up":    { "uv": [ 0.25, 13.5, 1.75, 15.75 ], "rotation": 90, "texture": "#rail wood" },
        "north": { "uv": [ 6.25, 15.25, 8.5, 16 ], "texture": "#rail wood" },
        "south": { "uv": [ 7.75, 15.25, 10, 16 ], "texture": "#rail wood" },
        "west":  { "uv": [ 13.25, 15.25, 14.25, 16 ], "texture": "#rail wood" },
        "east":  { "uv": [ 0, 15.25, 1, 16 ], "texture": "#rail wood" }
    }
},
{
    "__comment": "Rail wood right*",
    "from": [ 7.5, 0, 3.75 ],
    "to": [ 9.5, 0.75, 9.25 ],
    "rotation": { "origin": [ 7.5, 0, 3.75 ], "axis": "y", "angle": -45 },
    "faces": {
        "down":  { "uv": [ 0.25, 15.75, 4.75, 13.5 ], "texture": "#rail wood" },
        "up":    { "uv": [ 0.25, 13.5, 4.75, 15.75 ], "rotation": 90, "texture": "#rail wood" },
        "north": { "uv": [ 6.25, 15.25, 8.25, 16 ], "texture": "#rail wood" },
        "south": { "uv": [ 7.75, 15.25, 9.75, 16 ], "texture": "#rail wood" },
        "west":  { "uv": [ 12, 15.25, 16, 16 ], "texture": "#rail wood" },
        "east":  { "uv": [ 0, 15.25, 4, 16 ], "texture": "#rail wood" }
    }
},
{
    "__comment": "Rail wood right*",
    "from": [ 3.25, 0, 8.25 ],
    "to": [ 5.25, 0.75, 12 ],
    "rotation": { "origin": [ 3.25, 0, 8.25 ], "axis": "y", "angle": -22.5 },
    "faces": {
        "down":  { "uv": [ 0.25, 15.75, 4, 13.5 ], "texture": "#rail wood" },
        "up":    { "uv": [ 0.25, 13.5, 4, 15.75 ], "rotation": 90, "texture": "#rail wood" },
        "north": { "uv": [ 6.25, 15.25, 8.25, 16 ], "texture": "#rail wood" },
        "south": { "uv": [ 7.75, 15.25, 9.75, 16 ], "texture": "#rail wood" },
        "west":  { "uv": [ 13.25, 15.25, 16, 16 ], "texture": "#rail wood" },
        "east":  { "uv": [ 0, 15.25, 2.75, 16 ], "texture": "#rail wood" }
    }
},
{
    "from": [ 8.125, 0, 3.4375 ],
    "to": [ 12.125, 0.75, 5.4375 ],
    "rotation": { "origin": [ 8.125, 0, 3.4375 ], "axis": "y", "angle": 22.5 },
    "faces": {
        "down":  { "uv": [ 11.75, 15.75, 15.75, 13.75 ], "texture": "#rail wood" },
        "up":    { "uv": [ 11.75, 13.75, 15.75, 15.75 ], "texture": "#rail wood" },
        "north": { "uv": [ 0, 15.25, 3, 16 ], "texture": "#rail wood" },
        "south": { "uv": [ 13, 15.25, 16, 16 ], "texture": "#rail wood" },
        "west":  { "uv": [ 7.75, 15.25, 9.75, 16 ], "texture": "#rail wood" },
        "east":  { "uv": [ 6.25, 15.25, 8.25, 16 ], "texture": "#rail wood" }
    }
},
{
    "from": [ 12.5, 0, 1.75 ],
    "to": [ 16, 0.75, 3.75 ],
    "faces": {
        "down":  { "uv": [ 12, 15.75, 16, 13.75 ], "texture": "#rail wood" },
        "up":    { "uv": [ 12, 13.75, 16, 15.75 ], "texture": "#rail wood" },
        "north": { "uv": [ 0, 15.25, 3, 16 ], "texture": "#rail wood" },
        "south": { "uv": [ 13, 15.25, 16, 16 ], "texture": "#rail wood" },
        "west":  { "uv": [ 7.75, 15.25, 9.75, 16 ], "texture": "#rail wood" },
        "east":  { "uv": [ 6.25, 15.25, 8.25, 16 ], "texture": "#rail wood" }
    }
}
]
}