{
"__comment": "Made by (c) Yannik Pipek. Make sure to inform yourself about my therms of use before using any of my work",
"textures": {
    "particle": "blocks/rail_normal",
    "texture": "blocks/rail_normal",
    "rail wood": "blocks/rail wood",
    "iron_block": "blocks/iron_block"
},
"elements": [ 
{
    "__comment": "Rail wood left",
    "from": [ 1.75, 0, 0 ],
    "to": [ 3.75, 0.75, 16 ],
    "faces": {
        "down":  { "uv": [ 0, 15.75, 16, 13.5 ], "texture": "#rail wood" },
        "up":    { "uv": [ 0, 13.5, 16, 15.75 ], "rotation": 90, "texture": "#rail wood" },
        "north": { "uv": [ 12.25, 15.25, 14.25, 16 ], "texture": "#rail wood" },
        "south": { "uv": [ 1.75, 15.25, 3.75, 16 ], "texture": "#rail wood" },
        "west":  { "uv": [ 0, 15.25, 16, 16 ], "texture": "#rail wood" },
        "east":  { "uv": [ 0, 15.25, 16, 16 ], "texture": "#rail wood" }
    }
},
{
    "__comment": "Rail wood right",
    "from": [ 12.25, 0, 0 ],
    "to": [ 14.25, 0.75, 16 ],
    "faces": {
        "down":  { "uv": [ 0, 2.25, 16, 0 ], "texture": "#rail wood" },
        "up":    { "uv": [ 0, 0, 16, 2.25 ], "rotation": 90, "texture": "#rail wood" },
        "north": { "uv": [ 12.25, 15.25, 14.25, 16 ], "texture": "#rail wood" },
        "south": { "uv": [ 1.75, 15.25, 3.75, 16 ], "texture": "#rail wood" },
        "west":  { "uv": [ 0, 15.25, 16, 16 ], "texture": "#rail wood" },
        "east":  { "uv": [ 0, 15.25, 16, 16 ], "texture": "#rail wood" }
    }
},
{
    "__comment": "rail iron below left",
    "from": [ 2.75, 0.75, 0 ],
    "to": [ 3.25, 1.25, 16 ],
    "faces": {
        "down":  { "uv": [ 2.75, 16, 3.25, 0 ], "texture": "#iron_block" },
        "up":    { "uv": [ 2.75, 0, 3.25, 16 ], "texture": "#iron_block" },
        "north": { "uv": [ 12.75, 14.75, 13.25, 15.25 ], "texture": "#iron_block" },
        "south": { "uv": [ 2.75, 14.75, 3.25, 15.25 ], "texture": "#iron_block" },
        "west":  { "uv": [ 0, 14.75, 16, 15.25 ], "texture": "#iron_block" },
        "east":  { "uv": [ 0, 14.75, 16, 15.25 ], "texture": "#iron_block" }
    }
},
{
    "__comment": "rail iron top left",
    "from": [ 2.25, 0.75, 0 ],
    "to": [ 2.75, 1.75, 16 ],
    "faces": {
        "down":  { "uv": [ 2.25, 16, 2.75, 0 ], "texture": "#iron_block" },
        "up":    { "uv": [ 2.25, 0, 2.75, 16 ], "texture": "#iron_block" },
        "north": { "uv": [ 13.25, 14.25, 13.75, 15.25 ], "texture": "#iron_block" },
        "south": { "uv": [ 2.25, 14.25, 2.75, 15.25 ], "texture": "#iron_block" },
        "west":  { "uv": [ 0, 14.25, 16, 15.25 ], "texture": "#iron_block" },
        "east":  { "uv": [ 0, 14.25, 16, 15.25 ], "texture": "#iron_block" }
    }
},
{
    "from": [ 0.25, 0, 6.5 ],
    "to": [ 16.5, 0.625, 8 ],
    "rotation": { "origin": [ 0.25, 0, 6.5 ], "axis": "y", "angle": 22.5 },
    "faces": {
        "down":  { "uv": [ 0, 8.25, 16, 6.75 ], "texture": "#rail wood" },
        "up":    { "uv": [ 0, 5, 16, 6.5 ], "texture": "#rail wood" },
        "north": { "uv": [ 0, 15.25, 16, 16 ], "texture": "#rail wood" },
        "south": { "uv": [ 0, 15.25, 16, 16 ], "texture": "#rail wood" },
        "west":  { "uv": [ 2.5, 15.25, 4, 16 ], "texture": "#rail wood" },
        "east":  { "uv": [ 12, 15.25, 13.5, 16 ], "texture": "#rail wood" }
    }
},
{
    "from": [ 0.1875, 0, 14.5 ],
    "to": [ 16.4375, 0.6875, 16 ],
    "rotation": { "origin": [ 0.1875, 0, 14.5 ], "axis": "y", "angle": 22.5 },
    "faces": {
        "down":  { "uv": [ 0, 6.25, 16, 4.75 ], "texture": "#rail wood" },
        "up":    { "uv": [ 0, 4.75, 16, 6.25 ], "texture": "#rail wood" },
        "north": { "uv": [ 0, 12.25, 16, 13 ], "texture": "#rail wood" },
        "south": { "uv": [ 0, 12, 16, 12.75 ], "texture": "#rail wood" },
        "west":  { "uv": [ 2.5, 15.25, 4, 16 ], "texture": "#rail wood" },
        "east":  { "uv": [ 12, 15.25, 13.5, 16 ], "texture": "#rail wood" }
    }
},
{
    "from": [ 0.6875, 0, 0.25 ],
    "to": [ 17, 0.6875, 1.75 ],
    "rotation": { "origin": [ 0.6875, 0, 0.25 ], "axis": "y", "angle": -22.5 },
    "faces": {
        "down":  { "uv": [ 0, 8.25, 16, 6.75 ], "texture": "#rail wood" },
        "up":    { "uv": [ 0, 6.75, 16, 8.25 ], "texture": "#rail wood" },
        "north": { "uv": [ 0, 7.5, 16, 8.25 ], "texture": "#rail wood" },
        "south": { "uv": [ 0, 7.5, 16, 8.25 ], "texture": "#rail wood" },
        "west":  { "uv": [ 2.5, 15.25, 4, 16 ], "texture": "#rail wood" },
        "east":  { "uv": [ 12, 15.25, 13.5, 16 ], "texture": "#rail wood" }
    }
},
{
    "from": [ 0.75, 0, 8.25 ],
    "to": [ 17, 0.625, 9.75 ],
    "rotation": { "origin": [ 0.75, 0, 8.25 ], "axis": "y", "angle": -22.5 },
    "faces": {
        "down":  { "uv": [ 0, 10.75, 16, 9.25 ], "texture": "#rail wood" },
        "up":    { "uv": [ 0, 9.25, 16, 10.75 ], "texture": "#rail wood" },
        "north": { "uv": [ 0, 3, 16, 3.75 ], "texture": "#rail wood" },
        "south": { "uv": [ 0, 3.25, 16, 4 ], "texture": "#rail wood" },
        "west":  { "uv": [ 3.5, 15.25, 5, 16 ], "texture": "#rail wood" },
        "east":  { "uv": [ 12, 15.25, 13.5, 16 ], "texture": "#rail wood" }
    }
},
{
    "__comment": "rail iron top right",
    "from": [ 13.25, 0.75, 0 ],
    "to": [ 13.75, 1.75, 16 ],
    "faces": {
        "down":  { "uv": [ 2.25, 16, 2.75, 0 ], "texture": "#iron_block" },
        "up":    { "uv": [ 2.25, 0, 2.75, 16 ], "texture": "#iron_block" },
        "north": { "uv": [ 13.25, 14.25, 13.75, 15.25 ], "texture": "#iron_block" },
        "south": { "uv": [ 2.25, 14.25, 2.75, 15.25 ], "texture": "#iron_block" },
        "west":  { "uv": [ 0, 14.25, 16, 15.25 ], "texture": "#iron_block" },
        "east":  { "uv": [ 0, 14.25, 16, 15.25 ], "texture": "#iron_block" }
    }
},
{
    "__comment": "rail iron below right",
    "from": [ 12.75, 0.75, 0 ],
    "to": [ 13.25, 1.25, 16 ],
    "faces": {
        "down":  { "uv": [ 2.75, 16, 3.25, 0 ], "texture": "#iron_block" },
        "up":    { "uv": [ 2.75, 0, 3.25, 16 ], "texture": "#iron_block" },
        "north": { "uv": [ 12.75, 14.75, 13.25, 15.25 ], "texture": "#iron_block" },
        "south": { "uv": [ 2.75, 14.75, 3.25, 15.25 ], "texture": "#iron_block" },
        "west":  { "uv": [ 0, 14.75, 16, 15.25 ], "texture": "#iron_block" },
        "east":  { "uv": [ 0, 14.75, 16, 15.25 ], "texture": "#iron_block" }
    }
}
]
}