{
"__comment": "Made by (c) Yannik Pipek. Make sure to inform yourself about my therms of use before using any of my work",
"textures": {
    "particle": "blocks/reeds",
    "texture": "blocks/reeds"
},
"elements": [ 
{
    "from": [ 11, -3.25, 12 ],
    "to": [ 11.75, 12.75, 12.75 ],
    "faces": {
        "down":  { "uv": [ 14.5, 5.75, 16, 4.25 ], "texture": "#texture" },
        "up":    { "uv": [ 14.5, 5.75, 16, 7.25 ], "texture": "#texture" },
        "north": { "uv": [ 12.5, 0, 14, 16 ], "texture": "#texture" },
        "south": { "uv": [ 11, 0, 12.5, 16 ], "texture": "#texture" },
        "west":  { "uv": [ 8, 0, 9.5, 16 ], "texture": "#texture" },
        "east":  { "uv": [ 9.5, 0, 11, 16 ], "texture": "#texture" }
    }
},
{
    "from": [ 5.5, -0.75, 3 ],
    "to": [ 6.75, 15.25, 4.25 ],
    "faces": {
        "down":  { "uv": [ 14, 4.25, 16, 2.25 ], "texture": "#texture" },
        "up":    { "uv": [ 14, 2.25, 16, 4.25 ], "texture": "#texture" },
        "north": { "uv": [ 0, 0, 2, 16 ], "texture": "#texture" },
        "south": { "uv": [ 2, 0, 4, 16 ], "texture": "#texture" },
        "west":  { "uv": [ 4, 0, 6, 16 ], "texture": "#texture" },
        "east":  { "uv": [ 6, 0, 8, 16 ], "texture": "#texture" }
    }
},
{
    "from": [ 1.75, -2, 10.5 ],
    "to": [ 2.75, 14, 11.5 ],
    "faces": {
        "down":  { "uv": [ 14.5, 5.75, 16, 4.25 ], "texture": "#texture" },
        "up":    { "uv": [ 14.5, 4, 16, 5.5 ], "texture": "#texture" },
        "north": { "uv": [ 8, 0, 9.5, 16 ], "texture": "#texture" },
        "south": { "uv": [ 9.5, 0, 11, 16 ], "texture": "#texture" },
        "west":  { "uv": [ 11, 0, 12.5, 16 ], "texture": "#texture" },
        "east":  { "uv": [ 12.5, 0, 14, 16 ], "texture": "#texture" }
    }
},
{
    "from": [ 7, 0, 7 ],
    "to": [ 9, 16, 9 ],
    "faces": {
        "down":  { "uv": [ 14, 2, 16, 0 ], "texture": "#texture" },
        "up":    { "uv": [ 14, 0, 16, 2 ], "texture": "#texture" },
        "north": { "uv": [ 2, 0, 4, 16 ], "texture": "#texture" },
        "south": { "uv": [ 0, 0, 2, 16 ], "texture": "#texture" },
        "west":  { "uv": [ 4, 0, 6, 16 ], "texture": "#texture" },
        "east":  { "uv": [ 6, 0, 8, 16 ], "texture": "#texture" }
    }
},
{
    "from": [ 13.25, -1.5, 8.25 ],
    "to": [ 14.5, 14.5, 9.5 ],
    "faces": {
        "down":  { "uv": [ 14, 2, 16, 0 ], "texture": "#texture" },
        "up":    { "uv": [ 14, 2, 16, 4 ], "texture": "#texture" },
        "north": { "uv": [ 2, 0, 4, 16 ], "texture": "#texture" },
        "south": { "uv": [ 4, 0, 6, 16 ], "texture": "#texture" },
        "west":  { "uv": [ 0, 0, 2, 16 ], "texture": "#texture" },
        "east":  { "uv": [ 6, 0, 8, 16 ], "texture": "#texture" }
    }
}
],
"display": {
    "thirdperson_righthand": {
        "rotation": [ 0, 0, 0 ],
        "translation": [ 0, 1.32, 1.13 ],
        "scale": [ 0.2, 0.2, 0.2 ]
    },
    "thirdperson_lefthand": {
        "rotation": [ 0, 0, 0 ],
        "translation": [ 0, 1.32, 1.13 ],
        "scale": [ 0.2, 0.2, 0.2 ]
    },
    "head": {
        "rotation": [ 0, 0, 0 ],
        "translation": [ 0, 14.36, 0 ],
        "scale": [ 1, 1, 1 ]
    },
    "ground": {
        "rotation": [ 0, 0, 0 ],
        "translation": [ 0, 2.46, 0 ],
        "scale": [ 0.3, 0.3, 0.3 ]
    },
    "fixed": {
        "rotation": [ 0, 0, 0 ],
        "translation": [ 0, 0, 0 ],
        "scale": [ 1, 1, 1 ]
    },
    "firstperson_righthand": {
        "rotation": [ 0, 10, 0 ],
        "translation": [ 0, 1.2, 1 ],
        "scale": [ 0.3, 0.3, 0.3 ]
    },
    "firstperson_lefthand": {
        "rotation": [ 0, 10, 0 ],
        "translation": [ 0, 1.2, 1 ],
        "scale": [ 0.3, 0.3, 0.3 ]
    },
    "gui": {
        "rotation": [ 14, 14, 0 ],
        "translation": [ 0, 0, 0 ],
        "scale": [ 0.8, 0.8, 0.8 ]
    }
}
}