{
"__comment": "Made by (c) Yannik Pipek. Make sure to inform yourself about my therms of use before using any of my work",
"textures": {
    "particle": "blocks/redstone torch off",
    "texture": "blocks/redstone torch off"
},
"elements": [ 
{
    "from": [ 3.3125, 3.25, 7.5 ],
    "to": [ 3.5625, 13.25, 7.75 ],
    "rotation": { "origin": [ 3.3125, 13.25, 7.5 ], "axis": "z", "angle": -22.5 },
    "faces": {
        "down":  { "uv": [ 8.25, 16, 8, 15.75 ], "texture": "#texture" },
        "up":    { "uv": [ 7.5, 6.25, 7.75, 6.5 ], "texture": "#texture" },
        "north": { "uv": [ 8.25, 6, 8.5, 16 ], "texture": "#texture" },
        "south": { "uv": [ 7.5, 6, 7.75, 16 ], "texture": "#texture" },
        "west":  { "uv": [ 7.5, 6, 7.75, 16 ], "texture": "#texture" },
        "east":  { "uv": [ 8.25, 6, 8.5, 16 ], "texture": "#texture" }
    }
},
{
    "from": [ 3.25, 3.25, 8.25 ],
    "to": [ 3.5, 13, 8.5 ],
    "rotation": { "origin": [ 3.25, 13, 8.25 ], "axis": "z", "angle": -22.5 },
    "faces": {
        "down":  { "uv": [ 8.5, 16, 8.25, 15.75 ], "texture": "#texture" },
        "up":    { "uv": [ 7.5, 6.25, 7.75, 6.5 ], "texture": "#texture" },
        "north": { "uv": [ 8.25, 6.25, 8.5, 16 ], "texture": "#texture" },
        "south": { "uv": [ 7.5, 6.25, 7.75, 16 ], "texture": "#texture" },
        "west":  { "uv": [ 8.25, 6.25, 8.5, 16 ], "texture": "#texture" },
        "east":  { "uv": [ 7.5, 6.25, 7.75, 16 ], "texture": "#texture" }
    }
},
{
    "from": [ 3.75, 3.1875, 8 ],
    "to": [ 4, 13.6875, 8.25 ],
    "rotation": { "origin": [ 3.75, 13.6875, 8 ], "axis": "z", "angle": -22.5 },
    "faces": {
        "down":  { "uv": [ 8.25, 16, 8, 15.75 ], "texture": "#texture" },
        "up":    { "uv": [ 7.75, 6, 8, 6.25 ], "texture": "#texture" },
        "north": { "uv": [ 8, 5.5, 8.25, 16 ], "texture": "#texture" },
        "south": { "uv": [ 7.75, 5.5, 8, 16 ], "texture": "#texture" },
        "west":  { "uv": [ 8, 5.5, 8.25, 16 ], "texture": "#texture" },
        "east":  { "uv": [ 7.75, 5.5, 8, 16 ], "texture": "#texture" }
    }
},
{
    "from": [ 3.4375, 3.25, 7.75 ],
    "to": [ 3.6875, 13.5, 8 ],
    "rotation": { "origin": [ 3.4375, 13.5, 7.75 ], "axis": "z", "angle": -22.5 },
    "faces": {
        "down":  { "uv": [ 8.5, 16, 8.25, 15.75 ], "texture": "#texture" },
        "up":    { "uv": [ 7.5, 6.25, 7.75, 6.5 ], "texture": "#texture" },
        "north": { "uv": [ 8.25, 5.75, 8.5, 16 ], "texture": "#texture" },
        "south": { "uv": [ 7.5, 5.75, 7.75, 16 ], "texture": "#texture" },
        "west":  { "uv": [ 7.75, 5.75, 8, 16 ], "texture": "#texture" },
        "east":  { "uv": [ 8, 5.75, 8.25, 16 ], "texture": "#texture" }
    }
},
{
    "from": [ 3.875, 3.1875, 7.75 ],
    "to": [ 4.125, 13.9375, 8 ],
    "rotation": { "origin": [ 3.875, 13.9375, 7.75 ], "axis": "z", "angle": -22.5 },
    "faces": {
        "down":  { "uv": [ 8.25, 16, 8, 15.75 ], "texture": "#texture" },
        "up":    { "uv": [ 7.5, 6, 7.75, 6.25 ], "texture": "#texture" },
        "north": { "uv": [ 8, 5.25, 8.25, 16 ], "texture": "#texture" },
        "south": { "uv": [ 7.75, 5.25, 8, 16 ], "texture": "#texture" },
        "west":  { "uv": [ 7.75, 5.25, 8, 16 ], "texture": "#texture" },
        "east":  { "uv": [ 8, 5.25, 8.25, 16 ], "texture": "#texture" }
    }
},
{
    "from": [ 4.1875, 3.1875, 8 ],
    "to": [ 4.4375, 14.1875, 8.25 ],
    "rotation": { "origin": [ 4.1875, 14.1875, 8 ], "axis": "z", "angle": -22.5 },
    "faces": {
        "down":  { "uv": [ 8, 16, 7.75, 15.75 ], "texture": "#texture" },
        "up":    { "uv": [ 8, 6.25, 8.25, 6.5 ], "texture": "#texture" },
        "north": { "uv": [ 7.75, 5, 8, 16 ], "texture": "#texture" },
        "south": { "uv": [ 8, 5, 8.25, 16 ], "texture": "#texture" },
        "west":  { "uv": [ 8, 5, 8.25, 16 ], "texture": "#texture" },
        "east":  { "uv": [ 7.75, 5, 8, 16 ], "texture": "#texture" }
    }
},
{
    "from": [ 3.3125, 3.25, 8 ],
    "to": [ 3.5625, 13.25, 8.25 ],
    "rotation": { "origin": [ 3.3125, 13.25, 8 ], "axis": "z", "angle": -22.5 },
    "faces": {
        "down":  { "uv": [ 8.5, 16, 8.25, 15.75 ], "texture": "#texture" },
        "up":    { "uv": [ 7.5, 6.25, 7.75, 6.5 ], "texture": "#texture" },
        "north": { "uv": [ 8.25, 6, 8.5, 16 ], "texture": "#texture" },
        "south": { "uv": [ 7.5, 6, 7.75, 16 ], "texture": "#texture" },
        "west":  { "uv": [ 8, 6, 8.25, 16 ], "texture": "#texture" },
        "east":  { "uv": [ 7.75, 6, 8, 16 ], "texture": "#texture" }
    }
},
{
    "from": [ 3.6875, 3.25, 8.25 ],
    "to": [ 3.9375, 13.5, 8.5 ],
    "rotation": { "origin": [ 3.6875, 13.5, 8.25 ], "axis": "z", "angle": -22.5 },
    "faces": {
        "down":  { "uv": [ 8.25, 16, 8, 15.75 ], "texture": "#texture" },
        "up":    { "uv": [ 7.75, 6.5, 8, 6.75 ], "texture": "#texture" },
        "north": { "uv": [ 8, 5.75, 8.25, 16 ], "texture": "#texture" },
        "south": { "uv": [ 7.75, 5.75, 8, 16 ], "texture": "#texture" },
        "west":  { "uv": [ 8.25, 5.75, 8.5, 16 ], "texture": "#texture" },
        "east":  { "uv": [ 7.5, 5.75, 7.75, 16 ], "texture": "#texture" }
    }
},
{
    "from": [ 3.8125, 3.25, 7.75 ],
    "to": [ 4.0625, 13.25, 8 ],
    "rotation": { "origin": [ 3.8125, 13.25, 7.75 ], "axis": "z", "angle": -22.5 },
    "faces": {
        "down":  { "uv": [ 8, 16, 7.75, 15.75 ], "texture": "#texture" },
        "up":    { "uv": [ 8, 6.25, 8.25, 6.5 ], "texture": "#texture" },
        "north": { "uv": [ 7.75, 6, 8, 16 ], "texture": "#texture" },
        "south": { "uv": [ 8, 6, 8.25, 16 ], "texture": "#texture" },
        "west":  { "uv": [ 7.75, 6, 8, 16 ], "texture": "#texture" },
        "east":  { "uv": [ 8, 6, 8.25, 16 ], "texture": "#texture" }
    }
},
{
    "from": [ 4.1875, 3.25, 8 ],
    "to": [ 4.4375, 13.5, 8.25 ],
    "rotation": { "origin": [ 4.1875, 13.5, 8 ], "axis": "z", "angle": -22.5 },
    "faces": {
        "down":  { "uv": [ 7.75, 16, 7.5, 15.75 ], "texture": "#texture" },
        "up":    { "uv": [ 8.25, 6.75, 8.5, 7 ], "texture": "#texture" },
        "north": { "uv": [ 7.5, 5.75, 7.75, 16 ], "texture": "#texture" },
        "south": { "uv": [ 8.25, 5.75, 8.5, 16 ], "texture": "#texture" },
        "west":  { "uv": [ 8, 5.75, 8.25, 16 ], "texture": "#texture" },
        "east":  { "uv": [ 7.75, 5.75, 8, 16 ], "texture": "#texture" }
    }
},
{
    "from": [ 4.0625, 3.25, 8.25 ],
    "to": [ 4.3125, 13.25, 8.5 ],
    "rotation": { "origin": [ 4.0625, 13.25, 8.25 ], "axis": "z", "angle": -22.5 },
    "faces": {
        "down":  { "uv": [ 7.75, 16, 7.5, 15.75 ], "texture": "#texture" },
        "up":    { "uv": [ 8.25, 6.75, 8.5, 7 ], "texture": "#texture" },
        "north": { "uv": [ 7.5, 6, 7.75, 16 ], "texture": "#texture" },
        "south": { "uv": [ 8.25, 6, 8.5, 16 ], "texture": "#texture" },
        "west":  { "uv": [ 8.25, 6, 8.5, 16 ], "texture": "#texture" },
        "east":  { "uv": [ 7.5, 6, 7.75, 16 ], "texture": "#texture" }
    }
},
{
    "from": [ 4.25, 3.1875, 7.75 ],
    "to": [ 4.5, 13.6875, 8 ],
    "rotation": { "origin": [ 4.25, 13.6875, 7.75 ], "axis": "z", "angle": -22.5 },
    "faces": {
        "down":  { "uv": [ 7.5, 16, 7.25, 15.75 ], "texture": "#texture" },
        "up":    { "uv": [ 8.25, 6, 8.5, 6.25 ], "texture": "#texture" },
        "north": { "uv": [ 7.5, 5.5, 7.75, 16 ], "texture": "#texture" },
        "south": { "uv": [ 8.25, 5.5, 8.5, 16 ], "texture": "#texture" },
        "west":  { "uv": [ 7.75, 5.5, 8, 16 ], "texture": "#texture" },
        "east":  { "uv": [ 8, 5.5, 8.25, 16 ], "texture": "#texture" }
    }
},
{
    "from": [ 4.0625, 3.25, 7.5 ],
    "to": [ 4.3125, 13.25, 7.75 ],
    "rotation": { "origin": [ 4.0625, 13.25, 7.5 ], "axis": "z", "angle": -22.5 },
    "faces": {
        "down":  { "uv": [ 7.75, 16, 7.5, 15.75 ], "texture": "#texture" },
        "up":    { "uv": [ 8.25, 6.25, 8.5, 6.5 ], "texture": "#texture" },
        "north": { "uv": [ 7.5, 6, 7.75, 16 ], "texture": "#texture" },
        "south": { "uv": [ 8.25, 6, 8.5, 16 ], "texture": "#texture" },
        "west":  { "uv": [ 7.5, 6, 7.75, 16 ], "texture": "#texture" },
        "east":  { "uv": [ 8.25, 6, 8.5, 16 ], "texture": "#texture" }
    }
},
{
    "from": [ 3.9375, 3.25, 7.5 ],
    "to": [ 4.1875, 13.5, 7.75 ],
    "rotation": { "origin": [ 3.9375, 13.5, 7.5 ], "axis": "z", "angle": -22.5 },
    "faces": {
        "down":  { "uv": [ 8, 16, 7.75, 15.75 ], "texture": "#texture" },
        "up":    { "uv": [ 8, 6.5, 8.25, 6.75 ], "texture": "#texture" },
        "north": { "uv": [ 7.75, 5.75, 8, 16 ], "texture": "#texture" },
        "south": { "uv": [ 8, 5.75, 8.25, 16 ], "texture": "#texture" },
        "west":  { "uv": [ 7.5, 5.75, 7.75, 16 ], "texture": "#texture" },
        "east":  { "uv": [ 8.25, 5.75, 8.5, 16 ], "texture": "#texture" }
    }
},
{
    "from": [ 3.75, 3.1875, 7.5 ],
    "to": [ 4, 13.6875, 7.75 ],
    "rotation": { "origin": [ 3.75, 13.6875, 7.5 ], "axis": "z", "angle": -22.5 },
    "faces": {
        "down":  { "uv": [ 8.25, 16, 8, 15.75 ], "texture": "#texture" },
        "up":    { "uv": [ 7.75, 6.25, 8, 6.5 ], "texture": "#texture" },
        "north": { "uv": [ 8, 5.5, 8.25, 16 ], "texture": "#texture" },
        "south": { "uv": [ 7.75, 5.5, 8, 16 ], "texture": "#texture" },
        "west":  { "uv": [ 7.5, 5.5, 7.75, 16 ], "texture": "#texture" },
        "east":  { "uv": [ 8.25, 5.5, 8.5, 16 ], "texture": "#texture" }
    }
},
{
    "from": [ 4, 3.1875, 8.25 ],
    "to": [ 4.25, 13.6875, 8.5 ],
    "rotation": { "origin": [ 4, 13.6875, 8.25 ], "axis": "z", "angle": -22.5 },
    "faces": {
        "down":  { "uv": [ 8, 16, 7.75, 15.75 ], "texture": "#texture" },
        "up":    { "uv": [ 8, 6.25, 8.25, 6.5 ], "texture": "#texture" },
        "north": { "uv": [ 7.75, 5.5, 8, 16 ], "texture": "#texture" },
        "south": { "uv": [ 8, 5.5, 8.25, 16 ], "texture": "#texture" },
        "west":  { "uv": [ 8.25, 5.5, 8.5, 16 ], "texture": "#texture" },
        "east":  { "uv": [ 7.5, 5.5, 7.75, 16 ], "texture": "#texture" }
    }
},
{
    "from": [ 3.75, 3.25, 8.5 ],
    "to": [ 4, 13, 8.75 ],
    "rotation": { "origin": [ 3.75, 13, 8.5 ], "axis": "z", "angle": -22.5 },
    "faces": {
        "down":  { "uv": [ 7.75, 16, 7.5, 15.75 ], "texture": "#texture" },
        "up":    { "uv": [ 8.25, 6, 8.5, 6.25 ], "texture": "#texture" },
        "north": { "uv": [ 7.75, 6.25, 8, 16 ], "texture": "#texture" },
        "south": { "uv": [ 8, 6.25, 8.25, 16 ], "texture": "#texture" },
        "west":  { "uv": [ 8.5, 6.25, 8.75, 16 ], "texture": "#texture" },
        "east":  { "uv": [ 7.25, 6.25, 7.5, 16 ], "texture": "#texture" }
    }
},
{
    "from": [ 3.5625, 3.25, 8.5 ],
    "to": [ 3.8125, 13.25, 8.75 ],
    "rotation": { "origin": [ 3.5625, 13.25, 8.5 ], "axis": "z", "angle": -22.5 },
    "faces": {
        "down":  { "uv": [ 8.25, 16, 8, 15.75 ], "texture": "#texture" },
        "up":    { "uv": [ 7.75, 6, 8, 6.25 ], "texture": "#texture" },
        "north": { "uv": [ 8, 6, 8.25, 16 ], "texture": "#texture" },
        "south": { "uv": [ 7.75, 6, 8, 16 ], "texture": "#texture" },
        "west":  { "uv": [ 8.5, 6, 8.75, 16 ], "texture": "#texture" },
        "east":  { "uv": [ 7.25, 6, 7.5, 16 ], "texture": "#texture" }
    }
},
{
    "from": [ 3.5, 3.25, 7.25 ],
    "to": [ 3.75, 13, 7.5 ],
    "rotation": { "origin": [ 3.5, 13, 7.25 ], "axis": "z", "angle": -22.5 },
    "faces": {
        "down":  { "uv": [ 8, 16, 7.75, 15.75 ], "texture": "#texture" },
        "up":    { "uv": [ 7.75, 6.25, 8, 6.5 ], "texture": "#texture" },
        "north": { "uv": [ 8, 6.25, 8.25, 16 ], "texture": "#texture" },
        "south": { "uv": [ 7.75, 6.25, 8, 16 ], "texture": "#texture" },
        "west":  { "uv": [ 7.25, 6.25, 7.5, 16 ], "texture": "#texture" },
        "east":  { "uv": [ 8.5, 6.25, 8.75, 16 ], "texture": "#texture" }
    }
},
{
    "from": [ 3.625, 3.25, 7.25 ],
    "to": [ 3.875, 12.75, 7.5 ],
    "rotation": { "origin": [ 3.625, 12.75, 7.25 ], "axis": "z", "angle": -22.5 },
    "faces": {
        "down":  { "uv": [ 7.75, 16, 7.5, 15.75 ], "texture": "#texture" },
        "up":    { "uv": [ 8, 6.5, 8.25, 6.75 ], "texture": "#texture" },
        "north": { "uv": [ 7.75, 6.5, 8, 16 ], "texture": "#texture" },
        "south": { "uv": [ 8, 6.5, 8.25, 16 ], "texture": "#texture" },
        "west":  { "uv": [ 7.25, 6.5, 7.5, 16 ], "texture": "#texture" },
        "east":  { "uv": [ 8.5, 6.5, 8.75, 16 ], "texture": "#texture" }
    }
},
{
    "from": [ 4.125, 3.25, 8 ],
    "to": [ 4.375, 12.75, 8.25 ],
    "rotation": { "origin": [ 4.125, 12.75, 8 ], "axis": "z", "angle": -22.5 },
    "faces": {
        "down":  { "uv": [ 7.5, 16, 7.25, 15.75 ], "texture": "#texture" },
        "up":    { "uv": [ 8.5, 6, 8.75, 6.25 ], "texture": "#texture" },
        "north": { "uv": [ 7.25, 6.5, 7.5, 16 ], "texture": "#texture" },
        "south": { "uv": [ 8.5, 6.5, 8.75, 16 ], "texture": "#texture" },
        "west":  { "uv": [ 8, 6.5, 8.25, 16 ], "texture": "#texture" },
        "east":  { "uv": [ 7.75, 6.5, 8, 16 ], "texture": "#texture" }
    }
},
{
    "from": [ 4.0625, 3.3125, 7.75 ],
    "to": [ 4.3125, 12.5625, 8 ],
    "rotation": { "origin": [ 4.0625, 12.5625, 7.75 ], "axis": "z", "angle": -22.5 },
    "faces": {
        "down":  { "uv": [ 7.5, 16, 7.25, 15.75 ], "texture": "#texture" },
        "up":    { "uv": [ 8.25, 6, 8.5, 6.25 ], "texture": "#texture" },
        "north": { "uv": [ 7.25, 6.75, 7.5, 16 ], "texture": "#texture" },
        "south": { "uv": [ 8.5, 6.75, 8.75, 16 ], "texture": "#texture" },
        "west":  { "uv": [ 7.75, 6.75, 8, 16 ], "texture": "#texture" },
        "east":  { "uv": [ 8, 6.75, 8.25, 16 ], "texture": "#texture" }
    }
},
{
    "from": [ 2.8125, 3.3125, 7.75 ],
    "to": [ 3.0625, 12.5625, 8 ],
    "rotation": { "origin": [ 2.8125, 12.5625, 7.75 ], "axis": "z", "angle": -22.5 },
    "faces": {
        "down":  { "uv": [ 8.75, 16, 8.5, 15.75 ], "texture": "#texture" },
        "up":    { "uv": [ 7.25, 6.25, 7.5, 6.5 ], "texture": "#texture" },
        "north": { "uv": [ 8.5, 6.75, 8.75, 16 ], "texture": "#texture" },
        "south": { "uv": [ 7.25, 6.75, 7.5, 16 ], "texture": "#texture" },
        "west":  { "uv": [ 7.75, 6.75, 8, 16 ], "texture": "#texture" },
        "east":  { "uv": [ 8, 6.75, 8.25, 16 ], "texture": "#texture" }
    }
},
{
    "from": [ 2.875, 3.25, 8 ],
    "to": [ 3.125, 12.75, 8.25 ],
    "rotation": { "origin": [ 2.875, 12.75, 8 ], "axis": "z", "angle": -22.5 },
    "faces": {
        "down":  { "uv": [ 8.5, 16, 8.25, 15.75 ], "texture": "#texture" },
        "up":    { "uv": [ 8.25, 6, 8.5, 6.25 ], "texture": "#texture" },
        "north": { "uv": [ 8.5, 6.5, 8.75, 16 ], "texture": "#texture" },
        "south": { "uv": [ 7.25, 6.5, 7.5, 16 ], "texture": "#texture" },
        "west":  { "uv": [ 8, 6.5, 8.25, 16 ], "texture": "#texture" },
        "east":  { "uv": [ 7.75, 6.5, 8, 16 ], "texture": "#texture" }
    }
}
],
"display": {
    "thirdperson": {
        "rotation": [ -90, 0, 0 ],
        "translation": [ 0.1, 0.7, -4 ],
        "scale": [ 1, 1, 1 ]
    },
    "head": {
        "rotation": [ 0, 0, 0 ],
        "translation": [ 0, 9.4, 0 ],
        "scale": [ 1.5, 1.5, 1.5 ]
    },
    "ground": {
        "rotation": [ 0, 0, 0 ],
        "translation": [ 0, -6, 0 ],
        "scale": [ 2, 2, 2 ]
    },
    "fixed": {
        "rotation": [ 0, 0, 0 ],
        "translation": [ 0, 2.6, -1.1 ],
        "scale": [ 3, 3, 3 ]
    },
    "firstperson": {
        "rotation": [ 0, 0, 0 ],
        "translation": [ 0, 3.1, -2 ],
        "scale": [ 1.3, 1.3, 1.3 ]
    },
    "gui": {
        "rotation": [ 0, 0, 0 ],
        "translation": [ 0, 1.5, 0 ],
        "scale": [ 2, 2, 2 ]
    }
}
}